window_index,start_frame,end_frame,center_frame,action_label,action_fraction,subtask_label,subtask_fraction
0,0,19,9,Pick up kettle,1.0,Pick up and position kettle,1.0
1,5,24,14,Pick up kettle,1.0,Pick up and position kettle,1.0
2,10,29,19,Pick up kettle,1.0,Pick up and position kettle,1.0
3,15,34,24,Pick up kettle,1.0,Pick up and position kettle,1.0
4,20,39,29,Pick up kettle,1.0,Pick up and position kettle,1.0
5,25,44,34,Pick up kettle,1.0,Pick up and position kettle,1.0
6,30,49,39,Pick up kettle,1.0,Pick up and position kettle,1.0
7,35,54,44,Pick up kettle,1.0,Pick up and position kettle,1.0
8,40,59,49,Pick up kettle,1.0,Pick up and position kettle,1.0
9,45,64,54,Pick up kettle,1.0,Pick up and position kettle,1.0
10,50,69,59,Pick up kettle,1.0,Pick up and position kettle,1.0
11,55,74,64,Pick up kettle,1.0,Pick up and position kettle,1.0
12,60,79,69,Pick up kettle,1.0,Pick up and position kettle,1.0
13,65,84,74,Pick up kettle,1.0,Pick up and position kettle,1.0
14,70,89,79,Pick up kettle,1.0,Pick up and position kettle,1.0
15,75,94,84,Pick up kettle,1.0,Pick up and position kettle,1.0
16,80,99,89,Pick up kettle,1.0,Pick up and position kettle,1.0
17,85,104,94,Pick up kettle,1.0,Pick up and position kettle,1.0
18,90,109,99,Pick up kettle,1.0,Pick up and position kettle,1.0
19,95,114,104,Pick up kettle,1.0,Pick up and position kettle,1.0
20,100,119,109,Pick up kettle,1.0,Pick up and position kettle,1.0
21,105,124,114,Pick up kettle,1.0,Pick up and position kettle,1.0
22,110,129,119,Pick up kettle,1.0,Pick up and position kettle,1.0
23,115,134,124,Pick up kettle,1.0,Pick up and position kettle,1.0
24,120,139,129,Pick up kettle,1.0,Pick up and position kettle,1.0
25,125,144,134,Pick up kettle,1.0,Pick up and position kettle,1.0
26,130,149,139,Pick up kettle,1.0,Pick up and position kettle,1.0
27,135,154,144,Pick up kettle,1.0,Pick up and position kettle,1.0
28,140,159,149,Pick up kettle,1.0,Pick up and position kettle,1.0
29,145,164,154,Pick up kettle,0.75,Pick up and position kettle,1.0
30,150,169,159,,0.5,Pick up and position kettle,1.0
31,155,174,164,Position kettle to pour,0.75,Pick up and position kettle,1.0
32,160,179,169,Position kettle to pour,1.0,Pick up and position kettle,1.0
33,165,184,174,Position kettle to pour,1.0,Pick up and position kettle,1.0
34,170,189,179,Position kettle to pour,1.0,Pick up and position kettle,1.0
35,175,194,184,Position kettle to pour,1.0,Pick up and position kettle,1.0
36,180,199,189,Position kettle to pour,1.0,Pick up and position kettle,1.0
37,185,204,194,Position kettle to pour,1.0,Pick up and position kettle,1.0
38,190,209,199,Position kettle to pour,1.0,Pick up and position kettle,1.0
39,195,214,204,Position kettle to pour,1.0,Pick up and position kettle,1.0
40,200,219,209,Position kettle to pour,1.0,Pick up and position kettle,1.0
41,205,224,214,Position kettle to pour,1.0,Pick up and position kettle,1.0
42,210,229,219,Position kettle to pour,1.0,Pick up and position kettle,1.0
43,215,234,224,Position kettle to pour,1.0,Pick up and position kettle,1.0
44,220,239,229,Position kettle to pour,1.0,Pick up and position kettle,1.0
45,225,244,234,Position kettle to pour,1.0,Pick up and position kettle,1.0
46,230,249,239,Position kettle to pour,1.0,Pick up and position kettle,1.0
47,235,254,244,Position kettle to pour,1.0,Pick up and position kettle,1.0
48,240,259,249,Position kettle to pour,1.0,Pick up and position kettle,1.0
49,245,264,254,Position kettle to pour,1.0,Pick up and position kettle,1.0
50,250,269,259,Position kettle to pour,1.0,Pick up and position kettle,1.0
51,255,274,264,Position kettle to pour,1.0,Pick up and position kettle,1.0
52,260,279,269,Position kettle to pour,1.0,Pick up and position kettle,1.0
53,265,284,274,Position kettle to pour,1.0,Pick up and position kettle,1.0
54,270,289,279,Position kettle to pour,1.0,Pick up and position kettle,1.0
55,275,294,284,Position kettle to pour,1.0,Pick up and position kettle,1.0
56,280,299,289,Position kettle to pour,1.0,Pick up and position kettle,1.0
57,285,304,294,Position kettle to pour,1.0,Pick up and position kettle,1.0
58,290,309,299,Position kettle to pour,1.0,Pick up and position kettle,1.0
59,295,314,304,Position kettle to pour,1.0,Pick up and position kettle,1.0
60,300,319,309,Position kettle to pour,1.0,Pick up and position kettle,1.0
61,305,324,314,Position kettle to pour,1.0,Pick up and position kettle,1.0
62,310,329,319,Position kettle to pour,1.0,Pick up and position kettle,1.0
63,315,334,324,Position kettle to pour,1.0,Pick up and position kettle,1.0
64,320,339,329,Position kettle to pour,1.0,Pick up and position kettle,1.0
65,325,344,334,Position kettle to pour,1.0,Pick up and position kettle,1.0
66,330,349,339,Position kettle to pour,1.0,Pick up and position kettle,1.0
67,335,354,344,Position kettle to pour,1.0,Pick up and position kettle,1.0
68,340,359,349,Position kettle to pour,1.0,Pick up and position kettle,1.0
69,345,364,354,Position kettle to pour,1.0,Pick up and position kettle,1.0
70,350,369,359,Position kettle to pour,1.0,Pick up and position kettle,1.0
71,355,374,364,Position kettle to pour,1.0,Pick up and position kettle,1.0
72,360,379,369,Position kettle to pour,1.0,Pick up and position kettle,1.0
73,365,384,374,Position kettle to pour,1.0,Pick up and position kettle,1.0
74,370,389,379,Position kettle to pour,1.0,Pick up and position kettle,1.0
75,375,394,384,Position kettle to pour,1.0,Pick up and position kettle,1.0
76,380,399,389,Position kettle to pour,1.0,Pick up and position kettle,1.0
77,385,404,394,Position kettle to pour,1.0,Pick up and position kettle,1.0
78,390,409,399,Position kettle to pour,1.0,Pick up and position kettle,1.0
79,395,414,404,Position kettle to pour,1.0,Pick up and position kettle,1.0
80,400,419,409,Position kettle to pour,1.0,Pick up and position kettle,1.0
81,405,424,414,Position kettle to pour,1.0,Pick up and position kettle,1.0
82,410,429,419,Position kettle to pour,1.0,Pick up and position kettle,1.0
83,415,434,424,Position kettle to pour,1.0,Pick up and position kettle,1.0
84,420,439,429,Position kettle to pour,1.0,Pick up and position kettle,1.0
85,425,444,434,Position kettle to pour,1.0,Pick up and position kettle,1.0
86,430,449,439,Position kettle to pour,1.0,Pick up and position kettle,1.0
87,435,454,444,Position kettle to pour,1.0,Pick up and position kettle,1.0
88,440,459,449,Position kettle to pour,1.0,Pick up and position kettle,1.0
89,445,464,454,Position kettle to pour,1.0,Pick up and position kettle,1.0
90,450,469,459,Position kettle to pour,1.0,Pick up and position kettle,1.0
91,455,474,464,Position kettle to pour,1.0,Pick up and position kettle,1.0
92,460,479,469,Position kettle to pour,1.0,Pick up and position kettle,1.0
93,465,484,474,Position kettle to pour,1.0,Pick up and position kettle,1.0
94,470,489,479,Position kettle to pour,1.0,Pick up and position kettle,1.0
95,475,494,484,Position kettle to pour,1.0,Pick up and position kettle,1.0
96,480,499,489,Position kettle to pour,1.0,Pick up and position kettle,1.0
97,485,504,494,Position kettle to pour,1.0,Pick up and position kettle,1.0
98,490,509,499,Position kettle to pour,1.0,Pick up and position kettle,1.0
99,495,514,504,Position kettle to pour,1.0,Pick up and position kettle,1.0
100,500,519,509,Position kettle to pour,1.0,Pick up and position kettle,1.0
101,505,524,514,Position kettle to pour,1.0,Pick up and position kettle,1.0
102,510,529,519,Position kettle to pour,1.0,Pick up and position kettle,1.0
103,515,534,524,Position kettle to pour,1.0,Pick up and position kettle,1.0
104,520,539,529,Position kettle to pour,1.0,Pick up and position kettle,1.0
105,525,544,534,Position kettle to pour,1.0,Pick up and position kettle,1.0
106,530,549,539,Position kettle to pour,1.0,Pick up and position kettle,1.0
107,535,554,544,Position kettle to pour,1.0,Pick up and position kettle,1.0
108,540,559,549,Position kettle to pour,1.0,Pick up and position kettle,1.0
109,545,564,554,Position kettle to pour,1.0,Pick up and position kettle,1.0
110,550,569,559,Position kettle to pour,1.0,Pick up and position kettle,1.0
111,555,574,564,Position kettle to pour,1.0,Pick up and position kettle,1.0
112,560,579,569,Position kettle to pour,1.0,Pick up and position kettle,1.0
113,565,584,574,Position kettle to pour,1.0,Pick up and position kettle,1.0
114,570,589,579,Position kettle to pour,1.0,Pick up and position kettle,1.0
115,575,594,584,Position kettle to pour,1.0,Pick up and position kettle,1.0
116,580,599,589,Position kettle to pour,1.0,Pick up and position kettle,1.0
117,585,604,594,Position kettle to pour,1.0,Pick up and position kettle,1.0
118,590,609,599,Position kettle to pour,1.0,Pick up and position kettle,1.0
119,595,614,604,Position kettle to pour,1.0,Pick up and position kettle,1.0
120,600,619,609,Position kettle to pour,1.0,Pick up and position kettle,1.0
121,605,624,614,Position kettle to pour,1.0,Pick up and position kettle,1.0
122,610,629,619,Position kettle to pour,1.0,Pick up and position kettle,1.0
123,615,634,624,Position kettle to pour,1.0,Pick up and position kettle,1.0
124,620,639,629,Position kettle to pour,1.0,Pick up and position kettle,1.0
125,625,644,634,Position kettle to pour,1.0,Pick up and position kettle,1.0
126,630,649,639,Position kettle to pour,1.0,Pick up and position kettle,1.0
127,635,654,644,Position kettle to pour,1.0,Pick up and position kettle,1.0
128,640,659,649,Position kettle to pour,1.0,Pick up and position kettle,1.0
129,645,664,654,Position kettle to pour,1.0,Pick up and position kettle,1.0
130,650,669,659,Position kettle to pour,1.0,Pick up and position kettle,1.0
131,655,674,664,Position kettle to pour,1.0,Pick up and position kettle,1.0
132,660,679,669,Position kettle to pour,1.0,Pick up and position kettle,1.0
133,665,684,674,Position kettle to pour,1.0,Pick up and position kettle,1.0
134,670,689,679,Position kettle to pour,1.0,Pick up and position kettle,1.0
135,675,694,684,Position kettle to pour,1.0,Pick up and position kettle,1.0
136,680,699,689,Position kettle to pour,1.0,Pick up and position kettle,1.0
137,685,704,694,Position kettle to pour,1.0,Pick up and position kettle,1.0
138,690,709,699,Position kettle to pour,1.0,Pick up and position kettle,1.0
139,695,714,704,Position kettle to pour,1.0,Pick up and position kettle,1.0
140,700,719,709,Position kettle to pour,1.0,Pick up and position kettle,1.0
141,705,724,714,Position kettle to pour,1.0,Pick up and position kettle,1.0
142,710,729,719,Position kettle to pour,1.0,Pick up and position kettle,1.0
143,715,734,724,Position kettle to pour,1.0,Pick up and position kettle,1.0
144,720,739,729,Position kettle to pour,1.0,Pick up and position kettle,1.0
145,725,744,734,Position kettle to pour,1.0,Pick up and position kettle,1.0
146,730,749,739,Position kettle to pour,1.0,Pick up and position kettle,1.0
147,735,754,744,Position kettle to pour,1.0,Pick up and position kettle,1.0
148,740,759,749,Position kettle to pour,1.0,Pick up and position kettle,1.0
149,745,764,754,Position kettle to pour,1.0,Pick up and position kettle,0.8
150,750,769,759,Position kettle to pour,1.0,,0.55
151,755,774,764,Position kettle to pour,1.0,Position kettle to pour,0.7
152,760,779,769,Position kettle to pour,1.0,Position kettle to pour,0.95
153,765,784,774,Position kettle to pour,1.0,Position kettle to pour,1.0
154,770,789,779,Position kettle to pour,1.0,Position kettle to pour,1.0
155,775,794,784,Position kettle to pour,1.0,Position kettle to pour,1.0
156,780,799,789,Position kettle to pour,1.0,Position kettle to pour,1.0
157,785,804,794,Position kettle to pour,0.75,Position kettle to pour,0.75
158,790,809,799,,0.5,,0.5
159,795,814,804,Move kettle,0.75,Move kettle,0.75
160,800,819,809,Move kettle,1.0,Move kettle,1.0
161,805,824,814,Move kettle,1.0,Move kettle,1.0
162,810,829,819,Move kettle,1.0,Move kettle,1.0
163,815,834,824,Move kettle,1.0,Move kettle,1.0
164,820,839,829,Move kettle,1.0,Move kettle,1.0
165,825,844,834,Move kettle,1.0,Move kettle,1.0
166,830,849,839,Move kettle,1.0,Move kettle,1.0
167,835,854,844,Move kettle,1.0,Move kettle,1.0
168,840,859,849,Move kettle,1.0,Move kettle,1.0
169,845,864,854,Move kettle,1.0,Move kettle,1.0
170,850,869,859,Move kettle,1.0,Move kettle,1.0
171,855,874,864,Move kettle,1.0,Move kettle,1.0
172,860,879,869,Move kettle,1.0,Move kettle,1.0
173,865,884,874,Move kettle,1.0,Move kettle,1.0
174,870,889,879,Move kettle,1.0,Move kettle,1.0
175,875,894,884,Move kettle,1.0,Move kettle,1.0
176,880,899,889,Move kettle,1.0,Move kettle,1.0
177,885,904,894,Move kettle,1.0,Move kettle,1.0
178,890,909,899,Move kettle,1.0,Move kettle,1.0
179,895,914,904,Move kettle,1.0,Move kettle,1.0
180,900,919,909,Move kettle,1.0,Move kettle,1.0
181,905,924,914,Move kettle,1.0,Move kettle,1.0
182,910,929,919,Move kettle,1.0,Move kettle,1.0
183,915,934,924,Move kettle,1.0,Move kettle,1.0
184,920,939,929,Move kettle,1.0,Move kettle,1.0
185,925,944,934,Move kettle,1.0,Move kettle,1.0
186,930,949,939,Move kettle,1.0,Move kettle,1.0
187,935,954,944,Move kettle,1.0,Move kettle,1.0
188,940,959,949,Move kettle,1.0,Move kettle,1.0
189,945,964,954,Move kettle,1.0,Move kettle,1.0
190,950,969,959,Move kettle,1.0,Move kettle,1.0
191,955,974,964,Move kettle,1.0,Move kettle,1.0
192,960,979,969,Move kettle,1.0,Move kettle,1.0
193,965,984,974,Move kettle,1.0,Move kettle,1.0
194,970,989,979,Move kettle,1.0,Move kettle,1.0
195,975,994,984,Move kettle,1.0,Move kettle,1.0
196,980,999,989,Move kettle,1.0,Move kettle,1.0
197,985,1004,994,Move kettle,0.75,Move kettle,0.75
198,990,1009,999,,0.5,,0.5
199,995,1014,1004,Hold coffee carafe,0.75,Prepare coffee equipment and scoop grounds,0.75
200,1000,1019,1009,Hold coffee carafe,1.0,Prepare coffee equipment and scoop grounds,1.0
201,1005,1024,1014,Hold coffee carafe,1.0,Prepare coffee equipment and scoop grounds,1.0
202,1010,1029,1019,Hold coffee carafe,1.0,Prepare coffee equipment and scoop grounds,1.0
203,1015,1034,1024,Hold coffee carafe,1.0,Prepare coffee equipment and scoop grounds,1.0
204,1020,1039,1029,Hold coffee carafe,1.0,Prepare coffee equipment and scoop grounds,1.0
205,1025,1044,1034,Hold coffee carafe,1.0,Prepare coffee equipment and scoop grounds,1.0
206,1030,1049,1039,Hold coffee carafe,1.0,Prepare coffee equipment and scoop grounds,1.0
207,1035,1054,1044,Hold coffee carafe,1.0,Prepare coffee equipment and scoop grounds,1.0
208,1040,1059,1049,Hold coffee carafe,1.0,Prepare coffee equipment and scoop grounds,1.0
209,1045,1064,1054,Hold coffee carafe,1.0,Prepare coffee equipment and scoop grounds,1.0
210,1050,1069,1059,Hold coffee carafe,1.0,Prepare coffee equipment and scoop grounds,1.0
211,1055,1074,1064,Hold coffee carafe,1.0,Prepare coffee equipment and scoop grounds,1.0
212,1060,1079,1069,Hold coffee carafe,1.0,Prepare coffee equipment and scoop grounds,1.0
213,1065,1084,1074,Hold coffee carafe,1.0,Prepare coffee equipment and scoop grounds,1.0
214,1070,1089,1079,Hold coffee carafe,1.0,Prepare coffee equipment and scoop grounds,1.0
215,1075,1094,1084,Hold coffee carafe,1.0,Prepare coffee equipment and scoop grounds,1.0
216,1080,1099,1089,Hold coffee carafe,1.0,Prepare coffee equipment and scoop grounds,1.0
217,1085,1104,1094,Hold coffee carafe,1.0,Prepare coffee equipment and scoop grounds,1.0
218,1090,1109,1099,Hold coffee carafe,1.0,Prepare coffee equipment and scoop grounds,1.0
219,1095,1114,1104,Hold coffee carafe,1.0,Prepare coffee equipment and scoop grounds,1.0
220,1100,1119,1109,Hold coffee carafe,1.0,Prepare coffee equipment and scoop grounds,1.0
221,1105,1124,1114,Hold coffee carafe,1.0,Prepare coffee equipment and scoop grounds,1.0
222,1110,1129,1119,Hold coffee carafe,1.0,Prepare coffee equipment and scoop grounds,1.0
223,1115,1134,1124,Hold coffee carafe,1.0,Prepare coffee equipment and scoop grounds,1.0
224,1120,1139,1129,Hold coffee carafe,1.0,Prepare coffee equipment and scoop grounds,1.0
225,1125,1144,1134,Hold coffee carafe,1.0,Prepare coffee equipment and scoop grounds,1.0
226,1130,1149,1139,Hold coffee carafe,1.0,Prepare coffee equipment and scoop grounds,1.0
227,1135,1154,1144,Hold coffee carafe,1.0,Prepare coffee equipment and scoop grounds,1.0
228,1140,1159,1149,Hold coffee carafe,1.0,Prepare coffee equipment and scoop grounds,1.0
229,1145,1164,1154,Hold coffee carafe,1.0,Prepare coffee equipment and scoop grounds,1.0
230,1150,1169,1159,Hold coffee carafe,1.0,Prepare coffee equipment and scoop grounds,1.0
231,1155,1174,1164,Hold coffee carafe,1.0,Prepare coffee equipment and scoop grounds,1.0
232,1160,1179,1169,Hold coffee carafe,1.0,Prepare coffee equipment and scoop grounds,1.0
233,1165,1184,1174,Hold coffee carafe,1.0,Prepare coffee equipment and scoop grounds,1.0
234,1170,1189,1179,Hold coffee carafe,1.0,Prepare coffee equipment and scoop grounds,1.0
235,1175,1194,1184,Hold coffee carafe,1.0,Prepare coffee equipment and scoop grounds,1.0
236,1180,1199,1189,Hold coffee carafe,1.0,Prepare coffee equipment and scoop grounds,1.0
237,1185,1204,1194,Hold coffee carafe,1.0,Prepare coffee equipment and scoop grounds,1.0
238,1190,1209,1199,Hold coffee carafe,1.0,Prepare coffee equipment and scoop grounds,1.0
239,1195,1214,1204,Hold coffee carafe,1.0,Prepare coffee equipment and scoop grounds,1.0
240,1200,1219,1209,Hold coffee carafe,1.0,Prepare coffee equipment and scoop grounds,1.0
241,1205,1224,1214,Hold coffee carafe,1.0,Prepare coffee equipment and scoop grounds,1.0
242,1210,1229,1219,Hold coffee carafe,1.0,Prepare coffee equipment and scoop grounds,1.0
243,1215,1234,1224,Hold coffee carafe,1.0,Prepare coffee equipment and scoop grounds,1.0
244,1220,1239,1229,Hold coffee carafe,1.0,Prepare coffee equipment and scoop grounds,1.0
245,1225,1244,1234,Hold coffee carafe,0.75,Prepare coffee equipment and scoop grounds,1.0
246,1230,1249,1239,,0.5,Prepare coffee equipment and scoop grounds,1.0
247,1235,1254,1244,Grasp coffee scoop,0.75,Prepare coffee equipment and scoop grounds,1.0
248,1240,1259,1249,Grasp coffee scoop,1.0,Prepare coffee equipment and scoop grounds,1.0
249,1245,1264,1254,Grasp coffee scoop,1.0,Prepare coffee equipment and scoop grounds,1.0
250,1250,1269,1259,Grasp coffee scoop,1.0,Prepare coffee equipment and scoop grounds,1.0
251,1255,1274,1264,Grasp coffee scoop,1.0,Prepare coffee equipment and scoop grounds,1.0
252,1260,1279,1269,Grasp coffee scoop,1.0,Prepare coffee equipment and scoop grounds,1.0
253,1265,1284,1274,Grasp coffee scoop,1.0,Prepare coffee equipment and scoop grounds,1.0
254,1270,1289,1279,Grasp coffee scoop,1.0,Prepare coffee equipment and scoop grounds,1.0
255,1275,1294,1284,Grasp coffee scoop,1.0,Prepare coffee equipment and scoop grounds,1.0
256,1280,1299,1289,Grasp coffee scoop,1.0,Prepare coffee equipment and scoop grounds,1.0
257,1285,1304,1294,Grasp coffee scoop,1.0,Prepare coffee equipment and scoop grounds,1.0
258,1290,1309,1299,Grasp coffee scoop,1.0,Prepare coffee equipment and scoop grounds,1.0
259,1295,1314,1304,Grasp coffee scoop,1.0,Prepare coffee equipment and scoop grounds,1.0
260,1300,1319,1309,Grasp coffee scoop,1.0,Prepare coffee equipment and scoop grounds,1.0
261,1305,1324,1314,Grasp coffee scoop,1.0,Prepare coffee equipment and scoop grounds,1.0
262,1310,1329,1319,Grasp coffee scoop,1.0,Prepare coffee equipment and scoop grounds,1.0
263,1315,1334,1324,Grasp coffee scoop,1.0,Prepare coffee equipment and scoop grounds,1.0
264,1320,1339,1329,Grasp coffee scoop,1.0,Prepare coffee equipment and scoop grounds,1.0
265,1325,1344,1334,Grasp coffee scoop,1.0,Prepare coffee equipment and scoop grounds,1.0
266,1330,1349,1339,Grasp coffee scoop,1.0,Prepare coffee equipment and scoop grounds,1.0
267,1335,1354,1344,Grasp coffee scoop,1.0,Prepare coffee equipment and scoop grounds,1.0
268,1340,1359,1349,Grasp coffee scoop,1.0,Prepare coffee equipment and scoop grounds,1.0
269,1345,1364,1354,Grasp coffee scoop,1.0,Prepare coffee equipment and scoop grounds,1.0
270,1350,1369,1359,Grasp coffee scoop,1.0,Prepare coffee equipment and scoop grounds,1.0
271,1355,1374,1364,Grasp coffee scoop,1.0,Prepare coffee equipment and scoop grounds,1.0
272,1360,1379,1369,Grasp coffee scoop,1.0,Prepare coffee equipment and scoop grounds,1.0
273,1365,1384,1374,Grasp coffee scoop,1.0,Prepare coffee equipment and scoop grounds,1.0
274,1370,1389,1379,Grasp coffee scoop,1.0,Prepare coffee equipment and scoop grounds,1.0
275,1375,1394,1384,Grasp coffee scoop,1.0,Prepare coffee equipment and scoop grounds,1.0
276,1380,1399,1389,Grasp coffee scoop,1.0,Prepare coffee equipment and scoop grounds,1.0
277,1385,1404,1394,Grasp coffee scoop,1.0,Prepare coffee equipment and scoop grounds,1.0
278,1390,1409,1399,Grasp coffee scoop,1.0,Prepare coffee equipment and scoop grounds,1.0
279,1395,1414,1404,Grasp coffee scoop,1.0,Prepare coffee equipment and scoop grounds,1.0
280,1400,1419,1409,Grasp coffee scoop,1.0,Prepare coffee equipment and scoop grounds,1.0
281,1405,1424,1414,Grasp coffee scoop,1.0,Prepare coffee equipment and scoop grounds,1.0
282,1410,1429,1419,Grasp coffee scoop,1.0,Prepare coffee equipment and scoop grounds,1.0
283,1415,1434,1424,Grasp coffee scoop,1.0,Prepare coffee equipment and scoop grounds,1.0
284,1420,1439,1429,Grasp coffee scoop,1.0,Prepare coffee equipment and scoop grounds,1.0
285,1425,1444,1434,Grasp coffee scoop,1.0,Prepare coffee equipment and scoop grounds,1.0
286,1430,1449,1439,Grasp coffee scoop,1.0,Prepare coffee equipment and scoop grounds,1.0
287,1435,1454,1444,Grasp coffee scoop,1.0,Prepare coffee equipment and scoop grounds,1.0
288,1440,1459,1449,Grasp coffee scoop,1.0,Prepare coffee equipment and scoop grounds,1.0
289,1445,1464,1454,Grasp coffee scoop,1.0,Prepare coffee equipment and scoop grounds,1.0
290,1450,1469,1459,Grasp coffee scoop,1.0,Prepare coffee equipment and scoop grounds,1.0
291,1455,1474,1464,Grasp coffee scoop,1.0,Prepare coffee equipment and scoop grounds,1.0
292,1460,1479,1469,Grasp coffee scoop,1.0,Prepare coffee equipment and scoop grounds,1.0
293,1465,1484,1474,Grasp coffee scoop,1.0,Prepare coffee equipment and scoop grounds,1.0
294,1470,1489,1479,Grasp coffee scoop,1.0,Prepare coffee equipment and scoop grounds,1.0
295,1475,1494,1484,Grasp coffee scoop,1.0,Prepare coffee equipment and scoop grounds,1.0
296,1480,1499,1489,Grasp coffee scoop,1.0,Prepare coffee equipment and scoop grounds,1.0
297,1485,1504,1494,Grasp coffee scoop,1.0,Prepare coffee equipment and scoop grounds,1.0
298,1490,1509,1499,Grasp coffee scoop,1.0,Prepare coffee equipment and scoop grounds,1.0
299,1495,1514,1504,Grasp coffee scoop,1.0,Prepare coffee equipment and scoop grounds,1.0
300,1500,1519,1509,Grasp coffee scoop,1.0,Prepare coffee equipment and scoop grounds,1.0
301,1505,1524,1514,Grasp coffee scoop,1.0,Prepare coffee equipment and scoop grounds,1.0
302,1510,1529,1519,Grasp coffee scoop,1.0,Prepare coffee equipment and scoop grounds,1.0
303,1515,1534,1524,Grasp coffee scoop,1.0,Prepare coffee equipment and scoop grounds,1.0
304,1520,1539,1529,Grasp coffee scoop,1.0,Prepare coffee equipment and scoop grounds,1.0
305,1525,1544,1534,Grasp coffee scoop,1.0,Prepare coffee equipment and scoop grounds,1.0
306,1530,1549,1539,Grasp coffee scoop,1.0,Prepare coffee equipment and scoop grounds,1.0
307,1535,1554,1544,Grasp coffee scoop,1.0,Prepare coffee equipment and scoop grounds,1.0
308,1540,1559,1549,Grasp coffee scoop,1.0,Prepare coffee equipment and scoop grounds,1.0
309,1545,1564,1554,Grasp coffee scoop,0.8,Prepare coffee equipment and scoop grounds,0.8
310,1550,1569,1559,,0.55,,0.55
311,1555,1574,1564,Transfer coffee to dripper,0.7,Transfer coffee grounds to dripper,0.7
312,1560,1579,1569,Transfer coffee to dripper,0.95,Transfer coffee grounds to dripper,0.95
313,1565,1584,1574,Transfer coffee to dripper,1.0,Transfer coffee grounds to dripper,1.0
314,1570,1589,1579,Transfer coffee to dripper,1.0,Transfer coffee grounds to dripper,1.0
315,1575,1594,1584,Transfer coffee to dripper,1.0,Transfer coffee grounds to dripper,1.0
316,1580,1599,1589,Transfer coffee to dripper,1.0,Transfer coffee grounds to dripper,1.0
317,1585,1604,1594,Transfer coffee to dripper,1.0,Transfer coffee grounds to dripper,1.0
318,1590,1609,1599,Transfer coffee to dripper,1.0,Transfer coffee grounds to dripper,1.0
319,1595,1614,1604,Transfer coffee to dripper,1.0,Transfer coffee grounds to dripper,1.0
320,1600,1619,1609,Transfer coffee to dripper,1.0,Transfer coffee grounds to dripper,1.0
321,1605,1624,1614,Transfer coffee to dripper,1.0,Transfer coffee grounds to dripper,1.0
322,1610,1629,1619,Transfer coffee to dripper,1.0,Transfer coffee grounds to dripper,1.0
323,1615,1634,1624,Transfer coffee to dripper,1.0,Transfer coffee grounds to dripper,1.0
324,1620,1639,1629,Transfer coffee to dripper,1.0,Transfer coffee grounds to dripper,1.0
325,1625,1644,1634,Transfer coffee to dripper,1.0,Transfer coffee grounds to dripper,1.0
326,1630,1649,1639,Transfer coffee to dripper,1.0,Transfer coffee grounds to dripper,1.0
327,1635,1654,1644,Transfer coffee to dripper,1.0,Transfer coffee grounds to dripper,1.0
328,1640,1659,1649,Transfer coffee to dripper,1.0,Transfer coffee grounds to dripper,1.0
329,1645,1664,1654,Transfer coffee to dripper,1.0,Transfer coffee grounds to dripper,1.0
330,1650,1669,1659,Transfer coffee to dripper,1.0,Transfer coffee grounds to dripper,1.0
331,1655,1674,1664,Transfer coffee to dripper,1.0,Transfer coffee grounds to dripper,1.0
332,1660,1679,1669,Transfer coffee to dripper,1.0,Transfer coffee grounds to dripper,1.0
333,1665,1684,1674,Transfer coffee to dripper,1.0,Transfer coffee grounds to dripper,1.0
334,1670,1689,1679,Transfer coffee to dripper,1.0,Transfer coffee grounds to dripper,1.0
335,1675,1694,1684,Transfer coffee to dripper,1.0,Transfer coffee grounds to dripper,1.0
336,1680,1699,1689,Transfer coffee to dripper,1.0,Transfer coffee grounds to dripper,1.0
337,1685,1704,1694,Transfer coffee to dripper,1.0,Transfer coffee grounds to dripper,1.0
338,1690,1709,1699,Transfer coffee to dripper,1.0,Transfer coffee grounds to dripper,1.0
339,1695,1714,1704,Transfer coffee to dripper,1.0,Transfer coffee grounds to dripper,1.0
340,1700,1719,1709,Transfer coffee to dripper,1.0,Transfer coffee grounds to dripper,1.0
341,1705,1724,1714,Transfer coffee to dripper,1.0,Transfer coffee grounds to dripper,1.0
342,1710,1729,1719,Transfer coffee to dripper,1.0,Transfer coffee grounds to dripper,1.0
343,1715,1734,1724,Transfer coffee to dripper,1.0,Transfer coffee grounds to dripper,1.0
344,1720,1739,1729,Transfer coffee to dripper,1.0,Transfer coffee grounds to dripper,1.0
345,1725,1744,1734,Transfer coffee to dripper,1.0,Transfer coffee grounds to dripper,1.0
346,1730,1749,1739,Transfer coffee to dripper,1.0,Transfer coffee grounds to dripper,1.0
347,1735,1754,1744,Transfer coffee to dripper,1.0,Transfer coffee grounds to dripper,1.0
348,1740,1759,1749,Transfer coffee to dripper,1.0,Transfer coffee grounds to dripper,1.0
349,1745,1764,1754,Transfer coffee to dripper,1.0,Transfer coffee grounds to dripper,1.0
350,1750,1769,1759,Transfer coffee to dripper,1.0,Transfer coffee grounds to dripper,1.0
351,1755,1774,1764,Transfer coffee to dripper,1.0,Transfer coffee grounds to dripper,1.0
352,1760,1779,1769,Transfer coffee to dripper,1.0,Transfer coffee grounds to dripper,1.0
353,1765,1784,1774,Transfer coffee to dripper,1.0,Transfer coffee grounds to dripper,1.0
354,1770,1789,1779,Transfer coffee to dripper,1.0,Transfer coffee grounds to dripper,1.0
355,1775,1794,1784,Transfer coffee to dripper,1.0,Transfer coffee grounds to dripper,1.0
356,1780,1799,1789,Transfer coffee to dripper,1.0,Transfer coffee grounds to dripper,1.0
357,1785,1804,1794,Transfer coffee to dripper,1.0,Transfer coffee grounds to dripper,1.0
358,1790,1809,1799,Transfer coffee to dripper,1.0,Transfer coffee grounds to dripper,1.0
359,1795,1814,1804,Transfer coffee to dripper,1.0,Transfer coffee grounds to dripper,1.0
360,1800,1819,1809,Transfer coffee to dripper,1.0,Transfer coffee grounds to dripper,1.0
361,1805,1824,1814,Transfer coffee to dripper,1.0,Transfer coffee grounds to dripper,1.0
362,1810,1829,1819,Transfer coffee to dripper,1.0,Transfer coffee grounds to dripper,1.0
363,1815,1834,1824,Transfer coffee to dripper,1.0,Transfer coffee grounds to dripper,1.0
364,1820,1839,1829,Transfer coffee to dripper,1.0,Transfer coffee grounds to dripper,1.0
365,1825,1844,1834,Transfer coffee to dripper,1.0,Transfer coffee grounds to dripper,1.0
366,1830,1849,1839,Transfer coffee to dripper,1.0,Transfer coffee grounds to dripper,1.0
367,1835,1854,1844,Transfer coffee to dripper,1.0,Transfer coffee grounds to dripper,1.0
368,1840,1859,1849,Transfer coffee to dripper,1.0,Transfer coffee grounds to dripper,1.0
369,1845,1864,1854,Transfer coffee to dripper,1.0,Transfer coffee grounds to dripper,1.0
370,1850,1869,1859,Transfer coffee to dripper,1.0,Transfer coffee grounds to dripper,1.0
371,1855,1874,1864,Transfer coffee to dripper,1.0,Transfer coffee grounds to dripper,1.0
372,1860,1879,1869,Transfer coffee to dripper,1.0,Transfer coffee grounds to dripper,1.0
373,1865,1884,1874,Transfer coffee to dripper,1.0,Transfer coffee grounds to dripper,1.0
374,1870,1889,1879,Transfer coffee to dripper,1.0,Transfer coffee grounds to dripper,1.0
375,1875,1894,1884,Transfer coffee to dripper,1.0,Transfer coffee grounds to dripper,1.0
376,1880,1899,1889,Transfer coffee to dripper,1.0,Transfer coffee grounds to dripper,1.0
377,1885,1904,1894,Transfer coffee to dripper,1.0,Transfer coffee grounds to dripper,1.0
378,1890,1909,1899,Transfer coffee to dripper,1.0,Transfer coffee grounds to dripper,1.0
379,1895,1914,1904,Transfer coffee to dripper,1.0,Transfer coffee grounds to dripper,1.0
380,1900,1919,1909,Transfer coffee to dripper,1.0,Transfer coffee grounds to dripper,1.0
381,1905,1924,1914,Transfer coffee to dripper,1.0,Transfer coffee grounds to dripper,1.0
382,1910,1929,1919,Transfer coffee to dripper,1.0,Transfer coffee grounds to dripper,1.0
383,1915,1934,1924,Transfer coffee to dripper,1.0,Transfer coffee grounds to dripper,1.0
384,1920,1939,1929,Transfer coffee to dripper,1.0,Transfer coffee grounds to dripper,1.0
385,1925,1944,1934,Transfer coffee to dripper,1.0,Transfer coffee grounds to dripper,1.0
386,1930,1949,1939,Transfer coffee to dripper,1.0,Transfer coffee grounds to dripper,1.0
387,1935,1954,1944,Transfer coffee to dripper,1.0,Transfer coffee grounds to dripper,1.0
388,1940,1959,1949,Transfer coffee to dripper,1.0,Transfer coffee grounds to dripper,1.0
389,1945,1964,1954,Transfer coffee to dripper,1.0,Transfer coffee grounds to dripper,0.8
390,1950,1969,1959,Transfer coffee to dripper,1.0,,0.55
391,1955,1974,1964,Transfer coffee to dripper,1.0,Secure coffee container,0.7
392,1960,1979,1969,Transfer coffee to dripper,1.0,Secure coffee container,0.95
393,1965,1984,1974,Transfer coffee to dripper,1.0,Secure coffee container,1.0
394,1970,1989,1979,Transfer coffee to dripper,1.0,Secure coffee container,1.0
395,1975,1994,1984,Transfer coffee to dripper,1.0,Secure coffee container,1.0
396,1980,1999,1989,Transfer coffee to dripper,1.0,Secure coffee container,1.0
397,1985,2004,1994,Transfer coffee to dripper,0.75,Secure coffee container,0.75
398,1990,2009,1999,,0.5,,0.5
399,1995,2014,2004,Hold gooseneck kettle,0.75,Handle gooseneck kettle,0.75
400,2000,2019,2009,Hold gooseneck kettle,1.0,Handle gooseneck kettle,1.0
401,2005,2024,2014,Hold gooseneck kettle,1.0,Handle gooseneck kettle,1.0
402,2010,2029,2019,Hold gooseneck kettle,1.0,Handle gooseneck kettle,1.0
403,2015,2034,2024,Hold gooseneck kettle,1.0,Handle gooseneck kettle,1.0
404,2020,2039,2029,Hold gooseneck kettle,1.0,Handle gooseneck kettle,1.0
405,2025,2044,2034,Hold gooseneck kettle,1.0,Handle gooseneck kettle,1.0
406,2030,2049,2039,Hold gooseneck kettle,1.0,Handle gooseneck kettle,1.0
407,2035,2054,2044,Hold gooseneck kettle,1.0,Handle gooseneck kettle,1.0
408,2040,2059,2049,Hold gooseneck kettle,1.0,Handle gooseneck kettle,1.0
409,2045,2064,2054,Hold gooseneck kettle,1.0,Handle gooseneck kettle,1.0
410,2050,2069,2059,Hold gooseneck kettle,1.0,Handle gooseneck kettle,1.0
411,2055,2074,2064,Hold gooseneck kettle,1.0,Handle gooseneck kettle,1.0
412,2060,2079,2069,Hold gooseneck kettle,1.0,Handle gooseneck kettle,1.0
413,2065,2084,2074,Hold gooseneck kettle,1.0,Handle gooseneck kettle,1.0
414,2070,2089,2079,Hold gooseneck kettle,1.0,Handle gooseneck kettle,1.0
415,2075,2094,2084,Hold gooseneck kettle,1.0,Handle gooseneck kettle,1.0
416,2080,2099,2089,Hold gooseneck kettle,1.0,Handle gooseneck kettle,1.0
417,2085,2104,2094,Hold gooseneck kettle,1.0,Handle gooseneck kettle,1.0
418,2090,2109,2099,Hold gooseneck kettle,1.0,Handle gooseneck kettle,1.0
419,2095,2114,2104,Hold gooseneck kettle,1.0,Handle gooseneck kettle,1.0
420,2100,2119,2109,Hold gooseneck kettle,1.0,Handle gooseneck kettle,1.0
421,2105,2124,2114,Hold gooseneck kettle,1.0,Handle gooseneck kettle,1.0
422,2110,2129,2119,Hold gooseneck kettle,1.0,Handle gooseneck kettle,1.0
423,2115,2134,2124,Hold gooseneck kettle,1.0,Handle gooseneck kettle,1.0
424,2120,2139,2129,Hold gooseneck kettle,1.0,Handle gooseneck kettle,1.0
425,2125,2144,2134,Hold gooseneck kettle,1.0,Handle gooseneck kettle,1.0
426,2130,2149,2139,Hold gooseneck kettle,1.0,Handle gooseneck kettle,1.0
427,2135,2154,2144,Hold gooseneck kettle,1.0,Handle gooseneck kettle,1.0
428,2140,2159,2149,Hold gooseneck kettle,1.0,Handle gooseneck kettle,1.0
429,2145,2164,2154,Hold gooseneck kettle,1.0,Handle gooseneck kettle,1.0
430,2150,2169,2159,Hold gooseneck kettle,1.0,Handle gooseneck kettle,1.0
431,2155,2174,2164,Hold gooseneck kettle,1.0,Handle gooseneck kettle,1.0
432,2160,2179,2169,Hold gooseneck kettle,1.0,Handle gooseneck kettle,1.0
433,2165,2184,2174,Hold gooseneck kettle,1.0,Handle gooseneck kettle,1.0
434,2170,2189,2179,Hold gooseneck kettle,1.0,Handle gooseneck kettle,1.0
435,2175,2194,2184,Hold gooseneck kettle,1.0,Handle gooseneck kettle,1.0
436,2180,2199,2189,Hold gooseneck kettle,1.0,Handle gooseneck kettle,1.0
437,2185,2204,2194,Hold gooseneck kettle,1.0,Handle gooseneck kettle,1.0
438,2190,2209,2199,Hold gooseneck kettle,1.0,Handle gooseneck kettle,1.0
439,2195,2214,2204,Hold gooseneck kettle,1.0,Handle gooseneck kettle,1.0
440,2200,2219,2209,Hold gooseneck kettle,1.0,Handle gooseneck kettle,1.0
441,2205,2224,2214,Hold gooseneck kettle,1.0,Handle gooseneck kettle,1.0
442,2210,2229,2219,Hold gooseneck kettle,1.0,Handle gooseneck kettle,1.0
443,2215,2234,2224,Hold gooseneck kettle,1.0,Handle gooseneck kettle,1.0
444,2220,2239,2229,Hold gooseneck kettle,1.0,Handle gooseneck kettle,1.0
445,2225,2244,2234,Hold gooseneck kettle,1.0,Handle gooseneck kettle,1.0
446,2230,2249,2239,Hold gooseneck kettle,1.0,Handle gooseneck kettle,1.0
447,2235,2254,2244,Hold gooseneck kettle,1.0,Handle gooseneck kettle,1.0
448,2240,2259,2249,Hold gooseneck kettle,1.0,Handle gooseneck kettle,1.0
449,2245,2264,2254,Hold gooseneck kettle,1.0,Handle gooseneck kettle,1.0
450,2250,2269,2259,Hold gooseneck kettle,1.0,Handle gooseneck kettle,1.0
451,2255,2274,2264,Hold gooseneck kettle,1.0,Handle gooseneck kettle,1.0
452,2260,2279,2269,Hold gooseneck kettle,1.0,Handle gooseneck kettle,1.0
453,2265,2284,2274,Hold gooseneck kettle,1.0,Handle gooseneck kettle,1.0
454,2270,2289,2279,Hold gooseneck kettle,1.0,Handle gooseneck kettle,1.0
455,2275,2294,2284,Hold gooseneck kettle,1.0,Handle gooseneck kettle,1.0
456,2280,2299,2289,Hold gooseneck kettle,1.0,Handle gooseneck kettle,1.0
457,2285,2304,2294,Hold gooseneck kettle,1.0,Handle gooseneck kettle,1.0
458,2290,2309,2299,Hold gooseneck kettle,1.0,Handle gooseneck kettle,1.0
459,2295,2314,2304,Hold gooseneck kettle,1.0,Handle gooseneck kettle,1.0
460,2300,2319,2309,Hold gooseneck kettle,1.0,Handle gooseneck kettle,1.0
461,2305,2324,2314,Hold gooseneck kettle,1.0,Handle gooseneck kettle,1.0
462,2310,2329,2319,Hold gooseneck kettle,1.0,Handle gooseneck kettle,1.0
463,2315,2334,2324,Hold gooseneck kettle,1.0,Handle gooseneck kettle,1.0
464,2320,2339,2329,Hold gooseneck kettle,1.0,Handle gooseneck kettle,1.0
465,2325,2344,2334,Hold gooseneck kettle,1.0,Handle gooseneck kettle,1.0
466,2330,2349,2339,Hold gooseneck kettle,1.0,Handle gooseneck kettle,1.0
467,2335,2354,2344,Hold gooseneck kettle,1.0,Handle gooseneck kettle,1.0
468,2340,2359,2349,Hold gooseneck kettle,1.0,Handle gooseneck kettle,1.0
469,2345,2364,2354,Hold gooseneck kettle,1.0,Handle gooseneck kettle,1.0
470,2350,2369,2359,Hold gooseneck kettle,1.0,Handle gooseneck kettle,1.0
471,2355,2374,2364,Hold gooseneck kettle,1.0,Handle gooseneck kettle,1.0
472,2360,2379,2369,Hold gooseneck kettle,1.0,Handle gooseneck kettle,1.0
473,2365,2384,2374,Hold gooseneck kettle,1.0,Handle gooseneck kettle,1.0
474,2370,2389,2379,Hold gooseneck kettle,1.0,Handle gooseneck kettle,1.0
475,2375,2394,2384,Hold gooseneck kettle,1.0,Handle gooseneck kettle,1.0
476,2380,2399,2389,Hold gooseneck kettle,1.0,Handle gooseneck kettle,1.0
477,2385,2404,2394,Hold gooseneck kettle,1.0,Handle gooseneck kettle,1.0
478,2390,2409,2399,Hold gooseneck kettle,1.0,Handle gooseneck kettle,1.0
479,2395,2414,2404,Hold gooseneck kettle,1.0,Handle gooseneck kettle,1.0
480,2400,2419,2409,Hold gooseneck kettle,1.0,Handle gooseneck kettle,1.0
481,2405,2424,2414,Hold gooseneck kettle,1.0,Handle gooseneck kettle,1.0
482,2410,2429,2419,Hold gooseneck kettle,1.0,Handle gooseneck kettle,1.0
483,2415,2434,2424,Hold gooseneck kettle,1.0,Handle gooseneck kettle,1.0
484,2420,2439,2429,Hold gooseneck kettle,1.0,Handle gooseneck kettle,1.0
485,2425,2444,2434,Hold gooseneck kettle,1.0,Handle gooseneck kettle,1.0
486,2430,2449,2439,Hold gooseneck kettle,1.0,Handle gooseneck kettle,1.0
487,2435,2454,2444,Hold gooseneck kettle,1.0,Handle gooseneck kettle,1.0
488,2440,2459,2449,Hold gooseneck kettle,1.0,Handle gooseneck kettle,1.0
489,2445,2464,2454,Hold gooseneck kettle,1.0,Handle gooseneck kettle,1.0
490,2450,2469,2459,Hold gooseneck kettle,1.0,Handle gooseneck kettle,1.0
491,2455,2474,2464,Hold gooseneck kettle,1.0,Handle gooseneck kettle,1.0
492,2460,2479,2469,Hold gooseneck kettle,1.0,Handle gooseneck kettle,1.0
493,2465,2484,2474,Hold gooseneck kettle,1.0,Handle gooseneck kettle,1.0
494,2470,2489,2479,Hold gooseneck kettle,1.0,Handle gooseneck kettle,1.0
495,2475,2494,2484,Hold gooseneck kettle,1.0,Handle gooseneck kettle,1.0
496,2480,2499,2489,Hold gooseneck kettle,1.0,Handle gooseneck kettle,1.0
497,2485,2504,2494,Hold gooseneck kettle,1.0,Handle gooseneck kettle,1.0
498,2490,2509,2499,Hold gooseneck kettle,1.0,Handle gooseneck kettle,1.0
499,2495,2514,2504,Hold gooseneck kettle,1.0,Handle gooseneck kettle,1.0
500,2500,2519,2509,Hold gooseneck kettle,1.0,Handle gooseneck kettle,1.0
501,2505,2524,2514,Hold gooseneck kettle,1.0,Handle gooseneck kettle,1.0
502,2510,2529,2519,Hold gooseneck kettle,1.0,Handle gooseneck kettle,1.0
503,2515,2534,2524,Hold gooseneck kettle,1.0,Handle gooseneck kettle,1.0
504,2520,2539,2529,Hold gooseneck kettle,1.0,Handle gooseneck kettle,1.0
505,2525,2544,2534,Hold gooseneck kettle,1.0,Handle gooseneck kettle,1.0
506,2530,2549,2539,Hold gooseneck kettle,1.0,Handle gooseneck kettle,1.0
507,2535,2554,2544,Hold gooseneck kettle,1.0,Handle gooseneck kettle,1.0
508,2540,2559,2549,Hold gooseneck kettle,1.0,Handle gooseneck kettle,1.0
509,2545,2564,2554,Hold gooseneck kettle,1.0,Handle gooseneck kettle,1.0
510,2550,2569,2559,Hold gooseneck kettle,1.0,Handle gooseneck kettle,1.0
511,2555,2574,2564,Hold gooseneck kettle,1.0,Handle gooseneck kettle,1.0
512,2560,2579,2569,Hold gooseneck kettle,1.0,Handle gooseneck kettle,1.0
513,2565,2584,2574,Hold gooseneck kettle,1.0,Handle gooseneck kettle,1.0
514,2570,2589,2579,Hold gooseneck kettle,1.0,Handle gooseneck kettle,1.0
515,2575,2594,2584,Hold gooseneck kettle,1.0,Handle gooseneck kettle,1.0
516,2580,2599,2589,Hold gooseneck kettle,1.0,Handle gooseneck kettle,1.0
517,2585,2604,2594,Hold gooseneck kettle,1.0,Handle gooseneck kettle,1.0
518,2590,2609,2599,Hold gooseneck kettle,1.0,Handle gooseneck kettle,1.0
519,2595,2614,2604,Hold gooseneck kettle,1.0,Handle gooseneck kettle,1.0
520,2600,2619,2609,Hold gooseneck kettle,1.0,Handle gooseneck kettle,1.0
521,2605,2624,2614,Hold gooseneck kettle,1.0,Handle gooseneck kettle,1.0
522,2610,2629,2619,Hold gooseneck kettle,1.0,Handle gooseneck kettle,1.0
523,2615,2634,2624,Hold gooseneck kettle,1.0,Handle gooseneck kettle,1.0
524,2620,2639,2629,Hold gooseneck kettle,1.0,Handle gooseneck kettle,1.0
525,2625,2644,2634,Hold gooseneck kettle,1.0,Handle gooseneck kettle,1.0
526,2630,2649,2639,Hold gooseneck kettle,1.0,Handle gooseneck kettle,1.0
527,2635,2654,2644,Hold gooseneck kettle,1.0,Handle gooseneck kettle,1.0
528,2640,2659,2649,Hold gooseneck kettle,1.0,Handle gooseneck kettle,1.0
529,2645,2664,2654,Hold gooseneck kettle,1.0,Handle gooseneck kettle,1.0
530,2650,2669,2659,Hold gooseneck kettle,1.0,Handle gooseneck kettle,1.0
531,2655,2674,2664,Hold gooseneck kettle,1.0,Handle gooseneck kettle,1.0
532,2660,2679,2669,Hold gooseneck kettle,1.0,Handle gooseneck kettle,1.0
533,2665,2684,2674,Hold gooseneck kettle,1.0,Handle gooseneck kettle,1.0
534,2670,2689,2679,Hold gooseneck kettle,1.0,Handle gooseneck kettle,1.0
535,2675,2694,2684,Hold gooseneck kettle,1.0,Handle gooseneck kettle,1.0
536,2680,2699,2689,Hold gooseneck kettle,1.0,Handle gooseneck kettle,1.0
537,2685,2704,2694,Hold gooseneck kettle,1.0,Handle gooseneck kettle,1.0
538,2690,2709,2699,Hold gooseneck kettle,1.0,Handle gooseneck kettle,1.0
539,2695,2714,2704,Hold gooseneck kettle,1.0,Handle gooseneck kettle,1.0
540,2700,2719,2709,Hold gooseneck kettle,1.0,Handle gooseneck kettle,1.0
541,2705,2724,2714,Hold gooseneck kettle,1.0,Handle gooseneck kettle,1.0
542,2710,2729,2719,Hold gooseneck kettle,1.0,Handle gooseneck kettle,1.0
543,2715,2734,2724,Hold gooseneck kettle,1.0,Handle gooseneck kettle,1.0
544,2720,2739,2729,Hold gooseneck kettle,1.0,Handle gooseneck kettle,1.0
545,2725,2744,2734,Hold gooseneck kettle,1.0,Handle gooseneck kettle,1.0
546,2730,2749,2739,Hold gooseneck kettle,1.0,Handle gooseneck kettle,1.0
547,2735,2754,2744,Hold gooseneck kettle,1.0,Handle gooseneck kettle,1.0
548,2740,2759,2749,Hold gooseneck kettle,1.0,Handle gooseneck kettle,1.0
549,2745,2764,2754,Hold gooseneck kettle,1.0,Handle gooseneck kettle,1.0
550,2750,2769,2759,Hold gooseneck kettle,1.0,Handle gooseneck kettle,1.0
551,2755,2774,2764,Hold gooseneck kettle,1.0,Handle gooseneck kettle,1.0
552,2760,2779,2769,Hold gooseneck kettle,1.0,Handle gooseneck kettle,1.0
553,2765,2784,2774,Hold gooseneck kettle,1.0,Handle gooseneck kettle,1.0
554,2770,2789,2779,Hold gooseneck kettle,1.0,Handle gooseneck kettle,1.0
555,2775,2794,2784,Hold gooseneck kettle,1.0,Handle gooseneck kettle,1.0
556,2780,2799,2789,Hold gooseneck kettle,1.0,Handle gooseneck kettle,1.0
557,2785,2804,2794,Hold gooseneck kettle,0.75,Handle gooseneck kettle,0.75
558,2790,2809,2799,,0.5,,0.5
559,2795,2814,2804,Grasp gooseneck kettle,0.75,Lift gooseneck kettle,0.75
560,2800,2819,2809,Grasp gooseneck kettle,1.0,Lift gooseneck kettle,1.0
561,2805,2824,2814,Grasp gooseneck kettle,1.0,Lift gooseneck kettle,1.0
562,2810,2829,2819,Grasp gooseneck kettle,1.0,Lift gooseneck kettle,1.0
563,2815,2834,2824,Grasp gooseneck kettle,1.0,Lift gooseneck kettle,1.0
564,2820,2839,2829,Grasp gooseneck kettle,1.0,Lift gooseneck kettle,1.0
565,2825,2844,2834,Grasp gooseneck kettle,1.0,Lift gooseneck kettle,1.0
566,2830,2849,2839,Grasp gooseneck kettle,1.0,Lift gooseneck kettle,1.0
567,2835,2854,2844,Grasp gooseneck kettle,1.0,Lift gooseneck kettle,1.0
568,2840,2859,2849,Grasp gooseneck kettle,1.0,Lift gooseneck kettle,1.0
569,2845,2864,2854,Grasp gooseneck kettle,1.0,Lift gooseneck kettle,1.0
570,2850,2869,2859,Grasp gooseneck kettle,1.0,Lift gooseneck kettle,1.0
571,2855,2874,2864,Grasp gooseneck kettle,1.0,Lift gooseneck kettle,1.0
572,2860,2879,2869,Grasp gooseneck kettle,1.0,Lift gooseneck kettle,1.0
573,2865,2884,2874,Grasp gooseneck kettle,1.0,Lift gooseneck kettle,1.0
574,2870,2889,2879,Grasp gooseneck kettle,1.0,Lift gooseneck kettle,1.0
575,2875,2894,2884,Grasp gooseneck kettle,1.0,Lift gooseneck kettle,1.0
576,2880,2899,2889,Grasp gooseneck kettle,1.0,Lift gooseneck kettle,1.0
577,2885,2904,2894,Grasp gooseneck kettle,1.0,Lift gooseneck kettle,1.0
578,2890,2909,2899,Grasp gooseneck kettle,1.0,Lift gooseneck kettle,1.0
579,2895,2914,2904,Grasp gooseneck kettle,1.0,Lift gooseneck kettle,1.0
580,2900,2919,2909,Grasp gooseneck kettle,1.0,Lift gooseneck kettle,1.0
581,2905,2924,2914,Grasp gooseneck kettle,0.75,Lift gooseneck kettle,1.0
582,2910,2929,2919,,0.5,Lift gooseneck kettle,1.0
583,2915,2934,2924,Lift gooseneck kettle,0.75,Lift gooseneck kettle,1.0
584,2920,2939,2929,Lift gooseneck kettle,1.0,Lift gooseneck kettle,1.0
585,2925,2944,2934,Lift gooseneck kettle,1.0,Lift gooseneck kettle,1.0
586,2930,2949,2939,Lift gooseneck kettle,1.0,Lift gooseneck kettle,1.0
587,2935,2954,2944,Lift gooseneck kettle,1.0,Lift gooseneck kettle,1.0
588,2940,2959,2949,Lift gooseneck kettle,1.0,Lift gooseneck kettle,1.0
589,2945,2964,2954,Lift gooseneck kettle,1.0,Lift gooseneck kettle,1.0
590,2950,2969,2959,Lift gooseneck kettle,1.0,Lift gooseneck kettle,1.0
591,2955,2974,2964,Lift gooseneck kettle,1.0,Lift gooseneck kettle,1.0
592,2960,2979,2969,Lift gooseneck kettle,1.0,Lift gooseneck kettle,1.0
593,2965,2984,2974,Lift gooseneck kettle,1.0,Lift gooseneck kettle,1.0
594,2970,2989,2979,Lift gooseneck kettle,1.0,Lift gooseneck kettle,1.0
595,2975,2994,2984,Lift gooseneck kettle,1.0,Lift gooseneck kettle,1.0
596,2980,2999,2989,Lift gooseneck kettle,1.0,Lift gooseneck kettle,1.0
597,2985,3004,2994,Lift gooseneck kettle,1.0,Lift gooseneck kettle,1.0
598,2990,3009,2999,Lift gooseneck kettle,1.0,Lift gooseneck kettle,1.0
599,2995,3014,3004,Lift gooseneck kettle,1.0,Lift gooseneck kettle,1.0
600,3000,3019,3009,Lift gooseneck kettle,1.0,Lift gooseneck kettle,1.0
601,3005,3024,3014,Lift gooseneck kettle,1.0,Lift gooseneck kettle,1.0
602,3010,3029,3019,Lift gooseneck kettle,1.0,Lift gooseneck kettle,1.0
603,3015,3034,3024,Lift gooseneck kettle,1.0,Lift gooseneck kettle,1.0
604,3020,3039,3029,Lift gooseneck kettle,1.0,Lift gooseneck kettle,1.0
605,3025,3044,3034,Lift gooseneck kettle,1.0,Lift gooseneck kettle,1.0
606,3030,3049,3039,Lift gooseneck kettle,1.0,Lift gooseneck kettle,1.0
607,3035,3054,3044,Lift gooseneck kettle,1.0,Lift gooseneck kettle,1.0
608,3040,3059,3049,Lift gooseneck kettle,1.0,Lift gooseneck kettle,1.0
609,3045,3064,3054,Lift gooseneck kettle,1.0,Lift gooseneck kettle,1.0
610,3050,3069,3059,Lift gooseneck kettle,1.0,Lift gooseneck kettle,1.0
611,3055,3074,3064,Lift gooseneck kettle,1.0,Lift gooseneck kettle,1.0
612,3060,3079,3069,Lift gooseneck kettle,1.0,Lift gooseneck kettle,1.0
613,3065,3084,3074,Lift gooseneck kettle,1.0,Lift gooseneck kettle,1.0
614,3070,3089,3079,Lift gooseneck kettle,1.0,Lift gooseneck kettle,1.0
615,3075,3094,3084,Lift gooseneck kettle,1.0,Lift gooseneck kettle,1.0
616,3080,3099,3089,Lift gooseneck kettle,1.0,Lift gooseneck kettle,1.0
617,3085,3104,3094,Lift gooseneck kettle,1.0,Lift gooseneck kettle,1.0
618,3090,3109,3099,Lift gooseneck kettle,1.0,Lift gooseneck kettle,1.0
619,3095,3114,3104,Lift gooseneck kettle,1.0,Lift gooseneck kettle,1.0
620,3100,3119,3109,Lift gooseneck kettle,1.0,Lift gooseneck kettle,1.0
621,3105,3124,3114,Lift gooseneck kettle,1.0,Lift gooseneck kettle,1.0
622,3110,3129,3119,Lift gooseneck kettle,1.0,Lift gooseneck kettle,1.0
623,3115,3134,3124,Lift gooseneck kettle,1.0,Lift gooseneck kettle,1.0
624,3120,3139,3129,Lift gooseneck kettle,1.0,Lift gooseneck kettle,1.0
625,3125,3144,3134,Lift gooseneck kettle,1.0,Lift gooseneck kettle,1.0
626,3130,3149,3139,Lift gooseneck kettle,1.0,Lift gooseneck kettle,1.0
627,3135,3154,3144,Lift gooseneck kettle,1.0,Lift gooseneck kettle,1.0
628,3140,3159,3149,Lift gooseneck kettle,1.0,Lift gooseneck kettle,1.0
629,3145,3164,3154,Lift gooseneck kettle,1.0,Lift gooseneck kettle,1.0
630,3150,3169,3159,Lift gooseneck kettle,1.0,Lift gooseneck kettle,1.0
631,3155,3174,3164,Lift gooseneck kettle,1.0,Lift gooseneck kettle,1.0
632,3160,3179,3169,Lift gooseneck kettle,1.0,Lift gooseneck kettle,1.0
633,3165,3184,3174,Lift gooseneck kettle,1.0,Lift gooseneck kettle,1.0
634,3170,3189,3179,Lift gooseneck kettle,1.0,Lift gooseneck kettle,1.0
635,3175,3194,3184,Lift gooseneck kettle,1.0,Lift gooseneck kettle,1.0
636,3180,3199,3189,Lift gooseneck kettle,1.0,Lift gooseneck kettle,1.0
637,3185,3204,3194,Lift gooseneck kettle,1.0,Lift gooseneck kettle,1.0
638,3190,3209,3199,Lift gooseneck kettle,1.0,Lift gooseneck kettle,1.0
639,3195,3214,3204,Lift gooseneck kettle,1.0,Lift gooseneck kettle,1.0
640,3200,3219,3209,Lift gooseneck kettle,1.0,Lift gooseneck kettle,1.0
641,3205,3224,3214,Lift gooseneck kettle,1.0,Lift gooseneck kettle,1.0
642,3210,3229,3219,Lift gooseneck kettle,1.0,Lift gooseneck kettle,1.0
643,3215,3234,3224,Lift gooseneck kettle,1.0,Lift gooseneck kettle,1.0
644,3220,3239,3229,Lift gooseneck kettle,1.0,Lift gooseneck kettle,1.0
645,3225,3244,3234,Lift gooseneck kettle,1.0,Lift gooseneck kettle,1.0
646,3230,3249,3239,Lift gooseneck kettle,1.0,Lift gooseneck kettle,1.0
647,3235,3254,3244,Lift gooseneck kettle,1.0,Lift gooseneck kettle,1.0
648,3240,3259,3249,Lift gooseneck kettle,1.0,Lift gooseneck kettle,1.0
649,3245,3264,3254,Lift gooseneck kettle,1.0,Lift gooseneck kettle,1.0
650,3250,3269,3259,Lift gooseneck kettle,1.0,Lift gooseneck kettle,1.0
651,3255,3274,3264,Lift gooseneck kettle,1.0,Lift gooseneck kettle,1.0
652,3260,3279,3269,Lift gooseneck kettle,1.0,Lift gooseneck kettle,1.0
653,3265,3284,3274,Lift gooseneck kettle,1.0,Lift gooseneck kettle,1.0
654,3270,3289,3279,Lift gooseneck kettle,1.0,Lift gooseneck kettle,1.0
655,3275,3294,3284,Lift gooseneck kettle,1.0,Lift gooseneck kettle,1.0
656,3280,3299,3289,Lift gooseneck kettle,1.0,Lift gooseneck kettle,1.0
657,3285,3304,3294,Lift gooseneck kettle,1.0,Lift gooseneck kettle,1.0
658,3290,3309,3299,Lift gooseneck kettle,1.0,Lift gooseneck kettle,1.0
659,3295,3314,3304,Lift gooseneck kettle,1.0,Lift gooseneck kettle,1.0
660,3300,3319,3309,Lift gooseneck kettle,1.0,Lift gooseneck kettle,1.0
661,3305,3324,3314,Lift gooseneck kettle,1.0,Lift gooseneck kettle,1.0
662,3310,3329,3319,Lift gooseneck kettle,1.0,Lift gooseneck kettle,1.0
663,3315,3334,3324,Lift gooseneck kettle,1.0,Lift gooseneck kettle,1.0
664,3320,3339,3329,Lift gooseneck kettle,1.0,Lift gooseneck kettle,1.0
665,3325,3344,3334,Lift gooseneck kettle,1.0,Lift gooseneck kettle,1.0
666,3330,3349,3339,Lift gooseneck kettle,1.0,Lift gooseneck kettle,1.0
667,3335,3354,3344,Lift gooseneck kettle,1.0,Lift gooseneck kettle,1.0
668,3340,3359,3349,Lift gooseneck kettle,1.0,Lift gooseneck kettle,1.0
669,3345,3364,3354,Lift gooseneck kettle,1.0,Lift gooseneck kettle,0.8
670,3350,3369,3359,Lift gooseneck kettle,1.0,,0.55
671,3355,3374,3364,Lift gooseneck kettle,1.0,Handle gooseneck kettle,0.7
672,3360,3379,3369,Lift gooseneck kettle,1.0,Handle gooseneck kettle,0.95
673,3365,3384,3374,Lift gooseneck kettle,1.0,Handle gooseneck kettle,1.0
674,3370,3389,3379,Lift gooseneck kettle,1.0,Handle gooseneck kettle,1.0
675,3375,3394,3384,Lift gooseneck kettle,1.0,Handle gooseneck kettle,1.0
676,3380,3399,3389,Lift gooseneck kettle,1.0,Handle gooseneck kettle,1.0
677,3385,3404,3394,Lift gooseneck kettle,0.75,Handle gooseneck kettle,0.75
678,3390,3409,3399,,0.5,,0.5
679,3395,3414,3404,Move kettle away,0.75,Set down kettle and retrieve white bottle,0.75
680,3400,3419,3409,Move kettle away,1.0,Set down kettle and retrieve white bottle,1.0
681,3405,3424,3414,Move kettle away,1.0,Set down kettle and retrieve white bottle,1.0
682,3410,3429,3419,Move kettle away,1.0,Set down kettle and retrieve white bottle,1.0
683,3415,3434,3424,Move kettle away,1.0,Set down kettle and retrieve white bottle,1.0
684,3420,3439,3429,Move kettle away,1.0,Set down kettle and retrieve white bottle,1.0
685,3425,3444,3434,Move kettle away,1.0,Set down kettle and retrieve white bottle,1.0
686,3430,3449,3439,Move kettle away,1.0,Set down kettle and retrieve white bottle,1.0
687,3435,3454,3444,Move kettle away,1.0,Set down kettle and retrieve white bottle,1.0
688,3440,3459,3449,Move kettle away,1.0,Set down kettle and retrieve white bottle,1.0
689,3445,3464,3454,Move kettle away,1.0,Set down kettle and retrieve white bottle,1.0
690,3450,3469,3459,Move kettle away,1.0,Set down kettle and retrieve white bottle,1.0
691,3455,3474,3464,Move kettle away,1.0,Set down kettle and retrieve white bottle,1.0
692,3460,3479,3469,Move kettle away,1.0,Set down kettle and retrieve white bottle,1.0
693,3465,3484,3474,Move kettle away,1.0,Set down kettle and retrieve white bottle,1.0
694,3470,3489,3479,Move kettle away,1.0,Set down kettle and retrieve white bottle,1.0
695,3475,3494,3484,Move kettle away,1.0,Set down kettle and retrieve white bottle,1.0
696,3480,3499,3489,Move kettle away,1.0,Set down kettle and retrieve white bottle,1.0
697,3485,3504,3494,Move kettle away,1.0,Set down kettle and retrieve white bottle,1.0
698,3490,3509,3499,Move kettle away,1.0,Set down kettle and retrieve white bottle,1.0
699,3495,3514,3504,Move kettle away,1.0,Set down kettle and retrieve white bottle,1.0
700,3500,3519,3509,Move kettle away,1.0,Set down kettle and retrieve white bottle,1.0
701,3505,3524,3514,Move kettle away,1.0,Set down kettle and retrieve white bottle,1.0
702,3510,3529,3519,Move kettle away,1.0,Set down kettle and retrieve white bottle,1.0
703,3515,3534,3524,Move kettle away,1.0,Set down kettle and retrieve white bottle,1.0
704,3520,3539,3529,Move kettle away,1.0,Set down kettle and retrieve white bottle,1.0
705,3525,3544,3534,Move kettle away,1.0,Set down kettle and retrieve white bottle,1.0
706,3530,3549,3539,Move kettle away,1.0,Set down kettle and retrieve white bottle,1.0
707,3535,3554,3544,Move kettle away,1.0,Set down kettle and retrieve white bottle,1.0
708,3540,3559,3549,Move kettle away,1.0,Set down kettle and retrieve white bottle,1.0
709,3545,3564,3554,Move kettle away,0.75,Set down kettle and retrieve white bottle,1.0
710,3550,3569,3559,,0.5,Set down kettle and retrieve white bottle,1.0
711,3555,3574,3564,Place kettle on table,0.75,Set down kettle and retrieve white bottle,1.0
712,3560,3579,3569,Place kettle on table,1.0,Set down kettle and retrieve white bottle,1.0
713,3565,3584,3574,Place kettle on table,1.0,Set down kettle and retrieve white bottle,1.0
714,3570,3589,3579,Place kettle on table,1.0,Set down kettle and retrieve white bottle,1.0
715,3575,3594,3584,Place kettle on table,1.0,Set down kettle and retrieve white bottle,1.0
716,3580,3599,3589,Place kettle on table,1.0,Set down kettle and retrieve white bottle,1.0
717,3585,3604,3594,Place kettle on table,1.0,Set down kettle and retrieve white bottle,1.0
718,3590,3609,3599,Place kettle on table,1.0,Set down kettle and retrieve white bottle,1.0
719,3595,3614,3604,Place kettle on table,1.0,Set down kettle and retrieve white bottle,1.0
720,3600,3619,3609,Place kettle on table,1.0,Set down kettle and retrieve white bottle,1.0
721,3605,3624,3614,Place kettle on table,1.0,Set down kettle and retrieve white bottle,1.0
722,3610,3629,3619,Place kettle on table,1.0,Set down kettle and retrieve white bottle,1.0
723,3615,3634,3624,Place kettle on table,1.0,Set down kettle and retrieve white bottle,1.0
724,3620,3639,3629,Place kettle on table,1.0,Set down kettle and retrieve white bottle,1.0
725,3625,3644,3634,Place kettle on table,1.0,Set down kettle and retrieve white bottle,1.0
726,3630,3649,3639,Place kettle on table,1.0,Set down kettle and retrieve white bottle,1.0
727,3635,3654,3644,Place kettle on table,1.0,Set down kettle and retrieve white bottle,1.0
728,3640,3659,3649,Place kettle on table,1.0,Set down kettle and retrieve white bottle,1.0
729,3645,3664,3654,Place kettle on table,1.0,Set down kettle and retrieve white bottle,1.0
730,3650,3669,3659,Place kettle on table,1.0,Set down kettle and retrieve white bottle,1.0
731,3655,3674,3664,Place kettle on table,1.0,Set down kettle and retrieve white bottle,1.0
732,3660,3679,3669,Place kettle on table,1.0,Set down kettle and retrieve white bottle,1.0
733,3665,3684,3674,Place kettle on table,0.75,Set down kettle and retrieve white bottle,1.0
734,3670,3689,3679,,0.5,Set down kettle and retrieve white bottle,1.0
735,3675,3694,3684,Pick up white bottle,0.75,Set down kettle and retrieve white bottle,1.0
736,3680,3699,3689,Pick up white bottle,1.0,Set down kettle and retrieve white bottle,1.0
737,3685,3704,3694,Pick up white bottle,1.0,Set down kettle and retrieve white bottle,1.0
738,3690,3709,3699,Pick up white bottle,1.0,Set down kettle and retrieve white bottle,1.0
739,3695,3714,3704,Pick up white bottle,1.0,Set down kettle and retrieve white bottle,1.0
740,3700,3719,3709,Pick up white bottle,1.0,Set down kettle and retrieve white bottle,1.0
741,3705,3724,3714,Pick up white bottle,1.0,Set down kettle and retrieve white bottle,1.0
742,3710,3729,3719,Pick up white bottle,1.0,Set down kettle and retrieve white bottle,1.0
743,3715,3734,3724,Pick up white bottle,1.0,Set down kettle and retrieve white bottle,1.0
744,3720,3739,3729,Pick up white bottle,1.0,Set down kettle and retrieve white bottle,1.0
745,3725,3744,3734,Pick up white bottle,1.0,Set down kettle and retrieve white bottle,1.0
746,3730,3749,3739,Pick up white bottle,1.0,Set down kettle and retrieve white bottle,1.0
747,3735,3754,3744,Pick up white bottle,1.0,Set down kettle and retrieve white bottle,1.0
748,3740,3759,3749,Pick up white bottle,1.0,Set down kettle and retrieve white bottle,1.0
749,3745,3764,3754,Pick up white bottle,1.0,Set down kettle and retrieve white bottle,1.0
750,3750,3769,3759,Pick up white bottle,1.0,Set down kettle and retrieve white bottle,1.0
751,3755,3774,3764,Pick up white bottle,1.0,Set down kettle and retrieve white bottle,1.0
752,3760,3779,3769,Pick up white bottle,1.0,Set down kettle and retrieve white bottle,1.0
753,3765,3784,3774,Pick up white bottle,1.0,Set down kettle and retrieve white bottle,1.0
754,3770,3789,3779,Pick up white bottle,1.0,Set down kettle and retrieve white bottle,1.0
755,3775,3794,3784,Pick up white bottle,1.0,Set down kettle and retrieve white bottle,1.0
756,3780,3799,3789,Pick up white bottle,1.0,Set down kettle and retrieve white bottle,1.0
757,3785,3804,3794,Pick up white bottle,0.75,Set down kettle and retrieve white bottle,0.75
758,3790,3809,3799,,0.5,,0.5
759,3795,3814,3804,Pour liquid from white bottle,0.75,Pour and close white bottle,0.75
760,3800,3819,3809,Pour liquid from white bottle,1.0,Pour and close white bottle,1.0
761,3805,3824,3814,Pour liquid from white bottle,1.0,Pour and close white bottle,1.0
762,3810,3829,3819,Pour liquid from white bottle,1.0,Pour and close white bottle,1.0
763,3815,3834,3824,Pour liquid from white bottle,1.0,Pour and close white bottle,1.0
764,3820,3839,3829,Pour liquid from white bottle,1.0,Pour and close white bottle,1.0
765,3825,3844,3834,Pour liquid from white bottle,1.0,Pour and close white bottle,1.0
766,3830,3849,3839,Pour liquid from white bottle,1.0,Pour and close white bottle,1.0
767,3835,3854,3844,Pour liquid from white bottle,1.0,Pour and close white bottle,1.0
768,3840,3859,3849,Pour liquid from white bottle,1.0,Pour and close white bottle,1.0
769,3845,3864,3854,Pour liquid from white bottle,1.0,Pour and close white bottle,1.0
770,3850,3869,3859,Pour liquid from white bottle,1.0,Pour and close white bottle,1.0
771,3855,3874,3864,Pour liquid from white bottle,1.0,Pour and close white bottle,1.0
772,3860,3879,3869,Pour liquid from white bottle,1.0,Pour and close white bottle,1.0
773,3865,3884,3874,Pour liquid from white bottle,1.0,Pour and close white bottle,1.0
774,3870,3889,3879,Pour liquid from white bottle,1.0,Pour and close white bottle,1.0
775,3875,3894,3884,Pour liquid from white bottle,1.0,Pour and close white bottle,1.0
776,3880,3899,3889,Pour liquid from white bottle,1.0,Pour and close white bottle,1.0
777,3885,3904,3894,Pour liquid from white bottle,1.0,Pour and close white bottle,1.0
778,3890,3909,3899,Pour liquid from white bottle,1.0,Pour and close white bottle,1.0
779,3895,3914,3904,Pour liquid from white bottle,1.0,Pour and close white bottle,1.0
780,3900,3919,3909,Pour liquid from white bottle,1.0,Pour and close white bottle,1.0
781,3905,3924,3914,Pour liquid from white bottle,0.75,Pour and close white bottle,1.0
782,3910,3929,3919,,0.5,Pour and close white bottle,1.0
783,3915,3934,3924,Close bottle cap,0.75,Pour and close white bottle,1.0
784,3920,3939,3929,Close bottle cap,1.0,Pour and close white bottle,1.0
785,3925,3944,3934,Close bottle cap,1.0,Pour and close white bottle,1.0
786,3930,3949,3939,Close bottle cap,1.0,Pour and close white bottle,1.0
787,3935,3954,3944,Close bottle cap,1.0,Pour and close white bottle,1.0
788,3940,3959,3949,Close bottle cap,1.0,Pour and close white bottle,1.0
789,3945,3964,3954,Close bottle cap,1.0,Pour and close white bottle,1.0
790,3950,3969,3959,Close bottle cap,1.0,Pour and close white bottle,1.0
791,3955,3974,3964,Close bottle cap,1.0,Pour and close white bottle,1.0
792,3960,3979,3969,Close bottle cap,1.0,Pour and close white bottle,1.0
793,3965,3984,3974,Close bottle cap,1.0,Pour and close white bottle,1.0
794,3970,3989,3979,Close bottle cap,1.0,Pour and close white bottle,1.0
795,3975,3994,3984,Close bottle cap,1.0,Pour and close white bottle,1.0
796,3980,3999,3989,Close bottle cap,1.0,Pour and close white bottle,1.0
797,3985,4004,3994,Close bottle cap,1.0,Pour and close white bottle,1.0
798,3990,4009,3999,Close bottle cap,1.0,Pour and close white bottle,1.0
799,3995,4014,4004,Close bottle cap,1.0,Pour and close white bottle,1.0
800,4000,4019,4009,Close bottle cap,1.0,Pour and close white bottle,1.0
801,4005,4024,4014,Close bottle cap,1.0,Pour and close white bottle,1.0
802,4010,4029,4019,Close bottle cap,1.0,Pour and close white bottle,1.0
803,4015,4034,4024,Close bottle cap,1.0,Pour and close white bottle,1.0
804,4020,4039,4029,Close bottle cap,1.0,Pour and close white bottle,1.0
805,4025,4044,4034,Close bottle cap,1.0,Pour and close white bottle,1.0
806,4030,4049,4039,Close bottle cap,1.0,Pour and close white bottle,1.0
807,4035,4054,4044,Close bottle cap,1.0,Pour and close white bottle,1.0
808,4040,4059,4049,Close bottle cap,1.0,Pour and close white bottle,1.0
809,4045,4064,4054,Close bottle cap,1.0,Pour and close white bottle,1.0
810,4050,4069,4059,Close bottle cap,1.0,Pour and close white bottle,1.0
811,4055,4074,4064,Close bottle cap,1.0,Pour and close white bottle,1.0
812,4060,4079,4069,Close bottle cap,1.0,Pour and close white bottle,1.0
813,4065,4084,4074,Close bottle cap,1.0,Pour and close white bottle,1.0
814,4070,4089,4079,Close bottle cap,1.0,Pour and close white bottle,1.0
815,4075,4094,4084,Close bottle cap,1.0,Pour and close white bottle,1.0
816,4080,4099,4089,Close bottle cap,1.0,Pour and close white bottle,1.0
817,4085,4104,4094,Close bottle cap,1.0,Pour and close white bottle,1.0
818,4090,4109,4099,Close bottle cap,1.0,Pour and close white bottle,1.0
819,4095,4114,4104,Close bottle cap,1.0,Pour and close white bottle,1.0
820,4100,4119,4109,Close bottle cap,1.0,Pour and close white bottle,1.0
821,4105,4124,4114,Close bottle cap,1.0,Pour and close white bottle,1.0
822,4110,4129,4119,Close bottle cap,1.0,Pour and close white bottle,1.0
823,4115,4134,4124,Close bottle cap,1.0,Pour and close white bottle,1.0
824,4120,4139,4129,Close bottle cap,1.0,Pour and close white bottle,1.0
825,4125,4144,4134,Close bottle cap,1.0,Pour and close white bottle,1.0
826,4130,4149,4139,Close bottle cap,1.0,Pour and close white bottle,1.0
827,4135,4154,4144,Close bottle cap,1.0,Pour and close white bottle,1.0
828,4140,4159,4149,Close bottle cap,1.0,Pour and close white bottle,1.0
829,4145,4164,4154,Close bottle cap,1.0,Pour and close white bottle,1.0
830,4150,4169,4159,Close bottle cap,1.0,Pour and close white bottle,1.0
831,4155,4174,4164,Close bottle cap,1.0,Pour and close white bottle,1.0
832,4160,4179,4169,Close bottle cap,1.0,Pour and close white bottle,1.0
833,4165,4184,4174,Close bottle cap,1.0,Pour and close white bottle,1.0
834,4170,4189,4179,Close bottle cap,1.0,Pour and close white bottle,1.0
835,4175,4194,4184,Close bottle cap,1.0,Pour and close white bottle,1.0
836,4180,4199,4189,Close bottle cap,1.0,Pour and close white bottle,1.0
837,4185,4204,4194,Close bottle cap,1.0,Pour and close white bottle,1.0
838,4190,4209,4199,Close bottle cap,1.0,Pour and close white bottle,1.0
839,4195,4214,4204,Close bottle cap,1.0,Pour and close white bottle,1.0
840,4200,4219,4209,Close bottle cap,1.0,Pour and close white bottle,1.0
841,4205,4224,4214,Close bottle cap,1.0,Pour and close white bottle,1.0
842,4210,4229,4219,Close bottle cap,1.0,Pour and close white bottle,1.0
843,4215,4234,4224,Close bottle cap,1.0,Pour and close white bottle,1.0
844,4220,4239,4229,Close bottle cap,1.0,Pour and close white bottle,1.0
845,4225,4244,4234,Close bottle cap,1.0,Pour and close white bottle,1.0
846,4230,4249,4239,Close bottle cap,1.0,Pour and close white bottle,1.0
847,4235,4254,4244,Close bottle cap,1.0,Pour and close white bottle,1.0
848,4240,4259,4249,Close bottle cap,1.0,Pour and close white bottle,1.0
849,4245,4264,4254,Close bottle cap,1.0,Pour and close white bottle,1.0
850,4250,4269,4259,Close bottle cap,1.0,Pour and close white bottle,1.0
851,4255,4274,4264,Close bottle cap,1.0,Pour and close white bottle,1.0
852,4260,4279,4269,Close bottle cap,1.0,Pour and close white bottle,1.0
853,4265,4284,4274,Close bottle cap,1.0,Pour and close white bottle,1.0
854,4270,4289,4279,Close bottle cap,1.0,Pour and close white bottle,1.0
855,4275,4294,4284,Close bottle cap,1.0,Pour and close white bottle,1.0
856,4280,4299,4289,Close bottle cap,1.0,Pour and close white bottle,1.0
857,4285,4304,4294,Close bottle cap,1.0,Pour and close white bottle,1.0
858,4290,4309,4299,Close bottle cap,1.0,Pour and close white bottle,1.0
859,4295,4314,4304,Close bottle cap,1.0,Pour and close white bottle,1.0
860,4300,4319,4309,Close bottle cap,1.0,Pour and close white bottle,1.0
861,4305,4324,4314,Close bottle cap,1.0,Pour and close white bottle,1.0
862,4310,4329,4319,Close bottle cap,1.0,Pour and close white bottle,1.0
863,4315,4334,4324,Close bottle cap,1.0,Pour and close white bottle,1.0
864,4320,4339,4329,Close bottle cap,1.0,Pour and close white bottle,1.0
865,4325,4344,4334,Close bottle cap,1.0,Pour and close white bottle,1.0
866,4330,4349,4339,Close bottle cap,1.0,Pour and close white bottle,1.0
867,4335,4354,4344,Close bottle cap,1.0,Pour and close white bottle,1.0
868,4340,4359,4349,Close bottle cap,1.0,Pour and close white bottle,1.0
869,4345,4364,4354,Close bottle cap,1.0,Pour and close white bottle,0.8
870,4350,4369,4359,Close bottle cap,1.0,,0.55
871,4355,4374,4364,Close bottle cap,1.0,Move bottle to coffee equipment,0.7
872,4360,4379,4369,Close bottle cap,1.0,Move bottle to coffee equipment,0.95
873,4365,4384,4374,Close bottle cap,1.0,Move bottle to coffee equipment,1.0
874,4370,4389,4379,Close bottle cap,1.0,Move bottle to coffee equipment,1.0
875,4375,4394,4384,Close bottle cap,1.0,Move bottle to coffee equipment,1.0
876,4380,4399,4389,Close bottle cap,1.0,Move bottle to coffee equipment,1.0
877,4385,4404,4394,Close bottle cap,0.75,Move bottle to coffee equipment,0.75
878,4390,4409,4399,,0.5,,0.5
879,4395,4414,4404,Place item on table,0.75,Prepare for pouring,0.75
880,4400,4419,4409,Place item on table,1.0,Prepare for pouring,1.0
881,4405,4424,4414,Place item on table,1.0,Prepare for pouring,1.0
882,4410,4429,4419,Place item on table,1.0,Prepare for pouring,1.0
883,4415,4434,4424,Place item on table,1.0,Prepare for pouring,1.0
884,4420,4439,4429,Place item on table,1.0,Prepare for pouring,1.0
885,4425,4444,4434,Place item on table,1.0,Prepare for pouring,1.0
886,4430,4449,4439,Place item on table,1.0,Prepare for pouring,1.0
887,4435,4454,4444,Place item on table,1.0,Prepare for pouring,1.0
888,4440,4459,4449,Place item on table,1.0,Prepare for pouring,1.0
889,4445,4464,4454,Place item on table,1.0,Prepare for pouring,1.0
890,4450,4469,4459,Place item on table,1.0,Prepare for pouring,1.0
891,4455,4474,4464,Place item on table,1.0,Prepare for pouring,1.0
892,4460,4479,4469,Place item on table,1.0,Prepare for pouring,1.0
893,4465,4484,4474,Place item on table,1.0,Prepare for pouring,1.0
894,4470,4489,4479,Place item on table,1.0,Prepare for pouring,1.0
895,4475,4494,4484,Place item on table,1.0,Prepare for pouring,1.0
896,4480,4499,4489,Place item on table,1.0,Prepare for pouring,1.0
897,4485,4504,4494,Place item on table,1.0,Prepare for pouring,1.0
898,4490,4509,4499,Place item on table,1.0,Prepare for pouring,1.0
899,4495,4514,4504,Place item on table,1.0,Prepare for pouring,1.0
900,4500,4519,4509,Place item on table,1.0,Prepare for pouring,1.0
901,4505,4524,4514,Place item on table,0.75,Prepare for pouring,1.0
902,4510,4529,4519,,0.5,Prepare for pouring,1.0
903,4515,4534,4524,Wait/Prepare for pouring,0.75,Prepare for pouring,1.0
904,4520,4539,4529,Wait/Prepare for pouring,1.0,Prepare for pouring,1.0
905,4525,4544,4534,Wait/Prepare for pouring,1.0,Prepare for pouring,1.0
906,4530,4549,4539,Wait/Prepare for pouring,1.0,Prepare for pouring,1.0
907,4535,4554,4544,Wait/Prepare for pouring,1.0,Prepare for pouring,1.0
908,4540,4559,4549,Wait/Prepare for pouring,1.0,Prepare for pouring,1.0
909,4545,4564,4554,Wait/Prepare for pouring,1.0,Prepare for pouring,1.0
910,4550,4569,4559,Wait/Prepare for pouring,1.0,Prepare for pouring,1.0
911,4555,4574,4564,Wait/Prepare for pouring,1.0,Prepare for pouring,1.0
912,4560,4579,4569,Wait/Prepare for pouring,1.0,Prepare for pouring,1.0
913,4565,4584,4574,Wait/Prepare for pouring,1.0,Prepare for pouring,1.0
914,4570,4589,4579,Wait/Prepare for pouring,1.0,Prepare for pouring,1.0
915,4575,4594,4584,Wait/Prepare for pouring,1.0,Prepare for pouring,1.0
916,4580,4599,4589,Wait/Prepare for pouring,1.0,Prepare for pouring,1.0
917,4585,4604,4594,Wait/Prepare for pouring,1.0,Prepare for pouring,1.0
918,4590,4609,4599,Wait/Prepare for pouring,1.0,Prepare for pouring,1.0
919,4595,4614,4604,Wait/Prepare for pouring,1.0,Prepare for pouring,1.0
920,4600,4619,4609,Wait/Prepare for pouring,1.0,Prepare for pouring,1.0
921,4605,4624,4614,Wait/Prepare for pouring,1.0,Prepare for pouring,1.0
922,4610,4629,4619,Wait/Prepare for pouring,1.0,Prepare for pouring,1.0
923,4615,4634,4624,Wait/Prepare for pouring,1.0,Prepare for pouring,1.0
924,4620,4639,4629,Wait/Prepare for pouring,1.0,Prepare for pouring,1.0
925,4625,4644,4634,Wait/Prepare for pouring,1.0,Prepare for pouring,1.0
926,4630,4649,4639,Wait/Prepare for pouring,1.0,Prepare for pouring,1.0
927,4635,4654,4644,Wait/Prepare for pouring,1.0,Prepare for pouring,1.0
928,4640,4659,4649,Wait/Prepare for pouring,1.0,Prepare for pouring,1.0
929,4645,4664,4654,Wait/Prepare for pouring,1.0,Prepare for pouring,1.0
930,4650,4669,4659,Wait/Prepare for pouring,1.0,Prepare for pouring,1.0
931,4655,4674,4664,Wait/Prepare for pouring,1.0,Prepare for pouring,1.0
932,4660,4679,4669,Wait/Prepare for pouring,1.0,Prepare for pouring,1.0
933,4665,4684,4674,Wait/Prepare for pouring,1.0,Prepare for pouring,1.0
934,4670,4689,4679,Wait/Prepare for pouring,1.0,Prepare for pouring,1.0
935,4675,4694,4684,Wait/Prepare for pouring,1.0,Prepare for pouring,1.0
936,4680,4699,4689,Wait/Prepare for pouring,1.0,Prepare for pouring,1.0
937,4685,4704,4694,Wait/Prepare for pouring,1.0,Prepare for pouring,1.0
938,4690,4709,4699,Wait/Prepare for pouring,1.0,Prepare for pouring,1.0
939,4695,4714,4704,Wait/Prepare for pouring,1.0,Prepare for pouring,1.0
940,4700,4719,4709,Wait/Prepare for pouring,1.0,Prepare for pouring,1.0
941,4705,4724,4714,Wait/Prepare for pouring,1.0,Prepare for pouring,1.0
942,4710,4729,4719,Wait/Prepare for pouring,1.0,Prepare for pouring,1.0
943,4715,4734,4724,Wait/Prepare for pouring,1.0,Prepare for pouring,1.0
944,4720,4739,4729,Wait/Prepare for pouring,1.0,Prepare for pouring,1.0
945,4725,4744,4734,Wait/Prepare for pouring,1.0,Prepare for pouring,1.0
946,4730,4749,4739,Wait/Prepare for pouring,1.0,Prepare for pouring,1.0
947,4735,4754,4744,Wait/Prepare for pouring,1.0,Prepare for pouring,1.0
948,4740,4759,4749,Wait/Prepare for pouring,1.0,Prepare for pouring,1.0
949,4745,4764,4754,Wait/Prepare for pouring,1.0,Prepare for pouring,1.0
950,4750,4769,4759,Wait/Prepare for pouring,1.0,Prepare for pouring,1.0
951,4755,4774,4764,Wait/Prepare for pouring,1.0,Prepare for pouring,1.0
952,4760,4779,4769,Wait/Prepare for pouring,1.0,Prepare for pouring,1.0
953,4765,4784,4774,Wait/Prepare for pouring,1.0,Prepare for pouring,1.0
954,4770,4789,4779,Wait/Prepare for pouring,1.0,Prepare for pouring,1.0
955,4775,4794,4784,Wait/Prepare for pouring,1.0,Prepare for pouring,1.0
956,4780,4799,4789,Wait/Prepare for pouring,1.0,Prepare for pouring,1.0
957,4785,4804,4794,Wait/Prepare for pouring,1.0,Prepare for pouring,1.0
958,4790,4809,4799,Wait/Prepare for pouring,1.0,Prepare for pouring,1.0
959,4795,4814,4804,Wait/Prepare for pouring,1.0,Prepare for pouring,1.0
960,4800,4819,4809,Wait/Prepare for pouring,1.0,Prepare for pouring,1.0
961,4805,4824,4814,Wait/Prepare for pouring,1.0,Prepare for pouring,1.0
962,4810,4829,4819,Wait/Prepare for pouring,1.0,Prepare for pouring,1.0
963,4815,4834,4824,Wait/Prepare for pouring,1.0,Prepare for pouring,1.0
964,4820,4839,4829,Wait/Prepare for pouring,1.0,Prepare for pouring,1.0
965,4825,4844,4834,Wait/Prepare for pouring,1.0,Prepare for pouring,1.0
966,4830,4849,4839,Wait/Prepare for pouring,1.0,Prepare for pouring,1.0
967,4835,4854,4844,Wait/Prepare for pouring,1.0,Prepare for pouring,1.0
968,4840,4859,4849,Wait/Prepare for pouring,1.0,Prepare for pouring,1.0
969,4845,4864,4854,Wait/Prepare for pouring,1.0,Prepare for pouring,1.0
970,4850,4869,4859,Wait/Prepare for pouring,1.0,Prepare for pouring,1.0
971,4855,4874,4864,Wait/Prepare for pouring,1.0,Prepare for pouring,1.0
972,4860,4879,4869,Wait/Prepare for pouring,1.0,Prepare for pouring,1.0
973,4865,4884,4874,Wait/Prepare for pouring,1.0,Prepare for pouring,1.0
974,4870,4889,4879,Wait/Prepare for pouring,1.0,Prepare for pouring,1.0
975,4875,4894,4884,Wait/Prepare for pouring,1.0,Prepare for pouring,1.0
976,4880,4899,4889,Wait/Prepare for pouring,1.0,Prepare for pouring,1.0
977,4885,4904,4894,Wait/Prepare for pouring,1.0,Prepare for pouring,1.0
978,4890,4909,4899,Wait/Prepare for pouring,1.0,Prepare for pouring,1.0
979,4895,4914,4904,Wait/Prepare for pouring,1.0,Prepare for pouring,1.0
980,4900,4919,4909,Wait/Prepare for pouring,1.0,Prepare for pouring,1.0
981,4905,4924,4914,Wait/Prepare for pouring,1.0,Prepare for pouring,1.0
982,4910,4929,4919,Wait/Prepare for pouring,1.0,Prepare for pouring,1.0
983,4915,4934,4924,Wait/Prepare for pouring,1.0,Prepare for pouring,1.0
984,4920,4939,4929,Wait/Prepare for pouring,1.0,Prepare for pouring,1.0
985,4925,4944,4934,Wait/Prepare for pouring,1.0,Prepare for pouring,1.0
986,4930,4949,4939,Wait/Prepare for pouring,1.0,Prepare for pouring,1.0
987,4935,4954,4944,Wait/Prepare for pouring,1.0,Prepare for pouring,1.0
988,4940,4959,4949,Wait/Prepare for pouring,1.0,Prepare for pouring,1.0
989,4945,4964,4954,Wait/Prepare for pouring,1.0,Prepare for pouring,1.0
990,4950,4969,4959,Wait/Prepare for pouring,1.0,Prepare for pouring,1.0
991,4955,4974,4964,Wait/Prepare for pouring,1.0,Prepare for pouring,1.0
992,4960,4979,4969,Wait/Prepare for pouring,1.0,Prepare for pouring,1.0
993,4965,4984,4974,Wait/Prepare for pouring,1.0,Prepare for pouring,1.0
994,4970,4989,4979,Wait/Prepare for pouring,1.0,Prepare for pouring,1.0
995,4975,4994,4984,Wait/Prepare for pouring,1.0,Prepare for pouring,1.0
996,4980,4999,4989,Wait/Prepare for pouring,1.0,Prepare for pouring,1.0
997,4985,5004,4994,Wait/Prepare for pouring,0.75,Prepare for pouring,0.75
998,4990,5009,4999,,0.5,,0.5
999,4995,5014,5004,Pour coffee,0.75,Pour coffee,0.75
1000,5000,5019,5009,Pour coffee,1.0,Pour coffee,1.0
1001,5005,5024,5014,Pour coffee,1.0,Pour coffee,1.0
1002,5010,5029,5019,Pour coffee,1.0,Pour coffee,1.0
1003,5015,5034,5024,Pour coffee,1.0,Pour coffee,1.0
1004,5020,5039,5029,Pour coffee,1.0,Pour coffee,1.0
1005,5025,5044,5034,Pour coffee,1.0,Pour coffee,1.0
1006,5030,5049,5039,Pour coffee,1.0,Pour coffee,1.0
1007,5035,5054,5044,Pour coffee,1.0,Pour coffee,1.0
1008,5040,5059,5049,Pour coffee,1.0,Pour coffee,1.0
1009,5045,5064,5054,Pour coffee,1.0,Pour coffee,1.0
1010,5050,5069,5059,Pour coffee,1.0,Pour coffee,1.0
1011,5055,5074,5064,Pour coffee,1.0,Pour coffee,1.0
1012,5060,5079,5069,Pour coffee,1.0,Pour coffee,1.0
1013,5065,5084,5074,Pour coffee,1.0,Pour coffee,1.0
1014,5070,5089,5079,Pour coffee,1.0,Pour coffee,1.0
1015,5075,5094,5084,Pour coffee,1.0,Pour coffee,1.0
1016,5080,5099,5089,Pour coffee,1.0,Pour coffee,1.0
1017,5085,5104,5094,Pour coffee,1.0,Pour coffee,1.0
1018,5090,5109,5099,Pour coffee,1.0,Pour coffee,1.0
1019,5095,5114,5104,Pour coffee,1.0,Pour coffee,1.0
1020,5100,5119,5109,Pour coffee,1.0,Pour coffee,1.0
1021,5105,5124,5114,Pour coffee,1.0,Pour coffee,1.0
1022,5110,5129,5119,Pour coffee,1.0,Pour coffee,1.0
1023,5115,5134,5124,Pour coffee,1.0,Pour coffee,1.0
1024,5120,5139,5129,Pour coffee,1.0,Pour coffee,1.0
1025,5125,5144,5134,Pour coffee,1.0,Pour coffee,1.0
1026,5130,5149,5139,Pour coffee,1.0,Pour coffee,1.0
1027,5135,5154,5144,Pour coffee,1.0,Pour coffee,1.0
1028,5140,5159,5149,Pour coffee,1.0,Pour coffee,1.0
1029,5145,5164,5154,Pour coffee,1.0,Pour coffee,1.0
1030,5150,5169,5159,Pour coffee,1.0,Pour coffee,1.0
1031,5155,5174,5164,Pour coffee,1.0,Pour coffee,1.0
1032,5160,5179,5169,Pour coffee,1.0,Pour coffee,1.0
1033,5165,5184,5174,Pour coffee,1.0,Pour coffee,1.0
1034,5170,5189,5179,Pour coffee,1.0,Pour coffee,1.0
1035,5175,5194,5184,Pour coffee,1.0,Pour coffee,1.0
1036,5180,5199,5189,Pour coffee,1.0,Pour coffee,1.0
1037,5185,5204,5194,Pour coffee,1.0,Pour coffee,1.0
1038,5190,5209,5199,Pour coffee,1.0,Pour coffee,1.0
1039,5195,5214,5204,Pour coffee,1.0,Pour coffee,1.0
1040,5200,5219,5209,Pour coffee,1.0,Pour coffee,1.0
1041,5205,5224,5214,Pour coffee,1.0,Pour coffee,1.0
1042,5210,5229,5219,Pour coffee,1.0,Pour coffee,1.0
1043,5215,5234,5224,Pour coffee,1.0,Pour coffee,1.0
1044,5220,5239,5229,Pour coffee,1.0,Pour coffee,1.0
1045,5225,5244,5234,Pour coffee,1.0,Pour coffee,1.0
1046,5230,5249,5239,Pour coffee,1.0,Pour coffee,1.0
1047,5235,5254,5244,Pour coffee,1.0,Pour coffee,1.0
1048,5240,5259,5249,Pour coffee,1.0,Pour coffee,1.0
1049,5245,5264,5254,Pour coffee,1.0,Pour coffee,1.0
1050,5250,5269,5259,Pour coffee,1.0,Pour coffee,1.0
1051,5255,5274,5264,Pour coffee,1.0,Pour coffee,1.0
1052,5260,5279,5269,Pour coffee,1.0,Pour coffee,1.0
1053,5265,5284,5274,Pour coffee,1.0,Pour coffee,1.0
1054,5270,5289,5279,Pour coffee,1.0,Pour coffee,1.0
1055,5275,5294,5284,Pour coffee,1.0,Pour coffee,1.0
1056,5280,5299,5289,Pour coffee,1.0,Pour coffee,1.0
1057,5285,5304,5294,Pour coffee,1.0,Pour coffee,1.0
1058,5290,5309,5299,Pour coffee,1.0,Pour coffee,1.0
1059,5295,5314,5304,Pour coffee,1.0,Pour coffee,1.0
1060,5300,5319,5309,Pour coffee,1.0,Pour coffee,1.0
1061,5305,5324,5314,Pour coffee,1.0,Pour coffee,1.0
1062,5310,5329,5319,Pour coffee,1.0,Pour coffee,1.0
1063,5315,5334,5324,Pour coffee,1.0,Pour coffee,1.0
1064,5320,5339,5329,Pour coffee,1.0,Pour coffee,1.0
1065,5325,5344,5334,Pour coffee,1.0,Pour coffee,1.0
1066,5330,5349,5339,Pour coffee,1.0,Pour coffee,1.0
1067,5335,5354,5344,Pour coffee,1.0,Pour coffee,1.0
1068,5340,5359,5349,Pour coffee,1.0,Pour coffee,1.0
1069,5345,5364,5354,Pour coffee,1.0,Pour coffee,1.0
1070,5350,5369,5359,Pour coffee,1.0,Pour coffee,1.0
1071,5355,5374,5364,Pour coffee,1.0,Pour coffee,1.0
1072,5360,5379,5369,Pour coffee,1.0,Pour coffee,1.0
1073,5365,5384,5374,Pour coffee,1.0,Pour coffee,1.0
1074,5370,5389,5379,Pour coffee,1.0,Pour coffee,1.0
1075,5375,5394,5384,Pour coffee,1.0,Pour coffee,1.0
1076,5380,5399,5389,Pour coffee,1.0,Pour coffee,1.0
1077,5385,5404,5394,Pour coffee,1.0,Pour coffee,1.0
1078,5390,5409,5399,Pour coffee,1.0,Pour coffee,1.0
1079,5395,5414,5404,Pour coffee,1.0,Pour coffee,1.0
1080,5400,5419,5409,Pour coffee,1.0,Pour coffee,1.0
1081,5405,5424,5414,Pour coffee,1.0,Pour coffee,1.0
1082,5410,5429,5419,Pour coffee,1.0,Pour coffee,1.0
1083,5415,5434,5424,Pour coffee,1.0,Pour coffee,1.0
1084,5420,5439,5429,Pour coffee,1.0,Pour coffee,1.0
1085,5425,5444,5434,Pour coffee,1.0,Pour coffee,1.0
1086,5430,5449,5439,Pour coffee,1.0,Pour coffee,1.0
1087,5435,5454,5444,Pour coffee,1.0,Pour coffee,1.0
1088,5440,5459,5449,Pour coffee,1.0,Pour coffee,1.0
1089,5445,5464,5454,Pour coffee,1.0,Pour coffee,1.0
1090,5450,5469,5459,Pour coffee,1.0,Pour coffee,1.0
1091,5455,5474,5464,Pour coffee,1.0,Pour coffee,1.0
1092,5460,5479,5469,Pour coffee,1.0,Pour coffee,1.0
1093,5465,5484,5474,Pour coffee,1.0,Pour coffee,1.0
1094,5470,5489,5479,Pour coffee,1.0,Pour coffee,1.0
1095,5475,5494,5484,Pour coffee,1.0,Pour coffee,1.0
1096,5480,5499,5489,Pour coffee,1.0,Pour coffee,1.0
1097,5485,5504,5494,Pour coffee,1.0,Pour coffee,1.0
1098,5490,5509,5499,Pour coffee,1.0,Pour coffee,1.0
1099,5495,5514,5504,Pour coffee,1.0,Pour coffee,1.0
1100,5500,5519,5509,Pour coffee,1.0,Pour coffee,1.0
1101,5505,5524,5514,Pour coffee,1.0,Pour coffee,1.0
1102,5510,5529,5519,Pour coffee,1.0,Pour coffee,1.0
1103,5515,5534,5524,Pour coffee,1.0,Pour coffee,1.0
1104,5520,5539,5529,Pour coffee,1.0,Pour coffee,1.0
1105,5525,5544,5534,Pour coffee,1.0,Pour coffee,1.0
1106,5530,5549,5539,Pour coffee,1.0,Pour coffee,1.0
1107,5535,5554,5544,Pour coffee,1.0,Pour coffee,1.0
1108,5540,5559,5549,Pour coffee,1.0,Pour coffee,1.0
1109,5545,5564,5554,Pour coffee,1.0,Pour coffee,1.0
1110,5550,5569,5559,Pour coffee,1.0,Pour coffee,1.0
1111,5555,5574,5564,Pour coffee,1.0,Pour coffee,1.0
1112,5560,5579,5569,Pour coffee,1.0,Pour coffee,1.0
1113,5565,5584,5574,Pour coffee,1.0,Pour coffee,1.0
1114,5570,5589,5579,Pour coffee,1.0,Pour coffee,1.0
1115,5575,5594,5584,Pour coffee,1.0,Pour coffee,1.0
1116,5580,5599,5589,Pour coffee,1.0,Pour coffee,1.0
1117,5585,5604,5594,Pour coffee,1.0,Pour coffee,1.0
1118,5590,5609,5599,Pour coffee,1.0,Pour coffee,1.0
1119,5595,5614,5604,Pour coffee,1.0,Pour coffee,1.0
1120,5600,5619,5609,Pour coffee,1.0,Pour coffee,1.0
1121,5605,5624,5614,Pour coffee,1.0,Pour coffee,1.0
1122,5610,5629,5619,Pour coffee,1.0,Pour coffee,1.0
1123,5615,5634,5624,Pour coffee,1.0,Pour coffee,1.0
1124,5620,5639,5629,Pour coffee,1.0,Pour coffee,1.0
1125,5625,5644,5634,Pour coffee,1.0,Pour coffee,1.0
1126,5630,5649,5639,Pour coffee,1.0,Pour coffee,1.0
1127,5635,5654,5644,Pour coffee,1.0,Pour coffee,1.0
1128,5640,5659,5649,Pour coffee,1.0,Pour coffee,1.0
1129,5645,5664,5654,Pour coffee,1.0,Pour coffee,1.0
1130,5650,5669,5659,Pour coffee,1.0,Pour coffee,1.0
1131,5655,5674,5664,Pour coffee,1.0,Pour coffee,1.0
1132,5660,5679,5669,Pour coffee,1.0,Pour coffee,1.0
1133,5665,5684,5674,Pour coffee,1.0,Pour coffee,1.0
1134,5670,5689,5679,Pour coffee,1.0,Pour coffee,1.0
1135,5675,5694,5684,Pour coffee,1.0,Pour coffee,1.0
1136,5680,5699,5689,Pour coffee,1.0,Pour coffee,1.0
1137,5685,5704,5694,Pour coffee,1.0,Pour coffee,1.0
1138,5690,5709,5699,Pour coffee,1.0,Pour coffee,1.0
1139,5695,5714,5704,Pour coffee,1.0,Pour coffee,1.0
1140,5700,5719,5709,Pour coffee,1.0,Pour coffee,1.0
1141,5705,5724,5714,Pour coffee,1.0,Pour coffee,1.0
1142,5710,5729,5719,Pour coffee,1.0,Pour coffee,1.0
1143,5715,5734,5724,Pour coffee,1.0,Pour coffee,1.0
1144,5720,5739,5729,Pour coffee,1.0,Pour coffee,1.0
1145,5725,5744,5734,Pour coffee,1.0,Pour coffee,1.0
1146,5730,5749,5739,Pour coffee,1.0,Pour coffee,1.0
1147,5735,5754,5744,Pour coffee,1.0,Pour coffee,1.0
1148,5740,5759,5749,Pour coffee,1.0,Pour coffee,1.0
1149,5745,5764,5754,Pour coffee,1.0,Pour coffee,0.8
1150,5750,5769,5759,Pour coffee,1.0,,0.55
1151,5755,5774,5764,Pour coffee,1.0,Pour milk into coffee,0.7
1152,5760,5779,5769,Pour coffee,1.0,Pour milk into coffee,0.95
1153,5765,5784,5774,Pour coffee,1.0,Pour milk into coffee,1.0
1154,5770,5789,5779,Pour coffee,1.0,Pour milk into coffee,1.0
1155,5775,5794,5784,Pour coffee,1.0,Pour milk into coffee,1.0
1156,5780,5799,5789,Pour coffee,1.0,Pour milk into coffee,1.0
1157,5785,5804,5794,Pour coffee,0.75,Pour milk into coffee,1.0
1158,5790,5809,5799,,0.5,Pour milk into coffee,1.0
1159,5795,5814,5804,Pour milk into coffee,0.75,Pour milk into coffee,1.0
1160,5800,5819,5809,Pour milk into coffee,1.0,Pour milk into coffee,1.0
