id,episode_id,split,start_frame,end_frame,main_task,true_label,predicted_label,correct
8a8e1b3c-607e-4ada-b3fd-fa639727e92c__ep1:qa:0,8a8e1b3c-607e-4ada-b3fd-fa639727e92c__ep1,test,0,19,Cooking and cleaning in the kitchen,no,no,1
8a8e1b3c-607e-4ada-b3fd-fa639727e92c__ep1:qa:20,8a8e1b3c-607e-4ada-b3fd-fa639727e92c__ep1,test,400,419,Cooking and cleaning in the kitchen,no,no,1
8a8e1b3c-607e-4ada-b3fd-fa639727e92c__ep1:qa:46,8a8e1b3c-607e-4ada-b3fd-fa639727e92c__ep1,test,920,939,Cooking and cleaning in the kitchen,no,no,1
8a8e1b3c-607e-4ada-b3fd-fa639727e92c__ep1:qa:50,8a8e1b3c-607e-4ada-b3fd-fa639727e92c__ep1,test,1000,1019,Cooking and cleaning in the kitchen,no,yes,0
8a8e1b3c-607e-4ada-b3fd-fa639727e92c__ep1:qa:62,8a8e1b3c-607e-4ada-b3fd-fa639727e92c__ep1,test,1240,1259,Cooking and cleaning in the kitchen,no,yes,0
8a8e1b3c-607e-4ada-b3fd-fa639727e92c__ep1:qa:70,8a8e1b3c-607e-4ada-b3fd-fa639727e92c__ep1,test,1400,1419,Cooking and cleaning in the kitchen,no,yes,0
8a8e1b3c-607e-4ada-b3fd-fa639727e92c__ep1:qa:71,8a8e1b3c-607e-4ada-b3fd-fa639727e92c__ep1,test,1420,1439,Cooking and cleaning in the kitchen,no,yes,0
8a8e1b3c-607e-4ada-b3fd-fa639727e92c__ep1:qa:90,8a8e1b3c-607e-4ada-b3fd-fa639727e92c__ep1,test,1800,1819,Cooking and cleaning in the kitchen,no,yes,0
8a8e1b3c-607e-4ada-b3fd-fa639727e92c__ep1:qa:100,8a8e1b3c-607e-4ada-b3fd-fa639727e92c__ep1,test,2000,2019,Cooking and cleaning in the kitchen,no,yes,0
8a8e1b3c-607e-4ada-b3fd-fa639727e92c__ep1:qa:120,8a8e1b3c-607e-4ada-b3fd-fa639727e92c__ep1,test,2400,2419,Cooking and cleaning in the kitchen,no,yes,0
8a8e1b3c-607e-4ada-b3fd-fa639727e92c__ep1:qa:126,8a8e1b3c-607e-4ada-b3fd-fa639727e92c__ep1,test,2520,2539,Cooking and cleaning in the kitchen,no,yes,0
8a8e1b3c-607e-4ada-b3fd-fa639727e92c__ep1:qa:127,8a8e1b3c-607e-4ada-b3fd-fa639727e92c__ep1,test,2540,2559,Cooking and cleaning in the kitchen,no,yes,0
8a8e1b3c-607e-4ada-b3fd-fa639727e92c__ep1:qa:134,8a8e1b3c-607e-4ada-b3fd-fa639727e92c__ep1,test,2680,2699,Cooking and cleaning in the kitchen,no,yes,0
8a8e1b3c-607e-4ada-b3fd-fa639727e92c__ep1:qa:140,8a8e1b3c-607e-4ada-b3fd-fa639727e92c__ep1,test,2800,2819,Cooking and cleaning in the kitchen,no,yes,0
8a8e1b3c-607e-4ada-b3fd-fa639727e92c__ep1:qa:150,8a8e1b3c-607e-4ada-b3fd-fa639727e92c__ep1,test,3000,3019,Cooking and cleaning in the kitchen,no,yes,0
8a8e1b3c-607e-4ada-b3fd-fa639727e92c__ep1:qa:156,8a8e1b3c-607e-4ada-b3fd-fa639727e92c__ep1,test,3120,3139,Cooking and cleaning in the kitchen,no,yes,0
8a8e1b3c-607e-4ada-b3fd-fa639727e92c__ep1:qa:166,8a8e1b3c-607e-4ada-b3fd-fa639727e92c__ep1,test,3320,3339,Cooking and cleaning in the kitchen,no,yes,0
8a8e1b3c-607e-4ada-b3fd-fa639727e92c__ep1:qa:170,8a8e1b3c-607e-4ada-b3fd-fa639727e92c__ep1,test,3400,3419,Cooking and cleaning in the kitchen,no,yes,0
8a8e1b3c-607e-4ada-b3fd-fa639727e92c__ep1:qa:184,8a8e1b3c-607e-4ada-b3fd-fa639727e92c__ep1,test,3680,3699,Cooking and cleaning in the kitchen,no,yes,0
8a8e1b3c-607e-4ada-b3fd-fa639727e92c__ep1:qa:185,8a8e1b3c-607e-4ada-b3fd-fa639727e92c__ep1,test,3700,3719,Cooking and cleaning in the kitchen,no,yes,0
8a8e1b3c-607e-4ada-b3fd-fa639727e92c__ep1:qa:192,8a8e1b3c-607e-4ada-b3fd-fa639727e92c__ep1,test,3840,3859,Cooking and cleaning in the kitchen,yes,yes,1
8a8e1b3c-607e-4ada-b3fd-fa639727e92c__ep1:qa:200,8a8e1b3c-607e-4ada-b3fd-fa639727e92c__ep1,test,4000,4019,Cooking and cleaning in the kitchen,no,yes,0
8a8e1b3c-607e-4ada-b3fd-fa639727e92c__ep1:qa:204,8a8e1b3c-607e-4ada-b3fd-fa639727e92c__ep1,test,4080,4099,Cooking and cleaning in the kitchen,no,yes,0
8a8e1b3c-607e-4ada-b3fd-fa639727e92c__ep1:qa:205,8a8e1b3c-607e-4ada-b3fd-fa639727e92c__ep1,test,4100,4119,Cooking and cleaning in the kitchen,no,yes,0
8a8e1b3c-607e-4ada-b3fd-fa639727e92c__ep1:qa:212,8a8e1b3c-607e-4ada-b3fd-fa639727e92c__ep1,test,4240,4259,Cooking and cleaning in the kitchen,no,yes,0
8a8e1b3c-607e-4ada-b3fd-fa639727e92c__ep1:qa:220,8a8e1b3c-607e-4ada-b3fd-fa639727e92c__ep1,test,4400,4419,Cooking and cleaning in the kitchen,no,yes,0
8a8e1b3c-607e-4ada-b3fd-fa639727e92c__ep1:qa:224,8a8e1b3c-607e-4ada-b3fd-fa639727e92c__ep1,test,4480,4499,Cooking and cleaning in the kitchen,no,yes,0
8a8e1b3c-607e-4ada-b3fd-fa639727e92c__ep1:qa:232,8a8e1b3c-607e-4ada-b3fd-fa639727e92c__ep1,test,4640,4659,Cooking and cleaning in the kitchen,no,yes,0
8a8e1b3c-607e-4ada-b3fd-fa639727e92c__ep1:qa:236,8a8e1b3c-607e-4ada-b3fd-fa639727e92c__ep1,test,4720,4739,Cooking and cleaning in the kitchen,no,yes,0
8a8e1b3c-607e-4ada-b3fd-fa639727e92c__ep1:qa:237,8a8e1b3c-607e-4ada-b3fd-fa639727e92c__ep1,test,4740,4759,Cooking and cleaning in the kitchen,no,yes,0
8a8e1b3c-607e-4ada-b3fd-fa639727e92c__ep1:qa:240,8a8e1b3c-607e-4ada-b3fd-fa639727e92c__ep1,test,4800,4819,Cooking and cleaning in the kitchen,no,yes,0
8a8e1b3c-607e-4ada-b3fd-fa639727e92c__ep1:qa:244,8a8e1b3c-607e-4ada-b3fd-fa639727e92c__ep1,test,4880,4899,Cooking and cleaning in the kitchen,no,yes,0
a1012a57-385e-45a9-8a59-694a26fe92a5__ep1:qa:0,a1012a57-385e-45a9-8a59-694a26fe92a5__ep1,test,0,19,Cutting cardboard with a utility knife,no,no,1
a1012a57-385e-45a9-8a59-694a26fe92a5__ep1:qa:1,a1012a57-385e-45a9-8a59-694a26fe92a5__ep1,test,20,39,Cutting cardboard with a utility knife,no,no,1
a1012a57-385e-45a9-8a59-694a26fe92a5__ep1:qa:2,a1012a57-385e-45a9-8a59-694a26fe92a5__ep1,test,40,59,Cutting cardboard with a utility knife,no,no,1
a1012a57-385e-45a9-8a59-694a26fe92a5__ep1:qa:3,a1012a57-385e-45a9-8a59-694a26fe92a5__ep1,test,60,79,Cutting cardboard with a utility knife,no,no,1
a1012a57-385e-45a9-8a59-694a26fe92a5__ep1:qa:4,a1012a57-385e-45a9-8a59-694a26fe92a5__ep1,test,80,99,Cutting cardboard with a utility knife,no,no,1
a1012a57-385e-45a9-8a59-694a26fe92a5__ep1:qa:5,a1012a57-385e-45a9-8a59-694a26fe92a5__ep1,test,100,119,Cutting cardboard with a utility knife,no,no,1
a1012a57-385e-45a9-8a59-694a26fe92a5__ep1:qa:6,a1012a57-385e-45a9-8a59-694a26fe92a5__ep1,test,120,139,Cutting cardboard with a utility knife,no,no,1
a1012a57-385e-45a9-8a59-694a26fe92a5__ep1:qa:12,a1012a57-385e-45a9-8a59-694a26fe92a5__ep1,test,240,259,Cutting cardboard with a utility knife,no,no,1
a1012a57-385e-45a9-8a59-694a26fe92a5__ep1:qa:13,a1012a57-385e-45a9-8a59-694a26fe92a5__ep1,test,260,279,Cutting cardboard with a utility knife,no,no,1
a1012a57-385e-45a9-8a59-694a26fe92a5__ep1:qa:14,a1012a57-385e-45a9-8a59-694a26fe92a5__ep1,test,280,299,Cutting cardboard with a utility knife,no,no,1
a1012a57-385e-45a9-8a59-694a26fe92a5__ep1:qa:15,a1012a57-385e-45a9-8a59-694a26fe92a5__ep1,test,300,319,Cutting cardboard with a utility knife,no,no,1
a1012a57-385e-45a9-8a59-694a26fe92a5__ep1:qa:16,a1012a57-385e-45a9-8a59-694a26fe92a5__ep1,test,320,339,Cutting cardboard with a utility knife,no,no,1
a1012a57-385e-45a9-8a59-694a26fe92a5__ep1:qa:17,a1012a57-385e-45a9-8a59-694a26fe92a5__ep1,test,340,359,Cutting cardboard with a utility knife,no,no,1
a1012a57-385e-45a9-8a59-694a26fe92a5__ep1:qa:18,a1012a57-385e-45a9-8a59-694a26fe92a5__ep1,test,360,379,Cutting cardboard with a utility knife,no,no,1
a1012a57-385e-45a9-8a59-694a26fe92a5__ep1:qa:19,a1012a57-385e-45a9-8a59-694a26fe92a5__ep1,test,380,399,Cutting cardboard with a utility knife,no,no,1
a1012a57-385e-45a9-8a59-694a26fe92a5__ep1:qa:20,a1012a57-385e-45a9-8a59-694a26fe92a5__ep1,test,400,419,Cutting cardboard with a utility knife,no,no,1
a1012a57-385e-45a9-8a59-694a26fe92a5__ep1:qa:21,a1012a57-385e-45a9-8a59-694a26fe92a5__ep1,test,420,439,Cutting cardboard with a utility knife,no,no,1
a1012a57-385e-45a9-8a59-694a26fe92a5__ep1:qa:22,a1012a57-385e-45a9-8a59-694a26fe92a5__ep1,test,440,459,Cutting cardboard with a utility knife,no,no,1
a1012a57-385e-45a9-8a59-694a26fe92a5__ep1:qa:23,a1012a57-385e-45a9-8a59-694a26fe92a5__ep1,test,460,479,Cutting cardboard with a utility knife,no,no,1
a1012a57-385e-45a9-8a59-694a26fe92a5__ep1:qa:24,a1012a57-385e-45a9-8a59-694a26fe92a5__ep1,test,480,499,Cutting cardboard with a utility knife,no,no,1
a1012a57-385e-45a9-8a59-694a26fe92a5__ep1:qa:25,a1012a57-385e-45a9-8a59-694a26fe92a5__ep1,test,500,519,Cutting cardboard with a utility knife,no,no,1
a1012a57-385e-45a9-8a59-694a26fe92a5__ep1:qa:26,a1012a57-385e-45a9-8a59-694a26fe92a5__ep1,test,520,539,Cutting cardboard with a utility knife,no,no,1
a1012a57-385e-45a9-8a59-694a26fe92a5__ep1:qa:250,a1012a57-385e-45a9-8a59-694a26fe92a5__ep1,test,5000,5019,Cutting cardboard with a utility knife,no,yes,0
a1012a57-385e-45a9-8a59-694a26fe92a5__ep1:qa:251,a1012a57-385e-45a9-8a59-694a26fe92a5__ep1,test,5020,5039,Cutting cardboard with a utility knife,no,yes,0
a1012a57-385e-45a9-8a59-694a26fe92a5__ep1:qa:252,a1012a57-385e-45a9-8a59-694a26fe92a5__ep1,test,5040,5059,Cutting cardboard with a utility knife,no,yes,0
a1012a57-385e-45a9-8a59-694a26fe92a5__ep1:qa:253,a1012a57-385e-45a9-8a59-694a26fe92a5__ep1,test,5060,5079,Cutting cardboard with a utility knife,no,yes,0
a1012a57-385e-45a9-8a59-694a26fe92a5__ep1:qa:254,a1012a57-385e-45a9-8a59-694a26fe92a5__ep1,test,5080,5099,Cutting cardboard with a utility knife,no,yes,0
a1012a57-385e-45a9-8a59-694a26fe92a5__ep1:qa:255,a1012a57-385e-45a9-8a59-694a26fe92a5__ep1,test,5100,5119,Cutting cardboard with a utility knife,no,yes,0
a1012a57-385e-45a9-8a59-694a26fe92a5__ep1:qa:256,a1012a57-385e-45a9-8a59-694a26fe92a5__ep1,test,5120,5139,Cutting cardboard with a utility knife,no,yes,0
a1012a57-385e-45a9-8a59-694a26fe92a5__ep1:qa:294,a1012a57-385e-45a9-8a59-694a26fe92a5__ep1,test,5880,5899,Cutting cardboard with a utility knife,no,yes,0
a1012a57-385e-45a9-8a59-694a26fe92a5__ep1:qa:295,a1012a57-385e-45a9-8a59-694a26fe92a5__ep1,test,5900,5919,Cutting cardboard with a utility knife,no,yes,0
a1012a57-385e-45a9-8a59-694a26fe92a5__ep1:qa:296,a1012a57-385e-45a9-8a59-694a26fe92a5__ep1,test,5920,5939,Cutting cardboard with a utility knife,no,yes,0
33f7ae08-ac1d-4321-9cb9-eca79016b359__ep1:qa:0,33f7ae08-ac1d-4321-9cb9-eca79016b359__ep1,test,0,19,Stocking retail store shelves,no,no,1
33f7ae08-ac1d-4321-9cb9-eca79016b359__ep1:qa:1,33f7ae08-ac1d-4321-9cb9-eca79016b359__ep1,test,20,39,Stocking retail store shelves,no,no,1
33f7ae08-ac1d-4321-9cb9-eca79016b359__ep1:qa:16,33f7ae08-ac1d-4321-9cb9-eca79016b359__ep1,test,320,339,Stocking retail store shelves,no,no,1
33f7ae08-ac1d-4321-9cb9-eca79016b359__ep1:qa:17,33f7ae08-ac1d-4321-9cb9-eca79016b359__ep1,test,340,359,Stocking retail store shelves,no,no,1
33f7ae08-ac1d-4321-9cb9-eca79016b359__ep1:qa:20,33f7ae08-ac1d-4321-9cb9-eca79016b359__ep1,test,400,419,Stocking retail store shelves,no,no,1
33f7ae08-ac1d-4321-9cb9-eca79016b359__ep1:qa:21,33f7ae08-ac1d-4321-9cb9-eca79016b359__ep1,test,420,439,Stocking retail store shelves,no,no,1
33f7ae08-ac1d-4321-9cb9-eca79016b359__ep1:qa:46,33f7ae08-ac1d-4321-9cb9-eca79016b359__ep1,test,920,939,Stocking retail store shelves,yes,no,0
33f7ae08-ac1d-4321-9cb9-eca79016b359__ep1:qa:47,33f7ae08-ac1d-4321-9cb9-eca79016b359__ep1,test,940,959,Stocking retail store shelves,no,no,1
33f7ae08-ac1d-4321-9cb9-eca79016b359__ep1:qa:50,33f7ae08-ac1d-4321-9cb9-eca79016b359__ep1,test,1000,1019,Stocking retail store shelves,no,no,1
33f7ae08-ac1d-4321-9cb9-eca79016b359__ep1:qa:58,33f7ae08-ac1d-4321-9cb9-eca79016b359__ep1,test,1160,1179,Stocking retail store shelves,no,no,1
33f7ae08-ac1d-4321-9cb9-eca79016b359__ep1:qa:59,33f7ae08-ac1d-4321-9cb9-eca79016b359__ep1,test,1180,1199,Stocking retail store shelves,no,no,1
33f7ae08-ac1d-4321-9cb9-eca79016b359__ep1:qa:64,33f7ae08-ac1d-4321-9cb9-eca79016b359__ep1,test,1280,1299,Stocking retail store shelves,no,no,1
33f7ae08-ac1d-4321-9cb9-eca79016b359__ep1:qa:65,33f7ae08-ac1d-4321-9cb9-eca79016b359__ep1,test,1300,1319,Stocking retail store shelves,no,no,1
33f7ae08-ac1d-4321-9cb9-eca79016b359__ep1:qa:70,33f7ae08-ac1d-4321-9cb9-eca79016b359__ep1,test,1400,1419,Stocking retail store shelves,no,no,1
33f7ae08-ac1d-4321-9cb9-eca79016b359__ep1:qa:76,33f7ae08-ac1d-4321-9cb9-eca79016b359__ep1,test,1520,1539,Stocking retail store shelves,no,no,1
33f7ae08-ac1d-4321-9cb9-eca79016b359__ep1:qa:77,33f7ae08-ac1d-4321-9cb9-eca79016b359__ep1,test,1540,1559,Stocking retail store shelves,no,no,1
33f7ae08-ac1d-4321-9cb9-eca79016b359__ep1:qa:100,33f7ae08-ac1d-4321-9cb9-eca79016b359__ep1,test,2000,2019,Stocking retail store shelves,no,no,1
33f7ae08-ac1d-4321-9cb9-eca79016b359__ep1:qa:101,33f7ae08-ac1d-4321-9cb9-eca79016b359__ep1,test,2020,2039,Stocking retail store shelves,no,no,1
33f7ae08-ac1d-4321-9cb9-eca79016b359__ep1:qa:126,33f7ae08-ac1d-4321-9cb9-eca79016b359__ep1,test,2520,2539,Stocking retail store shelves,yes,no,0
33f7ae08-ac1d-4321-9cb9-eca79016b359__ep1:qa:138,33f7ae08-ac1d-4321-9cb9-eca79016b359__ep1,test,2760,2779,Stocking retail store shelves,no,no,1
33f7ae08-ac1d-4321-9cb9-eca79016b359__ep1:qa:140,33f7ae08-ac1d-4321-9cb9-eca79016b359__ep1,test,2800,2819,Stocking retail store shelves,no,no,1
33f7ae08-ac1d-4321-9cb9-eca79016b359__ep1:qa:141,33f7ae08-ac1d-4321-9cb9-eca79016b359__ep1,test,2820,2839,Stocking retail store shelves,no,no,1
33f7ae08-ac1d-4321-9cb9-eca79016b359__ep1:qa:150,33f7ae08-ac1d-4321-9cb9-eca79016b359__ep1,test,3000,3019,Stocking retail store shelves,no,no,1
33f7ae08-ac1d-4321-9cb9-eca79016b359__ep1:qa:151,33f7ae08-ac1d-4321-9cb9-eca79016b359__ep1,test,3020,3039,Stocking retail store shelves,no,no,1
33f7ae08-ac1d-4321-9cb9-eca79016b359__ep1:qa:164,33f7ae08-ac1d-4321-9cb9-eca79016b359__ep1,test,3280,3299,Stocking retail store shelves,no,no,1
33f7ae08-ac1d-4321-9cb9-eca79016b359__ep1:qa:165,33f7ae08-ac1d-4321-9cb9-eca79016b359__ep1,test,3300,3319,Stocking retail store shelves,no,no,1
33f7ae08-ac1d-4321-9cb9-eca79016b359__ep1:qa:172,33f7ae08-ac1d-4321-9cb9-eca79016b359__ep1,test,3440,3459,Stocking retail store shelves,yes,no,0
33f7ae08-ac1d-4321-9cb9-eca79016b359__ep1:qa:173,33f7ae08-ac1d-4321-9cb9-eca79016b359__ep1,test,3460,3479,Stocking retail store shelves,no,no,1
33f7ae08-ac1d-4321-9cb9-eca79016b359__ep1:qa:182,33f7ae08-ac1d-4321-9cb9-eca79016b359__ep1,test,3640,3659,Stocking retail store shelves,no,no,1
33f7ae08-ac1d-4321-9cb9-eca79016b359__ep1:qa:183,33f7ae08-ac1d-4321-9cb9-eca79016b359__ep1,test,3660,3679,Stocking retail store shelves,no,no,1
33f7ae08-ac1d-4321-9cb9-eca79016b359__ep1:qa:226,33f7ae08-ac1d-4321-9cb9-eca79016b359__ep1,test,4520,4539,Stocking retail store shelves,yes,no,0
33f7ae08-ac1d-4321-9cb9-eca79016b359__ep1:qa:244,33f7ae08-ac1d-4321-9cb9-eca79016b359__ep1,test,4880,4899,Stocking retail store shelves,yes,no,0
9c553886-83c5-4dc4-be5c-dcb269b3a771__ep2:qa:0,9c553886-83c5-4dc4-be5c-dcb269b3a771__ep2,test,0,19,Labeling and processing cardboard pieces,no,no,1
9c553886-83c5-4dc4-be5c-dcb269b3a771__ep2:qa:1,9c553886-83c5-4dc4-be5c-dcb269b3a771__ep2,test,20,39,Labeling and processing cardboard pieces,no,no,1
9c553886-83c5-4dc4-be5c-dcb269b3a771__ep2:qa:2,9c553886-83c5-4dc4-be5c-dcb269b3a771__ep2,test,40,59,Labeling and processing cardboard pieces,no,no,1
9c553886-83c5-4dc4-be5c-dcb269b3a771__ep2:qa:26,9c553886-83c5-4dc4-be5c-dcb269b3a771__ep2,test,520,539,Labeling and processing cardboard pieces,no,no,1
9c553886-83c5-4dc4-be5c-dcb269b3a771__ep2:qa:27,9c553886-83c5-4dc4-be5c-dcb269b3a771__ep2,test,540,559,Labeling and processing cardboard pieces,no,no,1
9c553886-83c5-4dc4-be5c-dcb269b3a771__ep2:qa:30,9c553886-83c5-4dc4-be5c-dcb269b3a771__ep2,test,600,619,Labeling and processing cardboard pieces,no,no,1
9c553886-83c5-4dc4-be5c-dcb269b3a771__ep2:qa:31,9c553886-83c5-4dc4-be5c-dcb269b3a771__ep2,test,620,639,Labeling and processing cardboard pieces,no,no,1
9c553886-83c5-4dc4-be5c-dcb269b3a771__ep2:qa:70,9c553886-83c5-4dc4-be5c-dcb269b3a771__ep2,test,1400,1419,Labeling and processing cardboard pieces,no,no,1
9c553886-83c5-4dc4-be5c-dcb269b3a771__ep2:qa:71,9c553886-83c5-4dc4-be5c-dcb269b3a771__ep2,test,1420,1439,Labeling and processing cardboard pieces,no,no,1
9c553886-83c5-4dc4-be5c-dcb269b3a771__ep2:qa:72,9c553886-83c5-4dc4-be5c-dcb269b3a771__ep2,test,1440,1459,Labeling and processing cardboard pieces,no,no,1
9c553886-83c5-4dc4-be5c-dcb269b3a771__ep2:qa:90,9c553886-83c5-4dc4-be5c-dcb269b3a771__ep2,test,1800,1819,Labeling and processing cardboard pieces,no,no,1
9c553886-83c5-4dc4-be5c-dcb269b3a771__ep2:qa:91,9c553886-83c5-4dc4-be5c-dcb269b3a771__ep2,test,1820,1839,Labeling and processing cardboard pieces,no,no,1
9c553886-83c5-4dc4-be5c-dcb269b3a771__ep2:qa:110,9c553886-83c5-4dc4-be5c-dcb269b3a771__ep2,test,2200,2219,Labeling and processing cardboard pieces,no,no,1
9c553886-83c5-4dc4-be5c-dcb269b3a771__ep2:qa:111,9c553886-83c5-4dc4-be5c-dcb269b3a771__ep2,test,2220,2239,Labeling and processing cardboard pieces,no,no,1
9c553886-83c5-4dc4-be5c-dcb269b3a771__ep2:qa:112,9c553886-83c5-4dc4-be5c-dcb269b3a771__ep2,test,2240,2259,Labeling and processing cardboard pieces,no,no,1
9c553886-83c5-4dc4-be5c-dcb269b3a771__ep2:qa:170,9c553886-83c5-4dc4-be5c-dcb269b3a771__ep2,test,3400,3419,Labeling and processing cardboard pieces,no,no,1
9c553886-83c5-4dc4-be5c-dcb269b3a771__ep2:qa:171,9c553886-83c5-4dc4-be5c-dcb269b3a771__ep2,test,3420,3439,Labeling and processing cardboard pieces,no,no,1
9c553886-83c5-4dc4-be5c-dcb269b3a771__ep2:qa:172,9c553886-83c5-4dc4-be5c-dcb269b3a771__ep2,test,3440,3459,Labeling and processing cardboard pieces,no,no,1
9c553886-83c5-4dc4-be5c-dcb269b3a771__ep2:qa:230,9c553886-83c5-4dc4-be5c-dcb269b3a771__ep2,test,4600,4619,Labeling and processing cardboard pieces,no,no,1
9c553886-83c5-4dc4-be5c-dcb269b3a771__ep2:qa:231,9c553886-83c5-4dc4-be5c-dcb269b3a771__ep2,test,4620,4639,Labeling and processing cardboard pieces,no,no,1
9c553886-83c5-4dc4-be5c-dcb269b3a771__ep2:qa:276,9c553886-83c5-4dc4-be5c-dcb269b3a771__ep2,test,5520,5539,Labeling and processing cardboard pieces,no,no,1
9c553886-83c5-4dc4-be5c-dcb269b3a771__ep2:qa:277,9c553886-83c5-4dc4-be5c-dcb269b3a771__ep2,test,5540,5559,Labeling and processing cardboard pieces,no,no,1
9c553886-83c5-4dc4-be5c-dcb269b3a771__ep2:qa:278,9c553886-83c5-4dc4-be5c-dcb269b3a771__ep2,test,5560,5579,Labeling and processing cardboard pieces,no,no,1
9c553886-83c5-4dc4-be5c-dcb269b3a771__ep2:qa:282,9c553886-83c5-4dc4-be5c-dcb269b3a771__ep2,test,5640,5659,Labeling and processing cardboard pieces,no,no,1
9c553886-83c5-4dc4-be5c-dcb269b3a771__ep2:qa:283,9c553886-83c5-4dc4-be5c-dcb269b3a771__ep2,test,5660,5679,Labeling and processing cardboard pieces,no,no,1
9c553886-83c5-4dc4-be5c-dcb269b3a771__ep2:qa:284,9c553886-83c5-4dc4-be5c-dcb269b3a771__ep2,test,5680,5699,Labeling and processing cardboard pieces,no,no,1
9c553886-83c5-4dc4-be5c-dcb269b3a771__ep2:qa:290,9c553886-83c5-4dc4-be5c-dcb269b3a771__ep2,test,5800,5819,Labeling and processing cardboard pieces,no,no,1
9c553886-83c5-4dc4-be5c-dcb269b3a771__ep2:qa:291,9c553886-83c5-4dc4-be5c-dcb269b3a771__ep2,test,5820,5839,Labeling and processing cardboard pieces,no,no,1
9c553886-83c5-4dc4-be5c-dcb269b3a771__ep2:qa:292,9c553886-83c5-4dc4-be5c-dcb269b3a771__ep2,test,5840,5859,Labeling and processing cardboard pieces,no,no,1
9c553886-83c5-4dc4-be5c-dcb269b3a771__ep2:qa:293,9c553886-83c5-4dc4-be5c-dcb269b3a771__ep2,test,5860,5879,Labeling and processing cardboard pieces,no,no,1
9c553886-83c5-4dc4-be5c-dcb269b3a771__ep2:qa:294,9c553886-83c5-4dc4-be5c-dcb269b3a771__ep2,test,5880,5899,Labeling and processing cardboard pieces,no,no,1
9c553886-83c5-4dc4-be5c-dcb269b3a771__ep2:qa:295,9c553886-83c5-4dc4-be5c-dcb269b3a771__ep2,test,5900,5919,Labeling and processing cardboard pieces,no,no,1
34f07a04-eb37-45a3-95ec-189ed5f4a85b__ep5:qa:0,34f07a04-eb37-45a3-95ec-189ed5f4a85b__ep5,test,0,19,Stocking shelves in a retail store,no,no,1
34f07a04-eb37-45a3-95ec-189ed5f4a85b__ep5:qa:12,34f07a04-eb37-45a3-95ec-189ed5f4a85b__ep5,test,240,259,Stocking shelves in a retail store,no,no,1
34f07a04-eb37-45a3-95ec-189ed5f4a85b__ep5:qa:64,34f07a04-eb37-45a3-95ec-189ed5f4a85b__ep5,test,1280,1299,Stocking shelves in a retail store,no,no,1
34f07a04-eb37-45a3-95ec-189ed5f4a85b__ep5:qa:65,34f07a04-eb37-45a3-95ec-189ed5f4a85b__ep5,test,1300,1319,Stocking shelves in a retail store,no,no,1
34f07a04-eb37-45a3-95ec-189ed5f4a85b__ep5:qa:70,34f07a04-eb37-45a3-95ec-189ed5f4a85b__ep5,test,1400,1419,Stocking shelves in a retail store,no,no,1
34f07a04-eb37-45a3-95ec-189ed5f4a85b__ep5:qa:71,34f07a04-eb37-45a3-95ec-189ed5f4a85b__ep5,test,1420,1439,Stocking shelves in a retail store,no,no,1
34f07a04-eb37-45a3-95ec-189ed5f4a85b__ep5:qa:82,34f07a04-eb37-45a3-95ec-189ed5f4a85b__ep5,test,1640,1659,Stocking shelves in a retail store,no,no,1
34f07a04-eb37-45a3-95ec-189ed5f4a85b__ep5:qa:90,34f07a04-eb37-45a3-95ec-189ed5f4a85b__ep5,test,1800,1819,Stocking shelves in a retail store,no,no,1
34f07a04-eb37-45a3-95ec-189ed5f4a85b__ep5:qa:91,34f07a04-eb37-45a3-95ec-189ed5f4a85b__ep5,test,1820,1839,Stocking shelves in a retail store,no,no,1
34f07a04-eb37-45a3-95ec-189ed5f4a85b__ep5:qa:106,34f07a04-eb37-45a3-95ec-189ed5f4a85b__ep5,test,2120,2139,Stocking shelves in a retail store,no,no,1
34f07a04-eb37-45a3-95ec-189ed5f4a85b__ep5:qa:140,34f07a04-eb37-45a3-95ec-189ed5f4a85b__ep5,test,2800,2819,Stocking shelves in a retail store,no,no,1
34f07a04-eb37-45a3-95ec-189ed5f4a85b__ep5:qa:141,34f07a04-eb37-45a3-95ec-189ed5f4a85b__ep5,test,2820,2839,Stocking shelves in a retail store,no,no,1
34f07a04-eb37-45a3-95ec-189ed5f4a85b__ep5:qa:154,34f07a04-eb37-45a3-95ec-189ed5f4a85b__ep5,test,3080,3099,Stocking shelves in a retail store,no,no,1
34f07a04-eb37-45a3-95ec-189ed5f4a85b__ep5:qa:160,34f07a04-eb37-45a3-95ec-189ed5f4a85b__ep5,test,3200,3219,Stocking shelves in a retail store,no,no,1
34f07a04-eb37-45a3-95ec-189ed5f4a85b__ep5:qa:166,34f07a04-eb37-45a3-95ec-189ed5f4a85b__ep5,test,3320,3339,Stocking shelves in a retail store,no,yes,0
34f07a04-eb37-45a3-95ec-189ed5f4a85b__ep5:qa:167,34f07a04-eb37-45a3-95ec-189ed5f4a85b__ep5,test,3340,3359,Stocking shelves in a retail store,no,yes,0
34f07a04-eb37-45a3-95ec-189ed5f4a85b__ep5:qa:190,34f07a04-eb37-45a3-95ec-189ed5f4a85b__ep5,test,3800,3819,Stocking shelves in a retail store,no,yes,0
34f07a04-eb37-45a3-95ec-189ed5f4a85b__ep5:qa:191,34f07a04-eb37-45a3-95ec-189ed5f4a85b__ep5,test,3820,3839,Stocking shelves in a retail store,no,yes,0
34f07a04-eb37-45a3-95ec-189ed5f4a85b__ep5:qa:198,34f07a04-eb37-45a3-95ec-189ed5f4a85b__ep5,test,3960,3979,Stocking shelves in a retail store,no,yes,0
34f07a04-eb37-45a3-95ec-189ed5f4a85b__ep5:qa:199,34f07a04-eb37-45a3-95ec-189ed5f4a85b__ep5,test,3980,3999,Stocking shelves in a retail store,no,yes,0
34f07a04-eb37-45a3-95ec-189ed5f4a85b__ep5:qa:206,34f07a04-eb37-45a3-95ec-189ed5f4a85b__ep5,test,4120,4139,Stocking shelves in a retail store,no,yes,0
34f07a04-eb37-45a3-95ec-189ed5f4a85b__ep5:qa:207,34f07a04-eb37-45a3-95ec-189ed5f4a85b__ep5,test,4140,4159,Stocking shelves in a retail store,no,yes,0
34f07a04-eb37-45a3-95ec-189ed5f4a85b__ep5:qa:218,34f07a04-eb37-45a3-95ec-189ed5f4a85b__ep5,test,4360,4379,Stocking shelves in a retail store,no,yes,0
34f07a04-eb37-45a3-95ec-189ed5f4a85b__ep5:qa:219,34f07a04-eb37-45a3-95ec-189ed5f4a85b__ep5,test,4380,4399,Stocking shelves in a retail store,no,yes,0
34f07a04-eb37-45a3-95ec-189ed5f4a85b__ep5:qa:220,34f07a04-eb37-45a3-95ec-189ed5f4a85b__ep5,test,4400,4419,Stocking shelves in a retail store,no,yes,0
34f07a04-eb37-45a3-95ec-189ed5f4a85b__ep5:qa:221,34f07a04-eb37-45a3-95ec-189ed5f4a85b__ep5,test,4420,4439,Stocking shelves in a retail store,no,yes,0
34f07a04-eb37-45a3-95ec-189ed5f4a85b__ep5:qa:236,34f07a04-eb37-45a3-95ec-189ed5f4a85b__ep5,test,4720,4739,Stocking shelves in a retail store,no,yes,0
34f07a04-eb37-45a3-95ec-189ed5f4a85b__ep5:qa:237,34f07a04-eb37-45a3-95ec-189ed5f4a85b__ep5,test,4740,4759,Stocking shelves in a retail store,no,yes,0
34f07a04-eb37-45a3-95ec-189ed5f4a85b__ep5:qa:240,34f07a04-eb37-45a3-95ec-189ed5f4a85b__ep5,test,4800,4819,Stocking shelves in a retail store,no,yes,0
34f07a04-eb37-45a3-95ec-189ed5f4a85b__ep5:qa:241,34f07a04-eb37-45a3-95ec-189ed5f4a85b__ep5,test,4820,4839,Stocking shelves in a retail store,no,yes,0
34f07a04-eb37-45a3-95ec-189ed5f4a85b__ep5:qa:244,34f07a04-eb37-45a3-95ec-189ed5f4a85b__ep5,test,4880,4899,Stocking shelves in a retail store,no,yes,0
34f07a04-eb37-45a3-95ec-189ed5f4a85b__ep5:qa:245,34f07a04-eb37-45a3-95ec-189ed5f4a85b__ep5,test,4900,4919,Stocking shelves in a retail store,no,yes,0
b9dd769b-e31a-4fdb-945e-5a60db6487b0__ep2:qa:0,b9dd769b-e31a-4fdb-945e-5a60db6487b0__ep2,test,0,19,Sorting craft materials,no,no,1
b9dd769b-e31a-4fdb-945e-5a60db6487b0__ep2:qa:1,b9dd769b-e31a-4fdb-945e-5a60db6487b0__ep2,test,20,39,Sorting craft materials,no,no,1
b9dd769b-e31a-4fdb-945e-5a60db6487b0__ep2:qa:2,b9dd769b-e31a-4fdb-945e-5a60db6487b0__ep2,test,40,59,Sorting craft materials,no,no,1
b9dd769b-e31a-4fdb-945e-5a60db6487b0__ep2:qa:40,b9dd769b-e31a-4fdb-945e-5a60db6487b0__ep2,test,800,819,Sorting craft materials,no,no,1
b9dd769b-e31a-4fdb-945e-5a60db6487b0__ep2:qa:41,b9dd769b-e31a-4fdb-945e-5a60db6487b0__ep2,test,820,839,Sorting craft materials,no,no,1
b9dd769b-e31a-4fdb-945e-5a60db6487b0__ep2:qa:42,b9dd769b-e31a-4fdb-945e-5a60db6487b0__ep2,test,840,859,Sorting craft materials,no,no,1
b9dd769b-e31a-4fdb-945e-5a60db6487b0__ep2:qa:43,b9dd769b-e31a-4fdb-945e-5a60db6487b0__ep2,test,860,879,Sorting craft materials,no,no,1
b9dd769b-e31a-4fdb-945e-5a60db6487b0__ep2:qa:70,b9dd769b-e31a-4fdb-945e-5a60db6487b0__ep2,test,1400,1419,Sorting craft materials,no,no,1
b9dd769b-e31a-4fdb-945e-5a60db6487b0__ep2:qa:71,b9dd769b-e31a-4fdb-945e-5a60db6487b0__ep2,test,1420,1439,Sorting craft materials,no,no,1
b9dd769b-e31a-4fdb-945e-5a60db6487b0__ep2:qa:72,b9dd769b-e31a-4fdb-945e-5a60db6487b0__ep2,test,1440,1459,Sorting craft materials,no,no,1
b9dd769b-e31a-4fdb-945e-5a60db6487b0__ep2:qa:73,b9dd769b-e31a-4fdb-945e-5a60db6487b0__ep2,test,1460,1479,Sorting craft materials,no,no,1
b9dd769b-e31a-4fdb-945e-5a60db6487b0__ep2:qa:90,b9dd769b-e31a-4fdb-945e-5a60db6487b0__ep2,test,1800,1819,Sorting craft materials,no,no,1
b9dd769b-e31a-4fdb-945e-5a60db6487b0__ep2:qa:91,b9dd769b-e31a-4fdb-945e-5a60db6487b0__ep2,test,1820,1839,Sorting craft materials,no,no,1
b9dd769b-e31a-4fdb-945e-5a60db6487b0__ep2:qa:92,b9dd769b-e31a-4fdb-945e-5a60db6487b0__ep2,test,1840,1859,Sorting craft materials,no,no,1
b9dd769b-e31a-4fdb-945e-5a60db6487b0__ep2:qa:94,b9dd769b-e31a-4fdb-945e-5a60db6487b0__ep2,test,1880,1899,Sorting craft materials,no,no,1
b9dd769b-e31a-4fdb-945e-5a60db6487b0__ep2:qa:95,b9dd769b-e31a-4fdb-945e-5a60db6487b0__ep2,test,1900,1919,Sorting craft materials,no,no,1
b9dd769b-e31a-4fdb-945e-5a60db6487b0__ep2:qa:96,b9dd769b-e31a-4fdb-945e-5a60db6487b0__ep2,test,1920,1939,Sorting craft materials,no,no,1
b9dd769b-e31a-4fdb-945e-5a60db6487b0__ep2:qa:97,b9dd769b-e31a-4fdb-945e-5a60db6487b0__ep2,test,1940,1959,Sorting craft materials,no,no,1
b9dd769b-e31a-4fdb-945e-5a60db6487b0__ep2:qa:114,b9dd769b-e31a-4fdb-945e-5a60db6487b0__ep2,test,2280,2299,Sorting craft materials,yes,no,0
b9dd769b-e31a-4fdb-945e-5a60db6487b0__ep2:qa:115,b9dd769b-e31a-4fdb-945e-5a60db6487b0__ep2,test,2300,2319,Sorting craft materials,no,no,1
b9dd769b-e31a-4fdb-945e-5a60db6487b0__ep2:qa:116,b9dd769b-e31a-4fdb-945e-5a60db6487b0__ep2,test,2320,2339,Sorting craft materials,no,no,1
b9dd769b-e31a-4fdb-945e-5a60db6487b0__ep2:qa:120,b9dd769b-e31a-4fdb-945e-5a60db6487b0__ep2,test,2400,2419,Sorting craft materials,no,no,1
b9dd769b-e31a-4fdb-945e-5a60db6487b0__ep2:qa:121,b9dd769b-e31a-4fdb-945e-5a60db6487b0__ep2,test,2420,2439,Sorting craft materials,no,no,1
b9dd769b-e31a-4fdb-945e-5a60db6487b0__ep2:qa:122,b9dd769b-e31a-4fdb-945e-5a60db6487b0__ep2,test,2440,2459,Sorting craft materials,no,no,1
b9dd769b-e31a-4fdb-945e-5a60db6487b0__ep2:qa:123,b9dd769b-e31a-4fdb-945e-5a60db6487b0__ep2,test,2460,2479,Sorting craft materials,no,no,1
b9dd769b-e31a-4fdb-945e-5a60db6487b0__ep2:qa:144,b9dd769b-e31a-4fdb-945e-5a60db6487b0__ep2,test,2880,2899,Sorting craft materials,yes,no,0
b9dd769b-e31a-4fdb-945e-5a60db6487b0__ep2:qa:145,b9dd769b-e31a-4fdb-945e-5a60db6487b0__ep2,test,2900,2919,Sorting craft materials,no,no,1
b9dd769b-e31a-4fdb-945e-5a60db6487b0__ep2:qa:146,b9dd769b-e31a-4fdb-945e-5a60db6487b0__ep2,test,2920,2939,Sorting craft materials,no,no,1
b9dd769b-e31a-4fdb-945e-5a60db6487b0__ep2:qa:147,b9dd769b-e31a-4fdb-945e-5a60db6487b0__ep2,test,2940,2959,Sorting craft materials,no,no,1
b9dd769b-e31a-4fdb-945e-5a60db6487b0__ep2:qa:190,b9dd769b-e31a-4fdb-945e-5a60db6487b0__ep2,test,3800,3819,Sorting craft materials,no,no,1
b9dd769b-e31a-4fdb-945e-5a60db6487b0__ep2:qa:191,b9dd769b-e31a-4fdb-945e-5a60db6487b0__ep2,test,3820,3839,Sorting craft materials,no,no,1
b9dd769b-e31a-4fdb-945e-5a60db6487b0__ep2:qa:192,b9dd769b-e31a-4fdb-945e-5a60db6487b0__ep2,test,3840,3859,Sorting craft materials,no,no,1
ba045ed4-ef25-404d-b756-8dcbd45b18fa__ep2:qa:0,ba045ed4-ef25-404d-b756-8dcbd45b18fa__ep2,test,0,19,Assembling a paper honeycomb lantern,no,no,1
ba045ed4-ef25-404d-b756-8dcbd45b18fa__ep2:qa:1,ba045ed4-ef25-404d-b756-8dcbd45b18fa__ep2,test,20,39,Assembling a paper honeycomb lantern,no,no,1
ba045ed4-ef25-404d-b756-8dcbd45b18fa__ep2:qa:20,ba045ed4-ef25-404d-b756-8dcbd45b18fa__ep2,test,400,419,Assembling a paper honeycomb lantern,no,no,1
ba045ed4-ef25-404d-b756-8dcbd45b18fa__ep2:qa:21,ba045ed4-ef25-404d-b756-8dcbd45b18fa__ep2,test,420,439,Assembling a paper honeycomb lantern,no,no,1
ba045ed4-ef25-404d-b756-8dcbd45b18fa__ep2:qa:30,ba045ed4-ef25-404d-b756-8dcbd45b18fa__ep2,test,600,619,Assembling a paper honeycomb lantern,no,no,1
ba045ed4-ef25-404d-b756-8dcbd45b18fa__ep2:qa:31,ba045ed4-ef25-404d-b756-8dcbd45b18fa__ep2,test,620,639,Assembling a paper honeycomb lantern,no,no,1
ba045ed4-ef25-404d-b756-8dcbd45b18fa__ep2:qa:40,ba045ed4-ef25-404d-b756-8dcbd45b18fa__ep2,test,800,819,Assembling a paper honeycomb lantern,no,no,1
ba045ed4-ef25-404d-b756-8dcbd45b18fa__ep2:qa:41,ba045ed4-ef25-404d-b756-8dcbd45b18fa__ep2,test,820,839,Assembling a paper honeycomb lantern,no,no,1
ba045ed4-ef25-404d-b756-8dcbd45b18fa__ep2:qa:70,ba045ed4-ef25-404d-b756-8dcbd45b18fa__ep2,test,1400,1419,Assembling a paper honeycomb lantern,no,no,1
ba045ed4-ef25-404d-b756-8dcbd45b18fa__ep2:qa:71,ba045ed4-ef25-404d-b756-8dcbd45b18fa__ep2,test,1420,1439,Assembling a paper honeycomb lantern,no,no,1
ba045ed4-ef25-404d-b756-8dcbd45b18fa__ep2:qa:170,ba045ed4-ef25-404d-b756-8dcbd45b18fa__ep2,test,3400,3419,Assembling a paper honeycomb lantern,no,no,1
ba045ed4-ef25-404d-b756-8dcbd45b18fa__ep2:qa:171,ba045ed4-ef25-404d-b756-8dcbd45b18fa__ep2,test,3420,3439,Assembling a paper honeycomb lantern,no,no,1
ba045ed4-ef25-404d-b756-8dcbd45b18fa__ep2:qa:176,ba045ed4-ef25-404d-b756-8dcbd45b18fa__ep2,test,3520,3539,Assembling a paper honeycomb lantern,no,no,1
ba045ed4-ef25-404d-b756-8dcbd45b18fa__ep2:qa:182,ba045ed4-ef25-404d-b756-8dcbd45b18fa__ep2,test,3640,3659,Assembling a paper honeycomb lantern,no,no,1
ba045ed4-ef25-404d-b756-8dcbd45b18fa__ep2:qa:190,ba045ed4-ef25-404d-b756-8dcbd45b18fa__ep2,test,3800,3819,Assembling a paper honeycomb lantern,no,no,1
ba045ed4-ef25-404d-b756-8dcbd45b18fa__ep2:qa:191,ba045ed4-ef25-404d-b756-8dcbd45b18fa__ep2,test,3820,3839,Assembling a paper honeycomb lantern,no,no,1
ba045ed4-ef25-404d-b756-8dcbd45b18fa__ep2:qa:200,ba045ed4-ef25-404d-b756-8dcbd45b18fa__ep2,test,4000,4019,Assembling a paper honeycomb lantern,no,no,1
ba045ed4-ef25-404d-b756-8dcbd45b18fa__ep2:qa:201,ba045ed4-ef25-404d-b756-8dcbd45b18fa__ep2,test,4020,4039,Assembling a paper honeycomb lantern,no,no,1
ba045ed4-ef25-404d-b756-8dcbd45b18fa__ep2:qa:214,ba045ed4-ef25-404d-b756-8dcbd45b18fa__ep2,test,4280,4299,Assembling a paper honeycomb lantern,no,no,1
ba045ed4-ef25-404d-b756-8dcbd45b18fa__ep2:qa:215,ba045ed4-ef25-404d-b756-8dcbd45b18fa__ep2,test,4300,4319,Assembling a paper honeycomb lantern,no,no,1
ba045ed4-ef25-404d-b756-8dcbd45b18fa__ep2:qa:220,ba045ed4-ef25-404d-b756-8dcbd45b18fa__ep2,test,4400,4419,Assembling a paper honeycomb lantern,no,no,1
ba045ed4-ef25-404d-b756-8dcbd45b18fa__ep2:qa:221,ba045ed4-ef25-404d-b756-8dcbd45b18fa__ep2,test,4420,4439,Assembling a paper honeycomb lantern,no,no,1
ba045ed4-ef25-404d-b756-8dcbd45b18fa__ep2:qa:230,ba045ed4-ef25-404d-b756-8dcbd45b18fa__ep2,test,4600,4619,Assembling a paper honeycomb lantern,no,no,1
ba045ed4-ef25-404d-b756-8dcbd45b18fa__ep2:qa:231,ba045ed4-ef25-404d-b756-8dcbd45b18fa__ep2,test,4620,4639,Assembling a paper honeycomb lantern,no,no,1
ba045ed4-ef25-404d-b756-8dcbd45b18fa__ep2:qa:240,ba045ed4-ef25-404d-b756-8dcbd45b18fa__ep2,test,4800,4819,Assembling a paper honeycomb lantern,no,no,1
ba045ed4-ef25-404d-b756-8dcbd45b18fa__ep2:qa:250,ba045ed4-ef25-404d-b756-8dcbd45b18fa__ep2,test,5000,5019,Assembling a paper honeycomb lantern,no,no,1
ba045ed4-ef25-404d-b756-8dcbd45b18fa__ep2:qa:258,ba045ed4-ef25-404d-b756-8dcbd45b18fa__ep2,test,5160,5179,Assembling a paper honeycomb lantern,no,no,1
ba045ed4-ef25-404d-b756-8dcbd45b18fa__ep2:qa:259,ba045ed4-ef25-404d-b756-8dcbd45b18fa__ep2,test,5180,5199,Assembling a paper honeycomb lantern,no,no,1
ba045ed4-ef25-404d-b756-8dcbd45b18fa__ep2:qa:270,ba045ed4-ef25-404d-b756-8dcbd45b18fa__ep2,test,5400,5419,Assembling a paper honeycomb lantern,no,no,1
ba045ed4-ef25-404d-b756-8dcbd45b18fa__ep2:qa:271,ba045ed4-ef25-404d-b756-8dcbd45b18fa__ep2,test,5420,5439,Assembling a paper honeycomb lantern,no,no,1
ba045ed4-ef25-404d-b756-8dcbd45b18fa__ep2:qa:290,ba045ed4-ef25-404d-b756-8dcbd45b18fa__ep2,test,5800,5819,Assembling a paper honeycomb lantern,no,no,1
ba045ed4-ef25-404d-b756-8dcbd45b18fa__ep2:qa:291,ba045ed4-ef25-404d-b756-8dcbd45b18fa__ep2,test,5820,5839,Assembling a paper honeycomb lantern,no,no,1
4b02bb38-384a-438a-b5f9-6131d85c34b0__ep1:qa:0,4b02bb38-384a-438a-b5f9-6131d85c34b0__ep1,test,0,19,Crafting and smartphone usage at a desk,no,no,1
4b02bb38-384a-438a-b5f9-6131d85c34b0__ep1:qa:1,4b02bb38-384a-438a-b5f9-6131d85c34b0__ep1,test,20,39,Crafting and smartphone usage at a desk,no,no,1
4b02bb38-384a-438a-b5f9-6131d85c34b0__ep1:qa:2,4b02bb38-384a-438a-b5f9-6131d85c34b0__ep1,test,40,59,Crafting and smartphone usage at a desk,no,no,1
4b02bb38-384a-438a-b5f9-6131d85c34b0__ep1:qa:14,4b02bb38-384a-438a-b5f9-6131d85c34b0__ep1,test,280,299,Crafting and smartphone usage at a desk,no,no,1
4b02bb38-384a-438a-b5f9-6131d85c34b0__ep1:qa:15,4b02bb38-384a-438a-b5f9-6131d85c34b0__ep1,test,300,319,Crafting and smartphone usage at a desk,no,no,1
4b02bb38-384a-438a-b5f9-6131d85c34b0__ep1:qa:16,4b02bb38-384a-438a-b5f9-6131d85c34b0__ep1,test,320,339,Crafting and smartphone usage at a desk,no,no,1
4b02bb38-384a-438a-b5f9-6131d85c34b0__ep1:qa:20,4b02bb38-384a-438a-b5f9-6131d85c34b0__ep1,test,400,419,Crafting and smartphone usage at a desk,no,no,1
4b02bb38-384a-438a-b5f9-6131d85c34b0__ep1:qa:21,4b02bb38-384a-438a-b5f9-6131d85c34b0__ep1,test,420,439,Crafting and smartphone usage at a desk,no,no,1
4b02bb38-384a-438a-b5f9-6131d85c34b0__ep1:qa:22,4b02bb38-384a-438a-b5f9-6131d85c34b0__ep1,test,440,459,Crafting and smartphone usage at a desk,no,no,1
4b02bb38-384a-438a-b5f9-6131d85c34b0__ep1:qa:32,4b02bb38-384a-438a-b5f9-6131d85c34b0__ep1,test,640,659,Crafting and smartphone usage at a desk,no,no,1
4b02bb38-384a-438a-b5f9-6131d85c34b0__ep1:qa:33,4b02bb38-384a-438a-b5f9-6131d85c34b0__ep1,test,660,679,Crafting and smartphone usage at a desk,no,no,1
4b02bb38-384a-438a-b5f9-6131d85c34b0__ep1:qa:34,4b02bb38-384a-438a-b5f9-6131d85c34b0__ep1,test,680,699,Crafting and smartphone usage at a desk,no,no,1
4b02bb38-384a-438a-b5f9-6131d85c34b0__ep1:qa:50,4b02bb38-384a-438a-b5f9-6131d85c34b0__ep1,test,1000,1019,Crafting and smartphone usage at a desk,no,no,1
4b02bb38-384a-438a-b5f9-6131d85c34b0__ep1:qa:51,4b02bb38-384a-438a-b5f9-6131d85c34b0__ep1,test,1020,1039,Crafting and smartphone usage at a desk,no,no,1
4b02bb38-384a-438a-b5f9-6131d85c34b0__ep1:qa:70,4b02bb38-384a-438a-b5f9-6131d85c34b0__ep1,test,1400,1419,Crafting and smartphone usage at a desk,no,no,1
4b02bb38-384a-438a-b5f9-6131d85c34b0__ep1:qa:71,4b02bb38-384a-438a-b5f9-6131d85c34b0__ep1,test,1420,1439,Crafting and smartphone usage at a desk,no,no,1
4b02bb38-384a-438a-b5f9-6131d85c34b0__ep1:qa:72,4b02bb38-384a-438a-b5f9-6131d85c34b0__ep1,test,1440,1459,Crafting and smartphone usage at a desk,no,no,1
4b02bb38-384a-438a-b5f9-6131d85c34b0__ep1:qa:100,4b02bb38-384a-438a-b5f9-6131d85c34b0__ep1,test,2000,2019,Crafting and smartphone usage at a desk,no,no,1
4b02bb38-384a-438a-b5f9-6131d85c34b0__ep1:qa:101,4b02bb38-384a-438a-b5f9-6131d85c34b0__ep1,test,2020,2039,Crafting and smartphone usage at a desk,no,no,1
4b02bb38-384a-438a-b5f9-6131d85c34b0__ep1:qa:102,4b02bb38-384a-438a-b5f9-6131d85c34b0__ep1,test,2040,2059,Crafting and smartphone usage at a desk,no,no,1
4b02bb38-384a-438a-b5f9-6131d85c34b0__ep1:qa:132,4b02bb38-384a-438a-b5f9-6131d85c34b0__ep1,test,2640,2659,Crafting and smartphone usage at a desk,yes,yes,1
4b02bb38-384a-438a-b5f9-6131d85c34b0__ep1:qa:133,4b02bb38-384a-438a-b5f9-6131d85c34b0__ep1,test,2660,2679,Crafting and smartphone usage at a desk,no,yes,0
4b02bb38-384a-438a-b5f9-6131d85c34b0__ep1:qa:134,4b02bb38-384a-438a-b5f9-6131d85c34b0__ep1,test,2680,2699,Crafting and smartphone usage at a desk,no,yes,0
4b02bb38-384a-438a-b5f9-6131d85c34b0__ep1:qa:184,4b02bb38-384a-438a-b5f9-6131d85c34b0__ep1,test,3680,3699,Crafting and smartphone usage at a desk,yes,yes,1
4b02bb38-384a-438a-b5f9-6131d85c34b0__ep1:qa:185,4b02bb38-384a-438a-b5f9-6131d85c34b0__ep1,test,3700,3719,Crafting and smartphone usage at a desk,no,yes,0
4b02bb38-384a-438a-b5f9-6131d85c34b0__ep1:qa:186,4b02bb38-384a-438a-b5f9-6131d85c34b0__ep1,test,3720,3739,Crafting and smartphone usage at a desk,no,yes,0
4b02bb38-384a-438a-b5f9-6131d85c34b0__ep1:qa:200,4b02bb38-384a-438a-b5f9-6131d85c34b0__ep1,test,4000,4019,Crafting and smartphone usage at a desk,no,yes,0
4b02bb38-384a-438a-b5f9-6131d85c34b0__ep1:qa:201,4b02bb38-384a-438a-b5f9-6131d85c34b0__ep1,test,4020,4039,Crafting and smartphone usage at a desk,no,yes,0
4b02bb38-384a-438a-b5f9-6131d85c34b0__ep1:qa:202,4b02bb38-384a-438a-b5f9-6131d85c34b0__ep1,test,4040,4059,Crafting and smartphone usage at a desk,no,yes,0
4b02bb38-384a-438a-b5f9-6131d85c34b0__ep1:qa:220,4b02bb38-384a-438a-b5f9-6131d85c34b0__ep1,test,4400,4419,Crafting and smartphone usage at a desk,no,yes,0
4b02bb38-384a-438a-b5f9-6131d85c34b0__ep1:qa:221,4b02bb38-384a-438a-b5f9-6131d85c34b0__ep1,test,4420,4439,Crafting and smartphone usage at a desk,no,yes,0
4b02bb38-384a-438a-b5f9-6131d85c34b0__ep1:qa:222,4b02bb38-384a-438a-b5f9-6131d85c34b0__ep1,test,4440,4459,Crafting and smartphone usage at a desk,no,yes,0
5399ef86-4df9-49bc-809f-8f4f92f9e659__ep6:qa:0,5399ef86-4df9-49bc-809f-8f4f92f9e659__ep6,test,0,19,Assembling a jigsaw puzzle,no,no,1
5399ef86-4df9-49bc-809f-8f4f92f9e659__ep6:qa:1,5399ef86-4df9-49bc-809f-8f4f92f9e659__ep6,test,20,39,Assembling a jigsaw puzzle,no,no,1
5399ef86-4df9-49bc-809f-8f4f92f9e659__ep6:qa:2,5399ef86-4df9-49bc-809f-8f4f92f9e659__ep6,test,40,59,Assembling a jigsaw puzzle,no,no,1
5399ef86-4df9-49bc-809f-8f4f92f9e659__ep6:qa:8,5399ef86-4df9-49bc-809f-8f4f92f9e659__ep6,test,160,179,Assembling a jigsaw puzzle,no,no,1
5399ef86-4df9-49bc-809f-8f4f92f9e659__ep6:qa:9,5399ef86-4df9-49bc-809f-8f4f92f9e659__ep6,test,180,199,Assembling a jigsaw puzzle,no,no,1
5399ef86-4df9-49bc-809f-8f4f92f9e659__ep6:qa:10,5399ef86-4df9-49bc-809f-8f4f92f9e659__ep6,test,200,219,Assembling a jigsaw puzzle,no,no,1
5399ef86-4df9-49bc-809f-8f4f92f9e659__ep6:qa:20,5399ef86-4df9-49bc-809f-8f4f92f9e659__ep6,test,400,419,Assembling a jigsaw puzzle,no,no,1
5399ef86-4df9-49bc-809f-8f4f92f9e659__ep6:qa:21,5399ef86-4df9-49bc-809f-8f4f92f9e659__ep6,test,420,439,Assembling a jigsaw puzzle,no,no,1
5399ef86-4df9-49bc-809f-8f4f92f9e659__ep6:qa:22,5399ef86-4df9-49bc-809f-8f4f92f9e659__ep6,test,440,459,Assembling a jigsaw puzzle,no,no,1
5399ef86-4df9-49bc-809f-8f4f92f9e659__ep6:qa:50,5399ef86-4df9-49bc-809f-8f4f92f9e659__ep6,test,1000,1019,Assembling a jigsaw puzzle,no,no,1
5399ef86-4df9-49bc-809f-8f4f92f9e659__ep6:qa:51,5399ef86-4df9-49bc-809f-8f4f92f9e659__ep6,test,1020,1039,Assembling a jigsaw puzzle,no,no,1
5399ef86-4df9-49bc-809f-8f4f92f9e659__ep6:qa:52,5399ef86-4df9-49bc-809f-8f4f92f9e659__ep6,test,1040,1059,Assembling a jigsaw puzzle,no,no,1
5399ef86-4df9-49bc-809f-8f4f92f9e659__ep6:qa:90,5399ef86-4df9-49bc-809f-8f4f92f9e659__ep6,test,1800,1819,Assembling a jigsaw puzzle,no,no,1
5399ef86-4df9-49bc-809f-8f4f92f9e659__ep6:qa:91,5399ef86-4df9-49bc-809f-8f4f92f9e659__ep6,test,1820,1839,Assembling a jigsaw puzzle,no,no,1
5399ef86-4df9-49bc-809f-8f4f92f9e659__ep6:qa:92,5399ef86-4df9-49bc-809f-8f4f92f9e659__ep6,test,1840,1859,Assembling a jigsaw puzzle,no,no,1
5399ef86-4df9-49bc-809f-8f4f92f9e659__ep6:qa:100,5399ef86-4df9-49bc-809f-8f4f92f9e659__ep6,test,2000,2019,Assembling a jigsaw puzzle,no,no,1
5399ef86-4df9-49bc-809f-8f4f92f9e659__ep6:qa:101,5399ef86-4df9-49bc-809f-8f4f92f9e659__ep6,test,2020,2039,Assembling a jigsaw puzzle,no,no,1
5399ef86-4df9-49bc-809f-8f4f92f9e659__ep6:qa:102,5399ef86-4df9-49bc-809f-8f4f92f9e659__ep6,test,2040,2059,Assembling a jigsaw puzzle,no,no,1
5399ef86-4df9-49bc-809f-8f4f92f9e659__ep6:qa:120,5399ef86-4df9-49bc-809f-8f4f92f9e659__ep6,test,2400,2419,Assembling a jigsaw puzzle,no,no,1
5399ef86-4df9-49bc-809f-8f4f92f9e659__ep6:qa:121,5399ef86-4df9-49bc-809f-8f4f92f9e659__ep6,test,2420,2439,Assembling a jigsaw puzzle,no,no,1
5399ef86-4df9-49bc-809f-8f4f92f9e659__ep6:qa:140,5399ef86-4df9-49bc-809f-8f4f92f9e659__ep6,test,2800,2819,Assembling a jigsaw puzzle,no,no,1
5399ef86-4df9-49bc-809f-8f4f92f9e659__ep6:qa:141,5399ef86-4df9-49bc-809f-8f4f92f9e659__ep6,test,2820,2839,Assembling a jigsaw puzzle,no,no,1
5399ef86-4df9-49bc-809f-8f4f92f9e659__ep6:qa:144,5399ef86-4df9-49bc-809f-8f4f92f9e659__ep6,test,2880,2899,Assembling a jigsaw puzzle,no,no,1
5399ef86-4df9-49bc-809f-8f4f92f9e659__ep6:qa:145,5399ef86-4df9-49bc-809f-8f4f92f9e659__ep6,test,2900,2919,Assembling a jigsaw puzzle,no,no,1
5399ef86-4df9-49bc-809f-8f4f92f9e659__ep6:qa:146,5399ef86-4df9-49bc-809f-8f4f92f9e659__ep6,test,2920,2939,Assembling a jigsaw puzzle,no,no,1
5399ef86-4df9-49bc-809f-8f4f92f9e659__ep6:qa:150,5399ef86-4df9-49bc-809f-8f4f92f9e659__ep6,test,3000,3019,Assembling a jigsaw puzzle,no,no,1
5399ef86-4df9-49bc-809f-8f4f92f9e659__ep6:qa:151,5399ef86-4df9-49bc-809f-8f4f92f9e659__ep6,test,3020,3039,Assembling a jigsaw puzzle,no,no,1
5399ef86-4df9-49bc-809f-8f4f92f9e659__ep6:qa:160,5399ef86-4df9-49bc-809f-8f4f92f9e659__ep6,test,3200,3219,Assembling a jigsaw puzzle,no,no,1
5399ef86-4df9-49bc-809f-8f4f92f9e659__ep6:qa:161,5399ef86-4df9-49bc-809f-8f4f92f9e659__ep6,test,3220,3239,Assembling a jigsaw puzzle,no,no,1
5399ef86-4df9-49bc-809f-8f4f92f9e659__ep6:qa:162,5399ef86-4df9-49bc-809f-8f4f92f9e659__ep6,test,3240,3259,Assembling a jigsaw puzzle,no,no,1
5399ef86-4df9-49bc-809f-8f4f92f9e659__ep6:qa:190,5399ef86-4df9-49bc-809f-8f4f92f9e659__ep6,test,3800,3819,Assembling a jigsaw puzzle,no,no,1
5399ef86-4df9-49bc-809f-8f4f92f9e659__ep6:qa:191,5399ef86-4df9-49bc-809f-8f4f92f9e659__ep6,test,3820,3839,Assembling a jigsaw puzzle,no,no,1
b750fab3-7fbb-43a0-b451-c64c4d4a64da__ep1:qa:0,b750fab3-7fbb-43a0-b451-c64c4d4a64da__ep1,test,0,19,Crafting with beads and paper strips,no,no,1
b750fab3-7fbb-43a0-b451-c64c4d4a64da__ep1:qa:20,b750fab3-7fbb-43a0-b451-c64c4d4a64da__ep1,test,400,419,Crafting with beads and paper strips,no,no,1
b750fab3-7fbb-43a0-b451-c64c4d4a64da__ep1:qa:21,b750fab3-7fbb-43a0-b451-c64c4d4a64da__ep1,test,420,439,Crafting with beads and paper strips,no,no,1
b750fab3-7fbb-43a0-b451-c64c4d4a64da__ep1:qa:28,b750fab3-7fbb-43a0-b451-c64c4d4a64da__ep1,test,560,579,Crafting with beads and paper strips,no,no,1
b750fab3-7fbb-43a0-b451-c64c4d4a64da__ep1:qa:29,b750fab3-7fbb-43a0-b451-c64c4d4a64da__ep1,test,580,599,Crafting with beads and paper strips,no,no,1
b750fab3-7fbb-43a0-b451-c64c4d4a64da__ep1:qa:34,b750fab3-7fbb-43a0-b451-c64c4d4a64da__ep1,test,680,699,Crafting with beads and paper strips,no,no,1
b750fab3-7fbb-43a0-b451-c64c4d4a64da__ep1:qa:35,b750fab3-7fbb-43a0-b451-c64c4d4a64da__ep1,test,700,719,Crafting with beads and paper strips,no,no,1
b750fab3-7fbb-43a0-b451-c64c4d4a64da__ep1:qa:40,b750fab3-7fbb-43a0-b451-c64c4d4a64da__ep1,test,800,819,Crafting with beads and paper strips,no,no,1
b750fab3-7fbb-43a0-b451-c64c4d4a64da__ep1:qa:41,b750fab3-7fbb-43a0-b451-c64c4d4a64da__ep1,test,820,839,Crafting with beads and paper strips,no,no,1
b750fab3-7fbb-43a0-b451-c64c4d4a64da__ep1:qa:70,b750fab3-7fbb-43a0-b451-c64c4d4a64da__ep1,test,1400,1419,Crafting with beads and paper strips,no,no,1
b750fab3-7fbb-43a0-b451-c64c4d4a64da__ep1:qa:71,b750fab3-7fbb-43a0-b451-c64c4d4a64da__ep1,test,1420,1439,Crafting with beads and paper strips,no,no,1
b750fab3-7fbb-43a0-b451-c64c4d4a64da__ep1:qa:74,b750fab3-7fbb-43a0-b451-c64c4d4a64da__ep1,test,1480,1499,Crafting with beads and paper strips,no,no,1
b750fab3-7fbb-43a0-b451-c64c4d4a64da__ep1:qa:75,b750fab3-7fbb-43a0-b451-c64c4d4a64da__ep1,test,1500,1519,Crafting with beads and paper strips,no,no,1
b750fab3-7fbb-43a0-b451-c64c4d4a64da__ep1:qa:82,b750fab3-7fbb-43a0-b451-c64c4d4a64da__ep1,test,1640,1659,Crafting with beads and paper strips,no,no,1
b750fab3-7fbb-43a0-b451-c64c4d4a64da__ep1:qa:83,b750fab3-7fbb-43a0-b451-c64c4d4a64da__ep1,test,1660,1679,Crafting with beads and paper strips,no,no,1
b750fab3-7fbb-43a0-b451-c64c4d4a64da__ep1:qa:90,b750fab3-7fbb-43a0-b451-c64c4d4a64da__ep1,test,1800,1819,Crafting with beads and paper strips,no,no,1
b750fab3-7fbb-43a0-b451-c64c4d4a64da__ep1:qa:91,b750fab3-7fbb-43a0-b451-c64c4d4a64da__ep1,test,1820,1839,Crafting with beads and paper strips,no,no,1
b750fab3-7fbb-43a0-b451-c64c4d4a64da__ep1:qa:120,b750fab3-7fbb-43a0-b451-c64c4d4a64da__ep1,test,2400,2419,Crafting with beads and paper strips,no,no,1
b750fab3-7fbb-43a0-b451-c64c4d4a64da__ep1:qa:121,b750fab3-7fbb-43a0-b451-c64c4d4a64da__ep1,test,2420,2439,Crafting with beads and paper strips,no,no,1
b750fab3-7fbb-43a0-b451-c64c4d4a64da__ep1:qa:150,b750fab3-7fbb-43a0-b451-c64c4d4a64da__ep1,test,3000,3019,Crafting with beads and paper strips,no,no,1
b750fab3-7fbb-43a0-b451-c64c4d4a64da__ep1:qa:151,b750fab3-7fbb-43a0-b451-c64c4d4a64da__ep1,test,3020,3039,Crafting with beads and paper strips,no,no,1
b750fab3-7fbb-43a0-b451-c64c4d4a64da__ep1:qa:190,b750fab3-7fbb-43a0-b451-c64c4d4a64da__ep1,test,3800,3819,Crafting with beads and paper strips,no,no,1
b750fab3-7fbb-43a0-b451-c64c4d4a64da__ep1:qa:191,b750fab3-7fbb-43a0-b451-c64c4d4a64da__ep1,test,3820,3839,Crafting with beads and paper strips,no,no,1
b750fab3-7fbb-43a0-b451-c64c4d4a64da__ep1:qa:220,b750fab3-7fbb-43a0-b451-c64c4d4a64da__ep1,test,4400,4419,Crafting with beads and paper strips,no,no,1
b750fab3-7fbb-43a0-b451-c64c4d4a64da__ep1:qa:221,b750fab3-7fbb-43a0-b451-c64c4d4a64da__ep1,test,4420,4439,Crafting with beads and paper strips,no,no,1
b750fab3-7fbb-43a0-b451-c64c4d4a64da__ep1:qa:240,b750fab3-7fbb-43a0-b451-c64c4d4a64da__ep1,test,4800,4819,Crafting with beads and paper strips,no,no,1
b750fab3-7fbb-43a0-b451-c64c4d4a64da__ep1:qa:246,b750fab3-7fbb-43a0-b451-c64c4d4a64da__ep1,test,4920,4939,Crafting with beads and paper strips,no,no,1
b750fab3-7fbb-43a0-b451-c64c4d4a64da__ep1:qa:247,b750fab3-7fbb-43a0-b451-c64c4d4a64da__ep1,test,4940,4959,Crafting with beads and paper strips,no,no,1
b750fab3-7fbb-43a0-b451-c64c4d4a64da__ep1:qa:250,b750fab3-7fbb-43a0-b451-c64c4d4a64da__ep1,test,5000,5019,Crafting with beads and paper strips,no,no,1
b750fab3-7fbb-43a0-b451-c64c4d4a64da__ep1:qa:251,b750fab3-7fbb-43a0-b451-c64c4d4a64da__ep1,test,5020,5039,Crafting with beads and paper strips,no,no,1
b750fab3-7fbb-43a0-b451-c64c4d4a64da__ep1:qa:296,b750fab3-7fbb-43a0-b451-c64c4d4a64da__ep1,test,5920,5939,Crafting with beads and paper strips,no,no,1
b750fab3-7fbb-43a0-b451-c64c4d4a64da__ep1:qa:297,b750fab3-7fbb-43a0-b451-c64c4d4a64da__ep1,test,5940,5959,Crafting with beads and paper strips,no,no,1
877779cd-25f3-4293-a3c4-39067dd9558c__ep4:qa:0,877779cd-25f3-4293-a3c4-39067dd9558c__ep4,test,0,19,Sorting and arranging buttons by color,no,no,1
877779cd-25f3-4293-a3c4-39067dd9558c__ep4:qa:1,877779cd-25f3-4293-a3c4-39067dd9558c__ep4,test,20,39,Sorting and arranging buttons by color,no,no,1
877779cd-25f3-4293-a3c4-39067dd9558c__ep4:qa:2,877779cd-25f3-4293-a3c4-39067dd9558c__ep4,test,40,59,Sorting and arranging buttons by color,no,no,1
877779cd-25f3-4293-a3c4-39067dd9558c__ep4:qa:20,877779cd-25f3-4293-a3c4-39067dd9558c__ep4,test,400,419,Sorting and arranging buttons by color,no,no,1
877779cd-25f3-4293-a3c4-39067dd9558c__ep4:qa:21,877779cd-25f3-4293-a3c4-39067dd9558c__ep4,test,420,439,Sorting and arranging buttons by color,no,no,1
877779cd-25f3-4293-a3c4-39067dd9558c__ep4:qa:22,877779cd-25f3-4293-a3c4-39067dd9558c__ep4,test,440,459,Sorting and arranging buttons by color,no,no,1
877779cd-25f3-4293-a3c4-39067dd9558c__ep4:qa:23,877779cd-25f3-4293-a3c4-39067dd9558c__ep4,test,460,479,Sorting and arranging buttons by color,no,no,1
877779cd-25f3-4293-a3c4-39067dd9558c__ep4:qa:50,877779cd-25f3-4293-a3c4-39067dd9558c__ep4,test,1000,1019,Sorting and arranging buttons by color,no,no,1
877779cd-25f3-4293-a3c4-39067dd9558c__ep4:qa:51,877779cd-25f3-4293-a3c4-39067dd9558c__ep4,test,1020,1039,Sorting and arranging buttons by color,no,no,1
877779cd-25f3-4293-a3c4-39067dd9558c__ep4:qa:52,877779cd-25f3-4293-a3c4-39067dd9558c__ep4,test,1040,1059,Sorting and arranging buttons by color,no,no,1
877779cd-25f3-4293-a3c4-39067dd9558c__ep4:qa:53,877779cd-25f3-4293-a3c4-39067dd9558c__ep4,test,1060,1079,Sorting and arranging buttons by color,no,no,1
877779cd-25f3-4293-a3c4-39067dd9558c__ep4:qa:70,877779cd-25f3-4293-a3c4-39067dd9558c__ep4,test,1400,1419,Sorting and arranging buttons by color,no,no,1
877779cd-25f3-4293-a3c4-39067dd9558c__ep4:qa:71,877779cd-25f3-4293-a3c4-39067dd9558c__ep4,test,1420,1439,Sorting and arranging buttons by color,no,no,1
877779cd-25f3-4293-a3c4-39067dd9558c__ep4:qa:72,877779cd-25f3-4293-a3c4-39067dd9558c__ep4,test,1440,1459,Sorting and arranging buttons by color,no,no,1
877779cd-25f3-4293-a3c4-39067dd9558c__ep4:qa:100,877779cd-25f3-4293-a3c4-39067dd9558c__ep4,test,2000,2019,Sorting and arranging buttons by color,no,no,1
877779cd-25f3-4293-a3c4-39067dd9558c__ep4:qa:101,877779cd-25f3-4293-a3c4-39067dd9558c__ep4,test,2020,2039,Sorting and arranging buttons by color,no,no,1
877779cd-25f3-4293-a3c4-39067dd9558c__ep4:qa:102,877779cd-25f3-4293-a3c4-39067dd9558c__ep4,test,2040,2059,Sorting and arranging buttons by color,no,no,1
877779cd-25f3-4293-a3c4-39067dd9558c__ep4:qa:108,877779cd-25f3-4293-a3c4-39067dd9558c__ep4,test,2160,2179,Sorting and arranging buttons by color,no,no,1
877779cd-25f3-4293-a3c4-39067dd9558c__ep4:qa:109,877779cd-25f3-4293-a3c4-39067dd9558c__ep4,test,2180,2199,Sorting and arranging buttons by color,no,no,1
877779cd-25f3-4293-a3c4-39067dd9558c__ep4:qa:110,877779cd-25f3-4293-a3c4-39067dd9558c__ep4,test,2200,2219,Sorting and arranging buttons by color,no,no,1
877779cd-25f3-4293-a3c4-39067dd9558c__ep4:qa:120,877779cd-25f3-4293-a3c4-39067dd9558c__ep4,test,2400,2419,Sorting and arranging buttons by color,no,no,1
877779cd-25f3-4293-a3c4-39067dd9558c__ep4:qa:121,877779cd-25f3-4293-a3c4-39067dd9558c__ep4,test,2420,2439,Sorting and arranging buttons by color,no,no,1
877779cd-25f3-4293-a3c4-39067dd9558c__ep4:qa:122,877779cd-25f3-4293-a3c4-39067dd9558c__ep4,test,2440,2459,Sorting and arranging buttons by color,no,no,1
877779cd-25f3-4293-a3c4-39067dd9558c__ep4:qa:150,877779cd-25f3-4293-a3c4-39067dd9558c__ep4,test,3000,3019,Sorting and arranging buttons by color,no,no,1
877779cd-25f3-4293-a3c4-39067dd9558c__ep4:qa:151,877779cd-25f3-4293-a3c4-39067dd9558c__ep4,test,3020,3039,Sorting and arranging buttons by color,no,no,1
877779cd-25f3-4293-a3c4-39067dd9558c__ep4:qa:152,877779cd-25f3-4293-a3c4-39067dd9558c__ep4,test,3040,3059,Sorting and arranging buttons by color,no,no,1
877779cd-25f3-4293-a3c4-39067dd9558c__ep4:qa:170,877779cd-25f3-4293-a3c4-39067dd9558c__ep4,test,3400,3419,Sorting and arranging buttons by color,no,no,1
877779cd-25f3-4293-a3c4-39067dd9558c__ep4:qa:171,877779cd-25f3-4293-a3c4-39067dd9558c__ep4,test,3420,3439,Sorting and arranging buttons by color,no,no,1
877779cd-25f3-4293-a3c4-39067dd9558c__ep4:qa:172,877779cd-25f3-4293-a3c4-39067dd9558c__ep4,test,3440,3459,Sorting and arranging buttons by color,no,no,1
877779cd-25f3-4293-a3c4-39067dd9558c__ep4:qa:200,877779cd-25f3-4293-a3c4-39067dd9558c__ep4,test,4000,4019,Sorting and arranging buttons by color,no,no,1
877779cd-25f3-4293-a3c4-39067dd9558c__ep4:qa:201,877779cd-25f3-4293-a3c4-39067dd9558c__ep4,test,4020,4039,Sorting and arranging buttons by color,no,no,1
877779cd-25f3-4293-a3c4-39067dd9558c__ep4:qa:202,877779cd-25f3-4293-a3c4-39067dd9558c__ep4,test,4040,4059,Sorting and arranging buttons by color,no,no,1
1796b943-caad-43c6-b9bd-80b8d601f37d__ep1:qa:0,1796b943-caad-43c6-b9bd-80b8d601f37d__ep1,test,0,19,VR training session and plastic strip assembly,no,yes,0
1796b943-caad-43c6-b9bd-80b8d601f37d__ep1:qa:1,1796b943-caad-43c6-b9bd-80b8d601f37d__ep1,test,20,39,VR training session and plastic strip assembly,no,yes,0
1796b943-caad-43c6-b9bd-80b8d601f37d__ep1:qa:2,1796b943-caad-43c6-b9bd-80b8d601f37d__ep1,test,40,59,VR training session and plastic strip assembly,no,yes,0
1796b943-caad-43c6-b9bd-80b8d601f37d__ep1:qa:10,1796b943-caad-43c6-b9bd-80b8d601f37d__ep1,test,200,219,VR training session and plastic strip assembly,no,yes,0
1796b943-caad-43c6-b9bd-80b8d601f37d__ep1:qa:11,1796b943-caad-43c6-b9bd-80b8d601f37d__ep1,test,220,239,VR training session and plastic strip assembly,no,yes,0
1796b943-caad-43c6-b9bd-80b8d601f37d__ep1:qa:12,1796b943-caad-43c6-b9bd-80b8d601f37d__ep1,test,240,259,VR training session and plastic strip assembly,no,yes,0
1796b943-caad-43c6-b9bd-80b8d601f37d__ep1:qa:13,1796b943-caad-43c6-b9bd-80b8d601f37d__ep1,test,260,279,VR training session and plastic strip assembly,no,yes,0
1796b943-caad-43c6-b9bd-80b8d601f37d__ep1:qa:20,1796b943-caad-43c6-b9bd-80b8d601f37d__ep1,test,400,419,VR training session and plastic strip assembly,no,yes,0
1796b943-caad-43c6-b9bd-80b8d601f37d__ep1:qa:21,1796b943-caad-43c6-b9bd-80b8d601f37d__ep1,test,420,439,VR training session and plastic strip assembly,no,yes,0
1796b943-caad-43c6-b9bd-80b8d601f37d__ep1:qa:22,1796b943-caad-43c6-b9bd-80b8d601f37d__ep1,test,440,459,VR training session and plastic strip assembly,no,yes,0
1796b943-caad-43c6-b9bd-80b8d601f37d__ep1:qa:28,1796b943-caad-43c6-b9bd-80b8d601f37d__ep1,test,560,579,VR training session and plastic strip assembly,no,yes,0
1796b943-caad-43c6-b9bd-80b8d601f37d__ep1:qa:29,1796b943-caad-43c6-b9bd-80b8d601f37d__ep1,test,580,599,VR training session and plastic strip assembly,no,yes,0
1796b943-caad-43c6-b9bd-80b8d601f37d__ep1:qa:30,1796b943-caad-43c6-b9bd-80b8d601f37d__ep1,test,600,619,VR training session and plastic strip assembly,no,yes,0
1796b943-caad-43c6-b9bd-80b8d601f37d__ep1:qa:40,1796b943-caad-43c6-b9bd-80b8d601f37d__ep1,test,800,819,VR training session and plastic strip assembly,no,yes,0
1796b943-caad-43c6-b9bd-80b8d601f37d__ep1:qa:41,1796b943-caad-43c6-b9bd-80b8d601f37d__ep1,test,820,839,VR training session and plastic strip assembly,no,yes,0
1796b943-caad-43c6-b9bd-80b8d601f37d__ep1:qa:42,1796b943-caad-43c6-b9bd-80b8d601f37d__ep1,test,840,859,VR training session and plastic strip assembly,no,yes,0
1796b943-caad-43c6-b9bd-80b8d601f37d__ep1:qa:50,1796b943-caad-43c6-b9bd-80b8d601f37d__ep1,test,1000,1019,VR training session and plastic strip assembly,no,yes,0
1796b943-caad-43c6-b9bd-80b8d601f37d__ep1:qa:51,1796b943-caad-43c6-b9bd-80b8d601f37d__ep1,test,1020,1039,VR training session and plastic strip assembly,no,yes,0
1796b943-caad-43c6-b9bd-80b8d601f37d__ep1:qa:52,1796b943-caad-43c6-b9bd-80b8d601f37d__ep1,test,1040,1059,VR training session and plastic strip assembly,no,yes,0
1796b943-caad-43c6-b9bd-80b8d601f37d__ep1:qa:70,1796b943-caad-43c6-b9bd-80b8d601f37d__ep1,test,1400,1419,VR training session and plastic strip assembly,no,yes,0
1796b943-caad-43c6-b9bd-80b8d601f37d__ep1:qa:71,1796b943-caad-43c6-b9bd-80b8d601f37d__ep1,test,1420,1439,VR training session and plastic strip assembly,no,yes,0
1796b943-caad-43c6-b9bd-80b8d601f37d__ep1:qa:72,1796b943-caad-43c6-b9bd-80b8d601f37d__ep1,test,1440,1459,VR training session and plastic strip assembly,no,yes,0
1796b943-caad-43c6-b9bd-80b8d601f37d__ep1:qa:90,1796b943-caad-43c6-b9bd-80b8d601f37d__ep1,test,1800,1819,VR training session and plastic strip assembly,no,yes,0
1796b943-caad-43c6-b9bd-80b8d601f37d__ep1:qa:91,1796b943-caad-43c6-b9bd-80b8d601f37d__ep1,test,1820,1839,VR training session and plastic strip assembly,no,yes,0
1796b943-caad-43c6-b9bd-80b8d601f37d__ep1:qa:92,1796b943-caad-43c6-b9bd-80b8d601f37d__ep1,test,1840,1859,VR training session and plastic strip assembly,no,yes,0
1796b943-caad-43c6-b9bd-80b8d601f37d__ep1:qa:100,1796b943-caad-43c6-b9bd-80b8d601f37d__ep1,test,2000,2019,VR training session and plastic strip assembly,no,yes,0
1796b943-caad-43c6-b9bd-80b8d601f37d__ep1:qa:101,1796b943-caad-43c6-b9bd-80b8d601f37d__ep1,test,2020,2039,VR training session and plastic strip assembly,no,yes,0
1796b943-caad-43c6-b9bd-80b8d601f37d__ep1:qa:102,1796b943-caad-43c6-b9bd-80b8d601f37d__ep1,test,2040,2059,VR training session and plastic strip assembly,no,yes,0
1796b943-caad-43c6-b9bd-80b8d601f37d__ep1:qa:103,1796b943-caad-43c6-b9bd-80b8d601f37d__ep1,test,2060,2079,VR training session and plastic strip assembly,no,yes,0
1796b943-caad-43c6-b9bd-80b8d601f37d__ep1:qa:140,1796b943-caad-43c6-b9bd-80b8d601f37d__ep1,test,2800,2819,VR training session and plastic strip assembly,no,yes,0
1796b943-caad-43c6-b9bd-80b8d601f37d__ep1:qa:141,1796b943-caad-43c6-b9bd-80b8d601f37d__ep1,test,2820,2839,VR training session and plastic strip assembly,no,yes,0
1796b943-caad-43c6-b9bd-80b8d601f37d__ep1:qa:142,1796b943-caad-43c6-b9bd-80b8d601f37d__ep1,test,2840,2859,VR training session and plastic strip assembly,no,yes,0
ba18b7c1-21ff-45da-8452-41acce7fc8de__ep2:qa:0,ba18b7c1-21ff-45da-8452-41acce7fc8de__ep2,test,0,19,Crafting a paper cone,no,no,1
ba18b7c1-21ff-45da-8452-41acce7fc8de__ep2:qa:1,ba18b7c1-21ff-45da-8452-41acce7fc8de__ep2,test,20,39,Crafting a paper cone,no,no,1
ba18b7c1-21ff-45da-8452-41acce7fc8de__ep2:qa:2,ba18b7c1-21ff-45da-8452-41acce7fc8de__ep2,test,40,59,Crafting a paper cone,no,no,1
ba18b7c1-21ff-45da-8452-41acce7fc8de__ep2:qa:3,ba18b7c1-21ff-45da-8452-41acce7fc8de__ep2,test,60,79,Crafting a paper cone,no,no,1
ba18b7c1-21ff-45da-8452-41acce7fc8de__ep2:qa:4,ba18b7c1-21ff-45da-8452-41acce7fc8de__ep2,test,80,99,Crafting a paper cone,no,no,1
ba18b7c1-21ff-45da-8452-41acce7fc8de__ep2:qa:40,ba18b7c1-21ff-45da-8452-41acce7fc8de__ep2,test,800,819,Crafting a paper cone,no,no,1
ba18b7c1-21ff-45da-8452-41acce7fc8de__ep2:qa:41,ba18b7c1-21ff-45da-8452-41acce7fc8de__ep2,test,820,839,Crafting a paper cone,no,no,1
ba18b7c1-21ff-45da-8452-41acce7fc8de__ep2:qa:42,ba18b7c1-21ff-45da-8452-41acce7fc8de__ep2,test,840,859,Crafting a paper cone,no,no,1
ba18b7c1-21ff-45da-8452-41acce7fc8de__ep2:qa:43,ba18b7c1-21ff-45da-8452-41acce7fc8de__ep2,test,860,879,Crafting a paper cone,no,no,1
ba18b7c1-21ff-45da-8452-41acce7fc8de__ep2:qa:44,ba18b7c1-21ff-45da-8452-41acce7fc8de__ep2,test,880,899,Crafting a paper cone,no,no,1
ba18b7c1-21ff-45da-8452-41acce7fc8de__ep2:qa:60,ba18b7c1-21ff-45da-8452-41acce7fc8de__ep2,test,1200,1219,Crafting a paper cone,yes,no,0
ba18b7c1-21ff-45da-8452-41acce7fc8de__ep2:qa:61,ba18b7c1-21ff-45da-8452-41acce7fc8de__ep2,test,1220,1239,Crafting a paper cone,no,no,1
ba18b7c1-21ff-45da-8452-41acce7fc8de__ep2:qa:62,ba18b7c1-21ff-45da-8452-41acce7fc8de__ep2,test,1240,1259,Crafting a paper cone,no,no,1
ba18b7c1-21ff-45da-8452-41acce7fc8de__ep2:qa:63,ba18b7c1-21ff-45da-8452-41acce7fc8de__ep2,test,1260,1279,Crafting a paper cone,no,no,1
ba18b7c1-21ff-45da-8452-41acce7fc8de__ep2:qa:90,ba18b7c1-21ff-45da-8452-41acce7fc8de__ep2,test,1800,1819,Crafting a paper cone,no,no,1
ba18b7c1-21ff-45da-8452-41acce7fc8de__ep2:qa:91,ba18b7c1-21ff-45da-8452-41acce7fc8de__ep2,test,1820,1839,Crafting a paper cone,no,no,1
ba18b7c1-21ff-45da-8452-41acce7fc8de__ep2:qa:92,ba18b7c1-21ff-45da-8452-41acce7fc8de__ep2,test,1840,1859,Crafting a paper cone,no,no,1
ba18b7c1-21ff-45da-8452-41acce7fc8de__ep2:qa:93,ba18b7c1-21ff-45da-8452-41acce7fc8de__ep2,test,1860,1879,Crafting a paper cone,no,no,1
ba18b7c1-21ff-45da-8452-41acce7fc8de__ep2:qa:94,ba18b7c1-21ff-45da-8452-41acce7fc8de__ep2,test,1880,1899,Crafting a paper cone,no,no,1
ba18b7c1-21ff-45da-8452-41acce7fc8de__ep2:qa:146,ba18b7c1-21ff-45da-8452-41acce7fc8de__ep2,test,2920,2939,Crafting a paper cone,no,no,1
ba18b7c1-21ff-45da-8452-41acce7fc8de__ep2:qa:147,ba18b7c1-21ff-45da-8452-41acce7fc8de__ep2,test,2940,2959,Crafting a paper cone,no,no,1
ba18b7c1-21ff-45da-8452-41acce7fc8de__ep2:qa:148,ba18b7c1-21ff-45da-8452-41acce7fc8de__ep2,test,2960,2979,Crafting a paper cone,no,no,1
ba18b7c1-21ff-45da-8452-41acce7fc8de__ep2:qa:149,ba18b7c1-21ff-45da-8452-41acce7fc8de__ep2,test,2980,2999,Crafting a paper cone,no,no,1
ba18b7c1-21ff-45da-8452-41acce7fc8de__ep2:qa:170,ba18b7c1-21ff-45da-8452-41acce7fc8de__ep2,test,3400,3419,Crafting a paper cone,no,no,1
ba18b7c1-21ff-45da-8452-41acce7fc8de__ep2:qa:171,ba18b7c1-21ff-45da-8452-41acce7fc8de__ep2,test,3420,3439,Crafting a paper cone,no,no,1
ba18b7c1-21ff-45da-8452-41acce7fc8de__ep2:qa:172,ba18b7c1-21ff-45da-8452-41acce7fc8de__ep2,test,3440,3459,Crafting a paper cone,no,no,1
ba18b7c1-21ff-45da-8452-41acce7fc8de__ep2:qa:173,ba18b7c1-21ff-45da-8452-41acce7fc8de__ep2,test,3460,3479,Crafting a paper cone,no,no,1
ba18b7c1-21ff-45da-8452-41acce7fc8de__ep2:qa:174,ba18b7c1-21ff-45da-8452-41acce7fc8de__ep2,test,3480,3499,Crafting a paper cone,no,no,1
ba18b7c1-21ff-45da-8452-41acce7fc8de__ep2:qa:240,ba18b7c1-21ff-45da-8452-41acce7fc8de__ep2,test,4800,4819,Crafting a paper cone,no,no,1
ba18b7c1-21ff-45da-8452-41acce7fc8de__ep2:qa:241,ba18b7c1-21ff-45da-8452-41acce7fc8de__ep2,test,4820,4839,Crafting a paper cone,no,no,1
ba18b7c1-21ff-45da-8452-41acce7fc8de__ep2:qa:242,ba18b7c1-21ff-45da-8452-41acce7fc8de__ep2,test,4840,4859,Crafting a paper cone,no,no,1
ba18b7c1-21ff-45da-8452-41acce7fc8de__ep2:qa:243,ba18b7c1-21ff-45da-8452-41acce7fc8de__ep2,test,4860,4879,Crafting a paper cone,no,no,1
b6579cb5-0a71-4ca6-8808-1e2700be05c7__ep3:qa:0,b6579cb5-0a71-4ca6-8808-1e2700be05c7__ep3,test,0,19,Sorting and counting colored star-shaped beads,no,no,1
b6579cb5-0a71-4ca6-8808-1e2700be05c7__ep3:qa:1,b6579cb5-0a71-4ca6-8808-1e2700be05c7__ep3,test,20,39,Sorting and counting colored star-shaped beads,no,no,1
b6579cb5-0a71-4ca6-8808-1e2700be05c7__ep3:qa:14,b6579cb5-0a71-4ca6-8808-1e2700be05c7__ep3,test,280,299,Sorting and counting colored star-shaped beads,no,no,1
b6579cb5-0a71-4ca6-8808-1e2700be05c7__ep3:qa:15,b6579cb5-0a71-4ca6-8808-1e2700be05c7__ep3,test,300,319,Sorting and counting colored star-shaped beads,no,no,1
b6579cb5-0a71-4ca6-8808-1e2700be05c7__ep3:qa:50,b6579cb5-0a71-4ca6-8808-1e2700be05c7__ep3,test,1000,1019,Sorting and counting colored star-shaped beads,no,no,1
b6579cb5-0a71-4ca6-8808-1e2700be05c7__ep3:qa:100,b6579cb5-0a71-4ca6-8808-1e2700be05c7__ep3,test,2000,2019,Sorting and counting colored star-shaped beads,no,no,1
b6579cb5-0a71-4ca6-8808-1e2700be05c7__ep3:qa:101,b6579cb5-0a71-4ca6-8808-1e2700be05c7__ep3,test,2020,2039,Sorting and counting colored star-shaped beads,no,no,1
b6579cb5-0a71-4ca6-8808-1e2700be05c7__ep3:qa:120,b6579cb5-0a71-4ca6-8808-1e2700be05c7__ep3,test,2400,2419,Sorting and counting colored star-shaped beads,no,no,1
b6579cb5-0a71-4ca6-8808-1e2700be05c7__ep3:qa:121,b6579cb5-0a71-4ca6-8808-1e2700be05c7__ep3,test,2420,2439,Sorting and counting colored star-shaped beads,no,no,1
b6579cb5-0a71-4ca6-8808-1e2700be05c7__ep3:qa:128,b6579cb5-0a71-4ca6-8808-1e2700be05c7__ep3,test,2560,2579,Sorting and counting colored star-shaped beads,no,no,1
b6579cb5-0a71-4ca6-8808-1e2700be05c7__ep3:qa:129,b6579cb5-0a71-4ca6-8808-1e2700be05c7__ep3,test,2580,2599,Sorting and counting colored star-shaped beads,no,no,1
b6579cb5-0a71-4ca6-8808-1e2700be05c7__ep3:qa:150,b6579cb5-0a71-4ca6-8808-1e2700be05c7__ep3,test,3000,3019,Sorting and counting colored star-shaped beads,no,no,1
b6579cb5-0a71-4ca6-8808-1e2700be05c7__ep3:qa:164,b6579cb5-0a71-4ca6-8808-1e2700be05c7__ep3,test,3280,3299,Sorting and counting colored star-shaped beads,no,no,1
b6579cb5-0a71-4ca6-8808-1e2700be05c7__ep3:qa:180,b6579cb5-0a71-4ca6-8808-1e2700be05c7__ep3,test,3600,3619,Sorting and counting colored star-shaped beads,yes,no,0
b6579cb5-0a71-4ca6-8808-1e2700be05c7__ep3:qa:181,b6579cb5-0a71-4ca6-8808-1e2700be05c7__ep3,test,3620,3639,Sorting and counting colored star-shaped beads,no,no,1
b6579cb5-0a71-4ca6-8808-1e2700be05c7__ep3:qa:200,b6579cb5-0a71-4ca6-8808-1e2700be05c7__ep3,test,4000,4019,Sorting and counting colored star-shaped beads,no,no,1
b6579cb5-0a71-4ca6-8808-1e2700be05c7__ep3:qa:201,b6579cb5-0a71-4ca6-8808-1e2700be05c7__ep3,test,4020,4039,Sorting and counting colored star-shaped beads,no,no,1
b6579cb5-0a71-4ca6-8808-1e2700be05c7__ep3:qa:212,b6579cb5-0a71-4ca6-8808-1e2700be05c7__ep3,test,4240,4259,Sorting and counting colored star-shaped beads,no,no,1
b6579cb5-0a71-4ca6-8808-1e2700be05c7__ep3:qa:213,b6579cb5-0a71-4ca6-8808-1e2700be05c7__ep3,test,4260,4279,Sorting and counting colored star-shaped beads,no,no,1
b6579cb5-0a71-4ca6-8808-1e2700be05c7__ep3:qa:220,b6579cb5-0a71-4ca6-8808-1e2700be05c7__ep3,test,4400,4419,Sorting and counting colored star-shaped beads,no,no,1
b6579cb5-0a71-4ca6-8808-1e2700be05c7__ep3:qa:221,b6579cb5-0a71-4ca6-8808-1e2700be05c7__ep3,test,4420,4439,Sorting and counting colored star-shaped beads,no,no,1
b6579cb5-0a71-4ca6-8808-1e2700be05c7__ep3:qa:232,b6579cb5-0a71-4ca6-8808-1e2700be05c7__ep3,test,4640,4659,Sorting and counting colored star-shaped beads,no,no,1
b6579cb5-0a71-4ca6-8808-1e2700be05c7__ep3:qa:233,b6579cb5-0a71-4ca6-8808-1e2700be05c7__ep3,test,4660,4679,Sorting and counting colored star-shaped beads,no,no,1
b6579cb5-0a71-4ca6-8808-1e2700be05c7__ep3:qa:240,b6579cb5-0a71-4ca6-8808-1e2700be05c7__ep3,test,4800,4819,Sorting and counting colored star-shaped beads,no,no,1
b6579cb5-0a71-4ca6-8808-1e2700be05c7__ep3:qa:244,b6579cb5-0a71-4ca6-8808-1e2700be05c7__ep3,test,4880,4899,Sorting and counting colored star-shaped beads,no,no,1
b6579cb5-0a71-4ca6-8808-1e2700be05c7__ep3:qa:245,b6579cb5-0a71-4ca6-8808-1e2700be05c7__ep3,test,4900,4919,Sorting and counting colored star-shaped beads,no,no,1
b6579cb5-0a71-4ca6-8808-1e2700be05c7__ep3:qa:250,b6579cb5-0a71-4ca6-8808-1e2700be05c7__ep3,test,5000,5019,Sorting and counting colored star-shaped beads,no,no,1
b6579cb5-0a71-4ca6-8808-1e2700be05c7__ep3:qa:251,b6579cb5-0a71-4ca6-8808-1e2700be05c7__ep3,test,5020,5039,Sorting and counting colored star-shaped beads,no,no,1
b6579cb5-0a71-4ca6-8808-1e2700be05c7__ep3:qa:256,b6579cb5-0a71-4ca6-8808-1e2700be05c7__ep3,test,5120,5139,Sorting and counting colored star-shaped beads,no,no,1
b6579cb5-0a71-4ca6-8808-1e2700be05c7__ep3:qa:257,b6579cb5-0a71-4ca6-8808-1e2700be05c7__ep3,test,5140,5159,Sorting and counting colored star-shaped beads,no,no,1
b6579cb5-0a71-4ca6-8808-1e2700be05c7__ep3:qa:264,b6579cb5-0a71-4ca6-8808-1e2700be05c7__ep3,test,5280,5299,Sorting and counting colored star-shaped beads,no,no,1
b6579cb5-0a71-4ca6-8808-1e2700be05c7__ep3:qa:265,b6579cb5-0a71-4ca6-8808-1e2700be05c7__ep3,test,5300,5319,Sorting and counting colored star-shaped beads,no,no,1
