id,episode_id,split,start_frame,end_frame,main_task,true_label,predicted_label,confidence,correct
8a8e1b3c-607e-4ada-b3fd-fa639727e92c__ep1:qa:0,8a8e1b3c-607e-4ada-b3fd-fa639727e92c__ep1,test,0,19,Cooking and cleaning in the kitchen,Hold smartphone,Cut cardboard,0.0014222274767234921,0
8a8e1b3c-607e-4ada-b3fd-fa639727e92c__ep1:qa:20,8a8e1b3c-607e-4ada-b3fd-fa639727e92c__ep1,test,400,419,Cooking and cleaning in the kitchen,Use smartphone,Cut cardboard,0.0014209906803444028,0
8a8e1b3c-607e-4ada-b3fd-fa639727e92c__ep1:qa:46,8a8e1b3c-607e-4ada-b3fd-fa639727e92c__ep1,test,920,939,Cooking and cleaning in the kitchen,Place smartphone on stand,Cut cardboard,0.0014193089446052909,0
8a8e1b3c-607e-4ada-b3fd-fa639727e92c__ep1:qa:50,8a8e1b3c-607e-4ada-b3fd-fa639727e92c__ep1,test,1000,1019,Cooking and cleaning in the kitchen,Pick up dustpan,Cut cardboard,0.0014190498040989041,0
8a8e1b3c-607e-4ada-b3fd-fa639727e92c__ep1:qa:62,8a8e1b3c-607e-4ada-b3fd-fa639727e92c__ep1,test,1240,1259,Cooking and cleaning in the kitchen,Move dustpan to side,Cut cardboard,0.0014182727318257093,0
8a8e1b3c-607e-4ada-b3fd-fa639727e92c__ep1:qa:70,8a8e1b3c-607e-4ada-b3fd-fa639727e92c__ep1,test,1400,1419,Cooking and cleaning in the kitchen,Hold container lid,Cut cardboard,0.0014177548000589013,0
8a8e1b3c-607e-4ada-b3fd-fa639727e92c__ep1:qa:71,8a8e1b3c-607e-4ada-b3fd-fa639727e92c__ep1,test,1420,1439,Cooking and cleaning in the kitchen,Hold container lid,Cut cardboard,0.0014176899567246437,0
8a8e1b3c-607e-4ada-b3fd-fa639727e92c__ep1:qa:90,8a8e1b3c-607e-4ada-b3fd-fa639727e92c__ep1,test,1800,1819,Cooking and cleaning in the kitchen,Move towards the stove,Cut cardboard,0.0014164582826197147,0
8a8e1b3c-607e-4ada-b3fd-fa639727e92c__ep1:qa:100,8a8e1b3c-607e-4ada-b3fd-fa639727e92c__ep1,test,2000,2019,Cooking and cleaning in the kitchen,Open stove pot lid,Cut cardboard,0.0014158097328618169,0
8a8e1b3c-607e-4ada-b3fd-fa639727e92c__ep1:qa:120,8a8e1b3c-607e-4ada-b3fd-fa639727e92c__ep1,test,2400,2419,Cooking and cleaning in the kitchen,Walking towards door,Cut cardboard,0.0014145117020234466,0
8a8e1b3c-607e-4ada-b3fd-fa639727e92c__ep1:qa:126,8a8e1b3c-607e-4ada-b3fd-fa639727e92c__ep1,test,2520,2539,Cooking and cleaning in the kitchen,Closing the door,Cut cardboard,0.00141412194352597,0
8a8e1b3c-607e-4ada-b3fd-fa639727e92c__ep1:qa:127,8a8e1b3c-607e-4ada-b3fd-fa639727e92c__ep1,test,2540,2559,Cooking and cleaning in the kitchen,Closing the door,Cut cardboard,0.0014140569837763906,0
8a8e1b3c-607e-4ada-b3fd-fa639727e92c__ep1:qa:134,8a8e1b3c-607e-4ada-b3fd-fa639727e92c__ep1,test,2680,2699,Cooking and cleaning in the kitchen,Picking up bottle,Cut cardboard,0.0014136023819446564,0
8a8e1b3c-607e-4ada-b3fd-fa639727e92c__ep1:qa:140,8a8e1b3c-607e-4ada-b3fd-fa639727e92c__ep1,test,2800,2819,Cooking and cleaning in the kitchen,Wipe kitchen counter,Cut cardboard,0.0014132127398625016,0
8a8e1b3c-607e-4ada-b3fd-fa639727e92c__ep1:qa:150,8a8e1b3c-607e-4ada-b3fd-fa639727e92c__ep1,test,3000,3019,Cooking and cleaning in the kitchen,Rinse cloth in sink,Cut cardboard,0.0014125631423667073,0
8a8e1b3c-607e-4ada-b3fd-fa639727e92c__ep1:qa:156,8a8e1b3c-607e-4ada-b3fd-fa639727e92c__ep1,test,3120,3139,Cooking and cleaning in the kitchen,Move towards kitchen area,Cut cardboard,0.0014121729182079434,0
8a8e1b3c-607e-4ada-b3fd-fa639727e92c__ep1:qa:166,8a8e1b3c-607e-4ada-b3fd-fa639727e92c__ep1,test,3320,3339,Cooking and cleaning in the kitchen,Place cloth on floor,Cut cardboard,0.00141152273863554,0
8a8e1b3c-607e-4ada-b3fd-fa639727e92c__ep1:qa:170,8a8e1b3c-607e-4ada-b3fd-fa639727e92c__ep1,test,3400,3419,Cooking and cleaning in the kitchen,Reach for cleaning supplies,Cut cardboard,0.0014112626668065786,0
8a8e1b3c-607e-4ada-b3fd-fa639727e92c__ep1:qa:184,8a8e1b3c-607e-4ada-b3fd-fa639727e92c__ep1,test,3680,3699,Cooking and cleaning in the kitchen,Grasp cleaning bottle,Cut cardboard,0.0014103518333286047,0
8a8e1b3c-607e-4ada-b3fd-fa639727e92c__ep1:qa:185,8a8e1b3c-607e-4ada-b3fd-fa639727e92c__ep1,test,3700,3719,Cooking and cleaning in the kitchen,Grasp cleaning bottle,Cut cardboard,0.001410286989994347,0
8a8e1b3c-607e-4ada-b3fd-fa639727e92c__ep1:qa:192,8a8e1b3c-607e-4ada-b3fd-fa639727e92c__ep1,test,3840,3859,Cooking and cleaning in the kitchen,Remove cleaning bottle,Cut cardboard,0.0014098312240093946,0
8a8e1b3c-607e-4ada-b3fd-fa639727e92c__ep1:qa:200,8a8e1b3c-607e-4ada-b3fd-fa639727e92c__ep1,test,4000,4019,Cooking and cleaning in the kitchen,Washing hands in sink,Cut cardboard,0.0014093102654442191,0
8a8e1b3c-607e-4ada-b3fd-fa639727e92c__ep1:qa:204,8a8e1b3c-607e-4ada-b3fd-fa639727e92c__ep1,test,4080,4099,Cooking and cleaning in the kitchen,Grasping cleaning cloth,Cut cardboard,0.001409050077199936,0
8a8e1b3c-607e-4ada-b3fd-fa639727e92c__ep1:qa:205,8a8e1b3c-607e-4ada-b3fd-fa639727e92c__ep1,test,4100,4119,Cooking and cleaning in the kitchen,Grasping cleaning cloth,Cut cardboard,0.0014089848846197128,0
8a8e1b3c-607e-4ada-b3fd-fa639727e92c__ep1:qa:212,8a8e1b3c-607e-4ada-b3fd-fa639727e92c__ep1,test,4240,4259,Cooking and cleaning in the kitchen,Wiping countertop,Cut cardboard,0.0014085291186347604,0
8a8e1b3c-607e-4ada-b3fd-fa639727e92c__ep1:qa:220,8a8e1b3c-607e-4ada-b3fd-fa639727e92c__ep1,test,4400,4419,Cooking and cleaning in the kitchen,Lift pot lid,Cut cardboard,0.0014080081600695848,0
8a8e1b3c-607e-4ada-b3fd-fa639727e92c__ep1:qa:224,8a8e1b3c-607e-4ada-b3fd-fa639727e92c__ep1,test,4480,4499,Cooking and cleaning in the kitchen,Stir contents,Cut cardboard,0.0014077476225793362,0
8a8e1b3c-607e-4ada-b3fd-fa639727e92c__ep1:qa:232,8a8e1b3c-607e-4ada-b3fd-fa639727e92c__ep1,test,4640,4659,Cooking and cleaning in the kitchen,Place lid back,Cut cardboard,0.0014072260819375515,0
8a8e1b3c-607e-4ada-b3fd-fa639727e92c__ep1:qa:236,8a8e1b3c-607e-4ada-b3fd-fa639727e92c__ep1,test,4720,4739,Cooking and cleaning in the kitchen,Adjust pot position,Cut cardboard,0.0014069655444473028,0
8a8e1b3c-607e-4ada-b3fd-fa639727e92c__ep1:qa:237,8a8e1b3c-607e-4ada-b3fd-fa639727e92c__ep1,test,4740,4759,Cooking and cleaning in the kitchen,Adjust pot position,Cut cardboard,0.0014069004682824016,0
8a8e1b3c-607e-4ada-b3fd-fa639727e92c__ep1:qa:240,8a8e1b3c-607e-4ada-b3fd-fa639727e92c__ep1,test,4800,4819,Cooking and cleaning in the kitchen,Move pot,Cut cardboard,0.0014067047741264105,0
8a8e1b3c-607e-4ada-b3fd-fa639727e92c__ep1:qa:244,8a8e1b3c-607e-4ada-b3fd-fa639727e92c__ep1,test,4880,4899,Cooking and cleaning in the kitchen,Place towel,Cut cardboard,0.00140644412022084,0
a1012a57-385e-45a9-8a59-694a26fe92a5__ep1:qa:0,a1012a57-385e-45a9-8a59-694a26fe92a5__ep1,test,0,19,Cutting cardboard with a utility knife,Move phone,Cut cardboard,0.0013852881966158748,0
a1012a57-385e-45a9-8a59-694a26fe92a5__ep1:qa:1,a1012a57-385e-45a9-8a59-694a26fe92a5__ep1,test,20,39,Cutting cardboard with a utility knife,Move phone,Cut cardboard,0.0013852518750354648,0
a1012a57-385e-45a9-8a59-694a26fe92a5__ep1:qa:2,a1012a57-385e-45a9-8a59-694a26fe92a5__ep1,test,40,59,Cutting cardboard with a utility knife,Move phone,Cut cardboard,0.0013852155534550548,0
a1012a57-385e-45a9-8a59-694a26fe92a5__ep1:qa:3,a1012a57-385e-45a9-8a59-694a26fe92a5__ep1,test,60,79,Cutting cardboard with a utility knife,Move phone,Cut cardboard,0.0013851713156327605,0
a1012a57-385e-45a9-8a59-694a26fe92a5__ep1:qa:4,a1012a57-385e-45a9-8a59-694a26fe92a5__ep1,test,80,99,Cutting cardboard with a utility knife,Move phone,Cut cardboard,0.001385117182508111,0
a1012a57-385e-45a9-8a59-694a26fe92a5__ep1:qa:5,a1012a57-385e-45a9-8a59-694a26fe92a5__ep1,test,100,119,Cutting cardboard with a utility knife,Move phone,Cut cardboard,0.0013850630493834615,0
a1012a57-385e-45a9-8a59-694a26fe92a5__ep1:qa:6,a1012a57-385e-45a9-8a59-694a26fe92a5__ep1,test,120,139,Cutting cardboard with a utility knife,Move phone,Cut cardboard,0.0013850091490894556,0
a1012a57-385e-45a9-8a59-694a26fe92a5__ep1:qa:12,a1012a57-385e-45a9-8a59-694a26fe92a5__ep1,test,240,259,Cutting cardboard with a utility knife,Pick up utility knife,Cut cardboard,0.0013846850488334894,0
a1012a57-385e-45a9-8a59-694a26fe92a5__ep1:qa:13,a1012a57-385e-45a9-8a59-694a26fe92a5__ep1,test,260,279,Cutting cardboard with a utility knife,Pick up utility knife,Cut cardboard,0.0013846306828781962,0
a1012a57-385e-45a9-8a59-694a26fe92a5__ep1:qa:14,a1012a57-385e-45a9-8a59-694a26fe92a5__ep1,test,280,299,Cutting cardboard with a utility knife,Pick up utility knife,Cut cardboard,0.0013845767825841904,0
a1012a57-385e-45a9-8a59-694a26fe92a5__ep1:qa:15,a1012a57-385e-45a9-8a59-694a26fe92a5__ep1,test,300,319,Cutting cardboard with a utility knife,Pick up utility knife,Cut cardboard,0.001384522533044219,0
a1012a57-385e-45a9-8a59-694a26fe92a5__ep1:qa:16,a1012a57-385e-45a9-8a59-694a26fe92a5__ep1,test,320,339,Cutting cardboard with a utility knife,Pick up utility knife,Cut cardboard,0.0013844685163348913,0
a1012a57-385e-45a9-8a59-694a26fe92a5__ep1:qa:17,a1012a57-385e-45a9-8a59-694a26fe92a5__ep1,test,340,359,Cutting cardboard with a utility knife,Pick up utility knife,Cut cardboard,0.0013844144996255636,0
a1012a57-385e-45a9-8a59-694a26fe92a5__ep1:qa:18,a1012a57-385e-45a9-8a59-694a26fe92a5__ep1,test,360,379,Cutting cardboard with a utility knife,Start cutting,Cut cardboard,0.001384360482916236,0
a1012a57-385e-45a9-8a59-694a26fe92a5__ep1:qa:19,a1012a57-385e-45a9-8a59-694a26fe92a5__ep1,test,380,399,Cutting cardboard with a utility knife,Start cutting,Cut cardboard,0.0013843063497915864,0
a1012a57-385e-45a9-8a59-694a26fe92a5__ep1:qa:20,a1012a57-385e-45a9-8a59-694a26fe92a5__ep1,test,400,419,Cutting cardboard with a utility knife,Cut cardboard,Cut cardboard,0.001384252100251615,1
a1012a57-385e-45a9-8a59-694a26fe92a5__ep1:qa:21,a1012a57-385e-45a9-8a59-694a26fe92a5__ep1,test,420,439,Cutting cardboard with a utility knife,Cut cardboard,Cut cardboard,0.0013841980835422873,1
a1012a57-385e-45a9-8a59-694a26fe92a5__ep1:qa:22,a1012a57-385e-45a9-8a59-694a26fe92a5__ep1,test,440,459,Cutting cardboard with a utility knife,Cut cardboard,Cut cardboard,0.0013841439504176378,1
a1012a57-385e-45a9-8a59-694a26fe92a5__ep1:qa:23,a1012a57-385e-45a9-8a59-694a26fe92a5__ep1,test,460,479,Cutting cardboard with a utility knife,Cut cardboard,Cut cardboard,0.0013840899337083101,1
a1012a57-385e-45a9-8a59-694a26fe92a5__ep1:qa:24,a1012a57-385e-45a9-8a59-694a26fe92a5__ep1,test,480,499,Cutting cardboard with a utility knife,Cut cardboard,Cut cardboard,0.0013840359169989824,1
a1012a57-385e-45a9-8a59-694a26fe92a5__ep1:qa:25,a1012a57-385e-45a9-8a59-694a26fe92a5__ep1,test,500,519,Cutting cardboard with a utility knife,Cut cardboard,Cut cardboard,0.001383981783874333,1
a1012a57-385e-45a9-8a59-694a26fe92a5__ep1:qa:26,a1012a57-385e-45a9-8a59-694a26fe92a5__ep1,test,520,539,Cutting cardboard with a utility knife,Cut cardboard,Cut cardboard,0.0013839277671650052,1
a1012a57-385e-45a9-8a59-694a26fe92a5__ep1:qa:250,a1012a57-385e-45a9-8a59-694a26fe92a5__ep1,test,5000,5019,Cutting cardboard with a utility knife,Cut along the marked line,Cut cardboard,0.0013717770343646407,0
a1012a57-385e-45a9-8a59-694a26fe92a5__ep1:qa:251,a1012a57-385e-45a9-8a59-694a26fe92a5__ep1,test,5020,5039,Cutting cardboard with a utility knife,Cut along the marked line,Cut cardboard,0.0013717225519940257,0
a1012a57-385e-45a9-8a59-694a26fe92a5__ep1:qa:252,a1012a57-385e-45a9-8a59-694a26fe92a5__ep1,test,5040,5059,Cutting cardboard with a utility knife,Cut along the marked line,Cut cardboard,0.0013716684188693762,0
a1012a57-385e-45a9-8a59-694a26fe92a5__ep1:qa:253,a1012a57-385e-45a9-8a59-694a26fe92a5__ep1,test,5060,5079,Cutting cardboard with a utility knife,Cut along the marked line,Cut cardboard,0.0013716139364987612,0
a1012a57-385e-45a9-8a59-694a26fe92a5__ep1:qa:254,a1012a57-385e-45a9-8a59-694a26fe92a5__ep1,test,5080,5099,Cutting cardboard with a utility knife,Cut along the marked line,Cut cardboard,0.001371559570543468,0
a1012a57-385e-45a9-8a59-694a26fe92a5__ep1:qa:255,a1012a57-385e-45a9-8a59-694a26fe92a5__ep1,test,5100,5119,Cutting cardboard with a utility knife,Cut along the marked line,Cut cardboard,0.0013715052045881748,0
a1012a57-385e-45a9-8a59-694a26fe92a5__ep1:qa:256,a1012a57-385e-45a9-8a59-694a26fe92a5__ep1,test,5120,5139,Cutting cardboard with a utility knife,Cut along the marked line,Cut cardboard,0.0013714508386328816,0
a1012a57-385e-45a9-8a59-694a26fe92a5__ep1:qa:294,a1012a57-385e-45a9-8a59-694a26fe92a5__ep1,test,5880,5899,Cutting cardboard with a utility knife,Reposition hand,Cut cardboard,0.0013693857472389936,0
a1012a57-385e-45a9-8a59-694a26fe92a5__ep1:qa:295,a1012a57-385e-45a9-8a59-694a26fe92a5__ep1,test,5900,5919,Cutting cardboard with a utility knife,Reposition hand,Cut cardboard,0.00136934919282794,0
a1012a57-385e-45a9-8a59-694a26fe92a5__ep1:qa:296,a1012a57-385e-45a9-8a59-694a26fe92a5__ep1,test,5920,5939,Cutting cardboard with a utility knife,Reposition hand,Cut cardboard,0.0013693125220015645,0
33f7ae08-ac1d-4321-9cb9-eca79016b359__ep1:qa:0,33f7ae08-ac1d-4321-9cb9-eca79016b359__ep1,test,0,19,Stocking retail store shelves,Observe and walk through store,Cut cardboard,0.0013351930538192391,0
33f7ae08-ac1d-4321-9cb9-eca79016b359__ep1:qa:1,33f7ae08-ac1d-4321-9cb9-eca79016b359__ep1,test,20,39,Stocking retail store shelves,Observe and walk through store,Cut cardboard,0.0013351525412872434,0
33f7ae08-ac1d-4321-9cb9-eca79016b359__ep1:qa:16,33f7ae08-ac1d-4321-9cb9-eca79016b359__ep1,test,320,339,Stocking retail store shelves,Move to shelf,Cut cardboard,0.0013342654565349221,0
33f7ae08-ac1d-4321-9cb9-eca79016b359__ep1:qa:17,33f7ae08-ac1d-4321-9cb9-eca79016b359__ep1,test,340,359,Stocking retail store shelves,Move to shelf,Cut cardboard,0.0013342041056603193,0
33f7ae08-ac1d-4321-9cb9-eca79016b359__ep1:qa:20,33f7ae08-ac1d-4321-9cb9-eca79016b359__ep1,test,400,419,Stocking retail store shelves,Inspect shelf condition,Cut cardboard,0.0013340201694518328,0
33f7ae08-ac1d-4321-9cb9-eca79016b359__ep1:qa:21,33f7ae08-ac1d-4321-9cb9-eca79016b359__ep1,test,420,439,Stocking retail store shelves,Inspect shelf condition,Cut cardboard,0.00133395881857723,0
33f7ae08-ac1d-4321-9cb9-eca79016b359__ep1:qa:46,33f7ae08-ac1d-4321-9cb9-eca79016b359__ep1,test,920,939,Stocking retail store shelves,Observe colleague and workspace,Cut cardboard,0.0013324260944500566,0
33f7ae08-ac1d-4321-9cb9-eca79016b359__ep1:qa:47,33f7ae08-ac1d-4321-9cb9-eca79016b359__ep1,test,940,959,Stocking retail store shelves,Observe colleague and workspace,Cut cardboard,0.0013323648599907756,0
33f7ae08-ac1d-4321-9cb9-eca79016b359__ep1:qa:50,33f7ae08-ac1d-4321-9cb9-eca79016b359__ep1,test,1000,1019,Stocking retail store shelves,Walk towards shelves,Cut cardboard,0.001332180923782289,0
33f7ae08-ac1d-4321-9cb9-eca79016b359__ep1:qa:58,33f7ae08-ac1d-4321-9cb9-eca79016b359__ep1,test,1160,1179,Stocking retail store shelves,Observe workspace,Cut cardboard,0.0013316902332007885,0
33f7ae08-ac1d-4321-9cb9-eca79016b359__ep1:qa:59,33f7ae08-ac1d-4321-9cb9-eca79016b359__ep1,test,1180,1199,Stocking retail store shelves,Observe workspace,Cut cardboard,0.0013316288823261857,0
33f7ae08-ac1d-4321-9cb9-eca79016b359__ep1:qa:64,33f7ae08-ac1d-4321-9cb9-eca79016b359__ep1,test,1280,1299,Stocking retail store shelves,Approach boxes,Cut cardboard,0.00133132201153785,0
33f7ae08-ac1d-4321-9cb9-eca79016b359__ep1:qa:65,33f7ae08-ac1d-4321-9cb9-eca79016b359__ep1,test,1300,1319,Stocking retail store shelves,Approach boxes,Cut cardboard,0.0013312606606632471,0
33f7ae08-ac1d-4321-9cb9-eca79016b359__ep1:qa:70,33f7ae08-ac1d-4321-9cb9-eca79016b359__ep1,test,1400,1419,Stocking retail store shelves,Reach for wire hangers,Cut cardboard,0.0013309541391208768,0
33f7ae08-ac1d-4321-9cb9-eca79016b359__ep1:qa:76,33f7ae08-ac1d-4321-9cb9-eca79016b359__ep1,test,1520,1539,Stocking retail store shelves,Extract wire hangers from box,Cut cardboard,0.0013305859174579382,0
33f7ae08-ac1d-4321-9cb9-eca79016b359__ep1:qa:77,33f7ae08-ac1d-4321-9cb9-eca79016b359__ep1,test,1540,1559,Stocking retail store shelves,Extract wire hangers from box,Cut cardboard,0.0013305245665833354,0
33f7ae08-ac1d-4321-9cb9-eca79016b359__ep1:qa:100,33f7ae08-ac1d-4321-9cb9-eca79016b359__ep1,test,2000,2019,Stocking retail store shelves,Bundle display hooks,Cut cardboard,0.0013291134964674711,0
33f7ae08-ac1d-4321-9cb9-eca79016b359__ep1:qa:101,33f7ae08-ac1d-4321-9cb9-eca79016b359__ep1,test,2020,2039,Stocking retail store shelves,Bundle display hooks,Cut cardboard,0.0013290521455928683,0
33f7ae08-ac1d-4321-9cb9-eca79016b359__ep1:qa:126,33f7ae08-ac1d-4321-9cb9-eca79016b359__ep1,test,2520,2539,Stocking retail store shelves,Release hook,Cut cardboard,0.0013275179080665112,0
33f7ae08-ac1d-4321-9cb9-eca79016b359__ep1:qa:138,33f7ae08-ac1d-4321-9cb9-eca79016b359__ep1,test,2760,2779,Stocking retail store shelves,Walk towards other aisles,Cut cardboard,0.001326781464740634,0
33f7ae08-ac1d-4321-9cb9-eca79016b359__ep1:qa:140,33f7ae08-ac1d-4321-9cb9-eca79016b359__ep1,test,2800,2819,Stocking retail store shelves,Move through aisle,Cut cardboard,0.0013266586465761065,0
33f7ae08-ac1d-4321-9cb9-eca79016b359__ep1:qa:141,33f7ae08-ac1d-4321-9cb9-eca79016b359__ep1,test,2820,2839,Stocking retail store shelves,Move through aisle,Cut cardboard,0.0013265972957015038,0
33f7ae08-ac1d-4321-9cb9-eca79016b359__ep1:qa:150,33f7ae08-ac1d-4321-9cb9-eca79016b359__ep1,test,3000,3019,Stocking retail store shelves,Pick up items from the shopping bag,Cut cardboard,0.0013260450214147568,0
33f7ae08-ac1d-4321-9cb9-eca79016b359__ep1:qa:151,33f7ae08-ac1d-4321-9cb9-eca79016b359__ep1,test,3020,3039,Stocking retail store shelves,Pick up items from the shopping bag,Cut cardboard,0.0013259835541248322,0
33f7ae08-ac1d-4321-9cb9-eca79016b359__ep1:qa:164,33f7ae08-ac1d-4321-9cb9-eca79016b359__ep1,test,3280,3299,Stocking retail store shelves,Place items on the shelf,Cut cardboard,0.0013251856435090303,0
33f7ae08-ac1d-4321-9cb9-eca79016b359__ep1:qa:165,33f7ae08-ac1d-4321-9cb9-eca79016b359__ep1,test,3300,3319,Stocking retail store shelves,Place items on the shelf,Cut cardboard,0.0013251241762191057,0
33f7ae08-ac1d-4321-9cb9-eca79016b359__ep1:qa:172,33f7ae08-ac1d-4321-9cb9-eca79016b359__ep1,test,3440,3459,Stocking retail store shelves,Place item on shelf,Cut cardboard,0.0013246943708509207,0
33f7ae08-ac1d-4321-9cb9-eca79016b359__ep1:qa:173,33f7ae08-ac1d-4321-9cb9-eca79016b359__ep1,test,3460,3479,Stocking retail store shelves,Place item on shelf,Cut cardboard,0.0013246330199763179,0
33f7ae08-ac1d-4321-9cb9-eca79016b359__ep1:qa:182,33f7ae08-ac1d-4321-9cb9-eca79016b359__ep1,test,3640,3659,Stocking retail store shelves,Adjust item on shelf,Cut cardboard,0.0013240805128589272,0
33f7ae08-ac1d-4321-9cb9-eca79016b359__ep1:qa:183,33f7ae08-ac1d-4321-9cb9-eca79016b359__ep1,test,3660,3679,Stocking retail store shelves,Adjust item on shelf,Cut cardboard,0.0013240190455690026,0
33f7ae08-ac1d-4321-9cb9-eca79016b359__ep1:qa:226,33f7ae08-ac1d-4321-9cb9-eca79016b359__ep1,test,4520,4539,Stocking retail store shelves,Reach for another item,Cut cardboard,0.001321379211731255,0
33f7ae08-ac1d-4321-9cb9-eca79016b359__ep1:qa:244,33f7ae08-ac1d-4321-9cb9-eca79016b359__ep1,test,4880,4899,Stocking retail store shelves,Reach for next item,Cut cardboard,0.0013202739646658301,0
9c553886-83c5-4dc4-be5c-dcb269b3a771__ep2:qa:0,9c553886-83c5-4dc4-be5c-dcb269b3a771__ep2,test,0,19,Labeling and processing cardboard pieces,Mark cardboard piece,Cut cardboard,0.0014152976218611002,0
9c553886-83c5-4dc4-be5c-dcb269b3a771__ep2:qa:1,9c553886-83c5-4dc4-be5c-dcb269b3a771__ep2,test,20,39,Labeling and processing cardboard pieces,Mark cardboard piece,Cut cardboard,0.0014152603689581156,0
9c553886-83c5-4dc4-be5c-dcb269b3a771__ep2:qa:2,9c553886-83c5-4dc4-be5c-dcb269b3a771__ep2,test,40,59,Labeling and processing cardboard pieces,Mark cardboard piece,Cut cardboard,0.0014152233488857746,0
9c553886-83c5-4dc4-be5c-dcb269b3a771__ep2:qa:26,9c553886-83c5-4dc4-be5c-dcb269b3a771__ep2,test,520,539,Labeling and processing cardboard pieces,Place marked piece down,Cut cardboard,0.001413906691595912,0
9c553886-83c5-4dc4-be5c-dcb269b3a771__ep2:qa:27,9c553886-83c5-4dc4-be5c-dcb269b3a771__ep2,test,540,559,Labeling and processing cardboard pieces,Place marked piece down,Cut cardboard,0.001413851510733366,0
9c553886-83c5-4dc4-be5c-dcb269b3a771__ep2:qa:30,9c553886-83c5-4dc4-be5c-dcb269b3a771__ep2,test,600,619,Labeling and processing cardboard pieces,Pick up new cardboard piece,Cut cardboard,0.0014136855024844408,0
9c553886-83c5-4dc4-be5c-dcb269b3a771__ep2:qa:31,9c553886-83c5-4dc4-be5c-dcb269b3a771__ep2,test,620,639,Labeling and processing cardboard pieces,Pick up new cardboard piece,Cut cardboard,0.0014136300887912512,0
9c553886-83c5-4dc4-be5c-dcb269b3a771__ep2:qa:70,9c553886-83c5-4dc4-be5c-dcb269b3a771__ep2,test,1400,1419,Labeling and processing cardboard pieces,Hold cardboard piece,Cut cardboard,0.0014114712830632925,0
9c553886-83c5-4dc4-be5c-dcb269b3a771__ep2:qa:71,9c553886-83c5-4dc4-be5c-dcb269b3a771__ep2,test,1420,1439,Labeling and processing cardboard pieces,Hold cardboard piece,Cut cardboard,0.0014114158693701029,0
9c553886-83c5-4dc4-be5c-dcb269b3a771__ep2:qa:72,9c553886-83c5-4dc4-be5c-dcb269b3a771__ep2,test,1440,1459,Labeling and processing cardboard pieces,Hold cardboard piece,Cut cardboard,0.0014113604556769133,0
9c553886-83c5-4dc4-be5c-dcb269b3a771__ep2:qa:90,9c553886-83c5-4dc4-be5c-dcb269b3a771__ep2,test,1800,1819,Labeling and processing cardboard pieces,Organize cardboard pieces,Cut cardboard,0.001410363125614822,0
9c553886-83c5-4dc4-be5c-dcb269b3a771__ep2:qa:91,9c553886-83c5-4dc4-be5c-dcb269b3a771__ep2,test,1820,1839,Labeling and processing cardboard pieces,Organize cardboard pieces,Cut cardboard,0.0014103075955063105,0
9c553886-83c5-4dc4-be5c-dcb269b3a771__ep2:qa:110,9c553886-83c5-4dc4-be5c-dcb269b3a771__ep2,test,2200,2219,Labeling and processing cardboard pieces,Cut cardboard piece,Cut cardboard,0.0014092539204284549,0
9c553886-83c5-4dc4-be5c-dcb269b3a771__ep2:qa:111,9c553886-83c5-4dc4-be5c-dcb269b3a771__ep2,test,2220,2239,Labeling and processing cardboard pieces,Cut cardboard piece,Cut cardboard,0.0014091983903199434,0
9c553886-83c5-4dc4-be5c-dcb269b3a771__ep2:qa:112,9c553886-83c5-4dc4-be5c-dcb269b3a771__ep2,test,2240,2259,Labeling and processing cardboard pieces,Cut cardboard piece,Cut cardboard,0.001409142860211432,0
9c553886-83c5-4dc4-be5c-dcb269b3a771__ep2:qa:170,9c553886-83c5-4dc4-be5c-dcb269b3a771__ep2,test,3400,3419,Labeling and processing cardboard pieces,Marking cardboard piece,Cut cardboard,0.0014059226959943771,0
9c553886-83c5-4dc4-be5c-dcb269b3a771__ep2:qa:171,9c553886-83c5-4dc4-be5c-dcb269b3a771__ep2,test,3420,3439,Labeling and processing cardboard pieces,Marking cardboard piece,Cut cardboard,0.0014058670494705439,0
9c553886-83c5-4dc4-be5c-dcb269b3a771__ep2:qa:172,9c553886-83c5-4dc4-be5c-dcb269b3a771__ep2,test,3440,3459,Labeling and processing cardboard pieces,Marking cardboard piece,Cut cardboard,0.0014058115193620324,0
9c553886-83c5-4dc4-be5c-dcb269b3a771__ep2:qa:230,9c553886-83c5-4dc4-be5c-dcb269b3a771__ep2,test,4600,4619,Labeling and processing cardboard pieces,Release cardboard piece and gesture,Cut cardboard,0.0014025857672095299,0
9c553886-83c5-4dc4-be5c-dcb269b3a771__ep2:qa:231,9c553886-83c5-4dc4-be5c-dcb269b3a771__ep2,test,4620,4639,Labeling and processing cardboard pieces,Release cardboard piece and gesture,Cut cardboard,0.0014025303535163403,0
9c553886-83c5-4dc4-be5c-dcb269b3a771__ep2:qa:276,9c553886-83c5-4dc4-be5c-dcb269b3a771__ep2,test,5520,5539,Labeling and processing cardboard pieces,Move marker and adjust hand,Cut cardboard,0.0014000240480527282,0
9c553886-83c5-4dc4-be5c-dcb269b3a771__ep2:qa:277,9c553886-83c5-4dc4-be5c-dcb269b3a771__ep2,test,5540,5559,Labeling and processing cardboard pieces,Move marker and adjust hand,Cut cardboard,0.001399968285113573,0
9c553886-83c5-4dc4-be5c-dcb269b3a771__ep2:qa:278,9c553886-83c5-4dc4-be5c-dcb269b3a771__ep2,test,5560,5579,Labeling and processing cardboard pieces,Move marker and adjust hand,Cut cardboard,0.001399912522174418,0
9c553886-83c5-4dc4-be5c-dcb269b3a771__ep2:qa:282,9c553886-83c5-4dc4-be5c-dcb269b3a771__ep2,test,5640,5659,Labeling and processing cardboard pieces,Identify next cardboard piece,Cut cardboard,0.0013996895868331194,0
9c553886-83c5-4dc4-be5c-dcb269b3a771__ep2:qa:283,9c553886-83c5-4dc4-be5c-dcb269b3a771__ep2,test,5660,5679,Labeling and processing cardboard pieces,Identify next cardboard piece,Cut cardboard,0.0013996338238939643,0
9c553886-83c5-4dc4-be5c-dcb269b3a771__ep2:qa:284,9c553886-83c5-4dc4-be5c-dcb269b3a771__ep2,test,5680,5699,Labeling and processing cardboard pieces,Identify next cardboard piece,Cut cardboard,0.001399578177370131,0
9c553886-83c5-4dc4-be5c-dcb269b3a771__ep2:qa:290,9c553886-83c5-4dc4-be5c-dcb269b3a771__ep2,test,5800,5819,Labeling and processing cardboard pieces,Observe and pause,Cut cardboard,0.0013992435997352004,0
9c553886-83c5-4dc4-be5c-dcb269b3a771__ep2:qa:291,9c553886-83c5-4dc4-be5c-dcb269b3a771__ep2,test,5820,5839,Labeling and processing cardboard pieces,Observe and pause,Cut cardboard,0.0013991879532113671,0
9c553886-83c5-4dc4-be5c-dcb269b3a771__ep2:qa:292,9c553886-83c5-4dc4-be5c-dcb269b3a771__ep2,test,5840,5859,Labeling and processing cardboard pieces,Gesturing,Cut cardboard,0.0013991323066875339,0
9c553886-83c5-4dc4-be5c-dcb269b3a771__ep2:qa:293,9c553886-83c5-4dc4-be5c-dcb269b3a771__ep2,test,5860,5879,Labeling and processing cardboard pieces,Gesturing,Cut cardboard,0.0013990765437483788,0
9c553886-83c5-4dc4-be5c-dcb269b3a771__ep2:qa:294,9c553886-83c5-4dc4-be5c-dcb269b3a771__ep2,test,5880,5899,Labeling and processing cardboard pieces,Resume observation,Cut cardboard,0.0013990227598696947,0
9c553886-83c5-4dc4-be5c-dcb269b3a771__ep2:qa:295,9c553886-83c5-4dc4-be5c-dcb269b3a771__ep2,test,5900,5919,Labeling and processing cardboard pieces,Resume observation,Cut cardboard,0.0013989852741360664,0
34f07a04-eb37-45a3-95ec-189ed5f4a85b__ep5:qa:0,34f07a04-eb37-45a3-95ec-189ed5f4a85b__ep5,test,0,19,Stocking shelves in a retail store,Place canned food on shelf,Cut cardboard,0.0013534908648580313,0
34f07a04-eb37-45a3-95ec-189ed5f4a85b__ep5:qa:12,34f07a04-eb37-45a3-95ec-189ed5f4a85b__ep5,test,240,259,Stocking shelves in a retail store,Reach for next can,Cut cardboard,0.0013528021518141031,0
34f07a04-eb37-45a3-95ec-189ed5f4a85b__ep5:qa:64,34f07a04-eb37-45a3-95ec-189ed5f4a85b__ep5,test,1280,1299,Stocking shelves in a retail store,Pick up can,Cut cardboard,0.0013495837338268757,0
34f07a04-eb37-45a3-95ec-189ed5f4a85b__ep5:qa:65,34f07a04-eb37-45a3-95ec-189ed5f4a85b__ep5,test,1300,1319,Stocking shelves in a retail store,Pick up can,Cut cardboard,0.0013495219172909856,0
34f07a04-eb37-45a3-95ec-189ed5f4a85b__ep5:qa:70,34f07a04-eb37-45a3-95ec-189ed5f4a85b__ep5,test,1400,1419,Stocking shelves in a retail store,Hold canned food,Cut cardboard,0.001349212252534926,0
34f07a04-eb37-45a3-95ec-189ed5f4a85b__ep5:qa:71,34f07a04-eb37-45a3-95ec-189ed5f4a85b__ep5,test,1420,1439,Stocking shelves in a retail store,Hold canned food,Cut cardboard,0.001349150319583714,0
34f07a04-eb37-45a3-95ec-189ed5f4a85b__ep5:qa:82,34f07a04-eb37-45a3-95ec-189ed5f4a85b__ep5,test,1640,1659,Stocking shelves in a retail store,Reach into box,Cut cardboard,0.0013484688242897391,0
34f07a04-eb37-45a3-95ec-189ed5f4a85b__ep5:qa:90,34f07a04-eb37-45a3-95ec-189ed5f4a85b__ep5,test,1800,1819,Stocking shelves in a retail store,Pick up canned food,Cut cardboard,0.0013479733606800437,0
34f07a04-eb37-45a3-95ec-189ed5f4a85b__ep5:qa:91,34f07a04-eb37-45a3-95ec-189ed5f4a85b__ep5,test,1820,1839,Stocking shelves in a retail store,Pick up canned food,Cut cardboard,0.00134791131131351,0
34f07a04-eb37-45a3-95ec-189ed5f4a85b__ep5:qa:106,34f07a04-eb37-45a3-95ec-189ed5f4a85b__ep5,test,2120,2139,Stocking shelves in a retail store,Retrieve next canned food item,Cut cardboard,0.0013469819677993655,0
34f07a04-eb37-45a3-95ec-189ed5f4a85b__ep5:qa:140,34f07a04-eb37-45a3-95ec-189ed5f4a85b__ep5,test,2800,2819,Stocking shelves in a retail store,Align canned food on shelf,Cut cardboard,0.0013448743848130107,0
34f07a04-eb37-45a3-95ec-189ed5f4a85b__ep5:qa:141,34f07a04-eb37-45a3-95ec-189ed5f4a85b__ep5,test,2820,2839,Stocking shelves in a retail store,Align canned food on shelf,Cut cardboard,0.001344812335446477,0
34f07a04-eb37-45a3-95ec-189ed5f4a85b__ep5:qa:154,34f07a04-eb37-45a3-95ec-189ed5f4a85b__ep5,test,3080,3099,Stocking shelves in a retail store,Reach for next canned food,Cut cardboard,0.001344006392173469,0
34f07a04-eb37-45a3-95ec-189ed5f4a85b__ep5:qa:160,34f07a04-eb37-45a3-95ec-189ed5f4a85b__ep5,test,3200,3219,Stocking shelves in a retail store,Retrieve canned food from box,Cut cardboard,0.0013436345616355538,0
34f07a04-eb37-45a3-95ec-189ed5f4a85b__ep5:qa:166,34f07a04-eb37-45a3-95ec-189ed5f4a85b__ep5,test,3320,3339,Stocking shelves in a retail store,Place another canned food on shelf,Cut cardboard,0.0013432621490210295,0
34f07a04-eb37-45a3-95ec-189ed5f4a85b__ep5:qa:167,34f07a04-eb37-45a3-95ec-189ed5f4a85b__ep5,test,3340,3359,Stocking shelves in a retail store,Place another canned food on shelf,Cut cardboard,0.0013432003324851394,0
34f07a04-eb37-45a3-95ec-189ed5f4a85b__ep5:qa:190,34f07a04-eb37-45a3-95ec-189ed5f4a85b__ep5,test,3800,3819,Stocking shelves in a retail store,Adjust canned food on shelf,Cut cardboard,0.0013417736627161503,0
34f07a04-eb37-45a3-95ec-189ed5f4a85b__ep5:qa:191,34f07a04-eb37-45a3-95ec-189ed5f4a85b__ep5,test,3820,3839,Stocking shelves in a retail store,Adjust canned food on shelf,Cut cardboard,0.0013417116133496165,0
34f07a04-eb37-45a3-95ec-189ed5f4a85b__ep5:qa:198,34f07a04-eb37-45a3-95ec-189ed5f4a85b__ep5,test,3960,3979,Stocking shelves in a retail store,Move hand away from shelf,Cut cardboard,0.0013412772677838802,0
34f07a04-eb37-45a3-95ec-189ed5f4a85b__ep5:qa:199,34f07a04-eb37-45a3-95ec-189ed5f4a85b__ep5,test,3980,3999,Stocking shelves in a retail store,Move hand away from shelf,Cut cardboard,0.0013412151020020247,0
34f07a04-eb37-45a3-95ec-189ed5f4a85b__ep5:qa:206,34f07a04-eb37-45a3-95ec-189ed5f4a85b__ep5,test,4120,4139,Stocking shelves in a retail store,Place can on shelf,Cut cardboard,0.0013407811056822538,0
34f07a04-eb37-45a3-95ec-189ed5f4a85b__ep5:qa:207,34f07a04-eb37-45a3-95ec-189ed5f4a85b__ep5,test,4140,4159,Stocking shelves in a retail store,Place can on shelf,Cut cardboard,0.00134071905631572,0
34f07a04-eb37-45a3-95ec-189ed5f4a85b__ep5:qa:218,34f07a04-eb37-45a3-95ec-189ed5f4a85b__ep5,test,4360,4379,Stocking shelves in a retail store,Move hand away,Cut cardboard,0.0013400365132838488,0
34f07a04-eb37-45a3-95ec-189ed5f4a85b__ep5:qa:219,34f07a04-eb37-45a3-95ec-189ed5f4a85b__ep5,test,4380,4399,Stocking shelves in a retail store,Move hand away,Cut cardboard,0.0013399743475019932,0
34f07a04-eb37-45a3-95ec-189ed5f4a85b__ep5:qa:220,34f07a04-eb37-45a3-95ec-189ed5f4a85b__ep5,test,4400,4419,Stocking shelves in a retail store,Hold earbud case,Cut cardboard,0.001339912530966103,0
34f07a04-eb37-45a3-95ec-189ed5f4a85b__ep5:qa:221,34f07a04-eb37-45a3-95ec-189ed5f4a85b__ep5,test,4420,4439,Stocking shelves in a retail store,Hold earbud case,Cut cardboard,0.0013398504815995693,0
34f07a04-eb37-45a3-95ec-189ed5f4a85b__ep5:qa:236,34f07a04-eb37-45a3-95ec-189ed5f4a85b__ep5,test,4720,4739,Stocking shelves in a retail store,Open earbud case,Cut cardboard,0.0013389195082709193,0
34f07a04-eb37-45a3-95ec-189ed5f4a85b__ep5:qa:237,34f07a04-eb37-45a3-95ec-189ed5f4a85b__ep5,test,4740,4759,Stocking shelves in a retail store,Open earbud case,Cut cardboard,0.0013388574589043856,0
34f07a04-eb37-45a3-95ec-189ed5f4a85b__ep5:qa:240,34f07a04-eb37-45a3-95ec-189ed5f4a85b__ep5,test,4800,4819,Stocking shelves in a retail store,Pick up smartphone,Cut cardboard,0.0013386711943894625,0
34f07a04-eb37-45a3-95ec-189ed5f4a85b__ep5:qa:241,34f07a04-eb37-45a3-95ec-189ed5f4a85b__ep5,test,4820,4839,Stocking shelves in a retail store,Pick up smartphone,Cut cardboard,0.0013386091450229287,0
34f07a04-eb37-45a3-95ec-189ed5f4a85b__ep5:qa:244,34f07a04-eb37-45a3-95ec-189ed5f4a85b__ep5,test,4880,4899,Stocking shelves in a retail store,Interact with smartphone,Cut cardboard,0.0013384229969233274,0
34f07a04-eb37-45a3-95ec-189ed5f4a85b__ep5:qa:245,34f07a04-eb37-45a3-95ec-189ed5f4a85b__ep5,test,4900,4919,Stocking shelves in a retail store,Interact with smartphone,Cut cardboard,0.0013383609475567937,0
b9dd769b-e31a-4fdb-945e-5a60db6487b0__ep2:qa:0,b9dd769b-e31a-4fdb-945e-5a60db6487b0__ep2,test,0,19,Sorting craft materials,sort craft materials,Fold paper strip,0.001282262266613543,0
b9dd769b-e31a-4fdb-945e-5a60db6487b0__ep2:qa:1,b9dd769b-e31a-4fdb-945e-5a60db6487b0__ep2,test,20,39,Sorting craft materials,sort craft materials,Fold paper strip,0.0012822272256016731,0
b9dd769b-e31a-4fdb-945e-5a60db6487b0__ep2:qa:2,b9dd769b-e31a-4fdb-945e-5a60db6487b0__ep2,test,40,59,Sorting craft materials,sort craft materials,Fold paper strip,0.001282192301005125,0
b9dd769b-e31a-4fdb-945e-5a60db6487b0__ep2:qa:40,b9dd769b-e31a-4fdb-945e-5a60db6487b0__ep2,test,800,819,Sorting craft materials,Manipulate craft piece,Fold paper strip,0.0012801666744053364,0
b9dd769b-e31a-4fdb-945e-5a60db6487b0__ep2:qa:41,b9dd769b-e31a-4fdb-945e-5a60db6487b0__ep2,test,820,839,Sorting craft materials,Manipulate craft piece,Fold paper strip,0.001280113123357296,0
b9dd769b-e31a-4fdb-945e-5a60db6487b0__ep2:qa:42,b9dd769b-e31a-4fdb-945e-5a60db6487b0__ep2,test,840,859,Sorting craft materials,Manipulate craft piece,Fold paper strip,0.0012800595723092556,0
b9dd769b-e31a-4fdb-945e-5a60db6487b0__ep2:qa:43,b9dd769b-e31a-4fdb-945e-5a60db6487b0__ep2,test,860,879,Sorting craft materials,Manipulate craft piece,Fold paper strip,0.0012800060212612152,0
b9dd769b-e31a-4fdb-945e-5a60db6487b0__ep2:qa:70,b9dd769b-e31a-4fdb-945e-5a60db6487b0__ep2,test,1400,1419,Sorting craft materials,Manipulate craft paper strips,Fold paper strip,0.0012785601429641247,0
b9dd769b-e31a-4fdb-945e-5a60db6487b0__ep2:qa:71,b9dd769b-e31a-4fdb-945e-5a60db6487b0__ep2,test,1420,1439,Sorting craft materials,Manipulate craft paper strips,Fold paper strip,0.0012785065919160843,0
b9dd769b-e31a-4fdb-945e-5a60db6487b0__ep2:qa:72,b9dd769b-e31a-4fdb-945e-5a60db6487b0__ep2,test,1440,1459,Sorting craft materials,Manipulate craft paper strips,Fold paper strip,0.001278453040868044,0
b9dd769b-e31a-4fdb-945e-5a60db6487b0__ep2:qa:73,b9dd769b-e31a-4fdb-945e-5a60db6487b0__ep2,test,1460,1479,Sorting craft materials,Manipulate craft paper strips,Fold paper strip,0.0012783994898200035,0
b9dd769b-e31a-4fdb-945e-5a60db6487b0__ep2:qa:90,b9dd769b-e31a-4fdb-945e-5a60db6487b0__ep2,test,1800,1819,Sorting craft materials,Release scissors,Fold paper strip,0.0012774894712492824,0
b9dd769b-e31a-4fdb-945e-5a60db6487b0__ep2:qa:91,b9dd769b-e31a-4fdb-945e-5a60db6487b0__ep2,test,1820,1839,Sorting craft materials,Release scissors,Fold paper strip,0.001277435920201242,0
b9dd769b-e31a-4fdb-945e-5a60db6487b0__ep2:qa:92,b9dd769b-e31a-4fdb-945e-5a60db6487b0__ep2,test,1840,1859,Sorting craft materials,Release scissors,Fold paper strip,0.0012773823691532016,0
b9dd769b-e31a-4fdb-945e-5a60db6487b0__ep2:qa:94,b9dd769b-e31a-4fdb-945e-5a60db6487b0__ep2,test,1880,1899,Sorting craft materials,Operate smartphone,Fold paper strip,0.0012772753834724426,0
b9dd769b-e31a-4fdb-945e-5a60db6487b0__ep2:qa:95,b9dd769b-e31a-4fdb-945e-5a60db6487b0__ep2,test,1900,1919,Sorting craft materials,Operate smartphone,Fold paper strip,0.0012772218324244022,0
b9dd769b-e31a-4fdb-945e-5a60db6487b0__ep2:qa:96,b9dd769b-e31a-4fdb-945e-5a60db6487b0__ep2,test,1920,1939,Sorting craft materials,Operate smartphone,Fold paper strip,0.0012771683977916837,0
b9dd769b-e31a-4fdb-945e-5a60db6487b0__ep2:qa:97,b9dd769b-e31a-4fdb-945e-5a60db6487b0__ep2,test,1940,1959,Sorting craft materials,Operate smartphone,Fold paper strip,0.0012771148467436433,0
b9dd769b-e31a-4fdb-945e-5a60db6487b0__ep2:qa:114,b9dd769b-e31a-4fdb-945e-5a60db6487b0__ep2,test,2280,2299,Sorting craft materials,Release smartphone,Fold paper strip,0.0012762051774188876,0
b9dd769b-e31a-4fdb-945e-5a60db6487b0__ep2:qa:115,b9dd769b-e31a-4fdb-945e-5a60db6487b0__ep2,test,2300,2319,Sorting craft materials,Release smartphone,Fold paper strip,0.001276151742786169,0
b9dd769b-e31a-4fdb-945e-5a60db6487b0__ep2:qa:116,b9dd769b-e31a-4fdb-945e-5a60db6487b0__ep2,test,2320,2339,Sorting craft materials,Release smartphone,Fold paper strip,0.0012760980753228068,0
b9dd769b-e31a-4fdb-945e-5a60db6487b0__ep2:qa:120,b9dd769b-e31a-4fdb-945e-5a60db6487b0__ep2,test,2400,2419,Sorting craft materials,Manipulate paper strip,Fold paper strip,0.0012758842203766108,0
b9dd769b-e31a-4fdb-945e-5a60db6487b0__ep2:qa:121,b9dd769b-e31a-4fdb-945e-5a60db6487b0__ep2,test,2420,2439,Sorting craft materials,Manipulate paper strip,Fold paper strip,0.0012758306693285704,0
b9dd769b-e31a-4fdb-945e-5a60db6487b0__ep2:qa:122,b9dd769b-e31a-4fdb-945e-5a60db6487b0__ep2,test,2440,2459,Sorting craft materials,Manipulate paper strip,Fold paper strip,0.0012757772346958518,0
b9dd769b-e31a-4fdb-945e-5a60db6487b0__ep2:qa:123,b9dd769b-e31a-4fdb-945e-5a60db6487b0__ep2,test,2460,2479,Sorting craft materials,Manipulate paper strip,Fold paper strip,0.0012757236836478114,0
b9dd769b-e31a-4fdb-945e-5a60db6487b0__ep2:qa:144,b9dd769b-e31a-4fdb-945e-5a60db6487b0__ep2,test,2880,2899,Sorting craft materials,Release paper strip,Fold paper strip,0.001274600625038147,0
b9dd769b-e31a-4fdb-945e-5a60db6487b0__ep2:qa:145,b9dd769b-e31a-4fdb-945e-5a60db6487b0__ep2,test,2900,2919,Sorting craft materials,Release paper strip,Fold paper strip,0.0012745471904054284,0
b9dd769b-e31a-4fdb-945e-5a60db6487b0__ep2:qa:146,b9dd769b-e31a-4fdb-945e-5a60db6487b0__ep2,test,2920,2939,Sorting craft materials,Release paper strip,Fold paper strip,0.0012744937557727098,0
b9dd769b-e31a-4fdb-945e-5a60db6487b0__ep2:qa:147,b9dd769b-e31a-4fdb-945e-5a60db6487b0__ep2,test,2940,2959,Sorting craft materials,Release paper strip,Fold paper strip,0.0012744402047246695,0
b9dd769b-e31a-4fdb-945e-5a60db6487b0__ep2:qa:190,b9dd769b-e31a-4fdb-945e-5a60db6487b0__ep2,test,3800,3819,Sorting craft materials,Sort small craft pieces,Fold paper strip,0.0012721421662718058,0
b9dd769b-e31a-4fdb-945e-5a60db6487b0__ep2:qa:191,b9dd769b-e31a-4fdb-945e-5a60db6487b0__ep2,test,3820,3839,Sorting craft materials,Sort small craft pieces,Fold paper strip,0.001272088848054409,0
b9dd769b-e31a-4fdb-945e-5a60db6487b0__ep2:qa:192,b9dd769b-e31a-4fdb-945e-5a60db6487b0__ep2,test,3840,3859,Sorting craft materials,Sort small craft pieces,Fold paper strip,0.0012720354134216905,0
ba045ed4-ef25-404d-b756-8dcbd45b18fa__ep2:qa:0,ba045ed4-ef25-404d-b756-8dcbd45b18fa__ep2,test,0,19,Assembling a paper honeycomb lantern,Open paper lantern,Cut cardboard,0.0013201801339164376,0
ba045ed4-ef25-404d-b756-8dcbd45b18fa__ep2:qa:1,ba045ed4-ef25-404d-b756-8dcbd45b18fa__ep2,test,20,39,Assembling a paper honeycomb lantern,Open paper lantern,Cut cardboard,0.0013201467227190733,0
ba045ed4-ef25-404d-b756-8dcbd45b18fa__ep2:qa:20,ba045ed4-ef25-404d-b756-8dcbd45b18fa__ep2,test,400,419,Assembling a paper honeycomb lantern,Fold paper lantern,Cut cardboard,0.001319227390922606,0
ba045ed4-ef25-404d-b756-8dcbd45b18fa__ep2:qa:21,ba045ed4-ef25-404d-b756-8dcbd45b18fa__ep2,test,420,439,Assembling a paper honeycomb lantern,Fold paper lantern,Cut cardboard,0.0013191776815801859,0
ba045ed4-ef25-404d-b756-8dcbd45b18fa__ep2:qa:30,ba045ed4-ef25-404d-b756-8dcbd45b18fa__ep2,test,600,619,Assembling a paper honeycomb lantern,Grasp lantern,Cut cardboard,0.0013187298318371177,0
ba045ed4-ef25-404d-b756-8dcbd45b18fa__ep2:qa:31,ba045ed4-ef25-404d-b756-8dcbd45b18fa__ep2,test,620,639,Assembling a paper honeycomb lantern,Grasp lantern,Cut cardboard,0.0013186801224946976,0
ba045ed4-ef25-404d-b756-8dcbd45b18fa__ep2:qa:40,ba045ed4-ef25-404d-b756-8dcbd45b18fa__ep2,test,800,819,Assembling a paper honeycomb lantern,Grasp lantern component,Cut cardboard,0.001318232505582273,0
ba045ed4-ef25-404d-b756-8dcbd45b18fa__ep2:qa:41,ba045ed4-ef25-404d-b756-8dcbd45b18fa__ep2,test,820,839,Assembling a paper honeycomb lantern,Grasp lantern component,Cut cardboard,0.001318182796239853,0
ba045ed4-ef25-404d-b756-8dcbd45b18fa__ep2:qa:70,ba045ed4-ef25-404d-b756-8dcbd45b18fa__ep2,test,1400,1419,Assembling a paper honeycomb lantern,Align paper lantern edges,Cut cardboard,0.0013167402939870954,0
ba045ed4-ef25-404d-b756-8dcbd45b18fa__ep2:qa:71,ba045ed4-ef25-404d-b756-8dcbd45b18fa__ep2,test,1420,1439,Assembling a paper honeycomb lantern,Align paper lantern edges,Cut cardboard,0.0013166903518140316,0
ba045ed4-ef25-404d-b756-8dcbd45b18fa__ep2:qa:170,ba045ed4-ef25-404d-b756-8dcbd45b18fa__ep2,test,3400,3419,Assembling a paper honeycomb lantern,Adjust lantern string,Cut cardboard,0.0013117643538862467,0
ba045ed4-ef25-404d-b756-8dcbd45b18fa__ep2:qa:171,ba045ed4-ef25-404d-b756-8dcbd45b18fa__ep2,test,3420,3439,Assembling a paper honeycomb lantern,Adjust lantern string,Cut cardboard,0.0013117146445438266,0
ba045ed4-ef25-404d-b756-8dcbd45b18fa__ep2:qa:176,ba045ed4-ef25-404d-b756-8dcbd45b18fa__ep2,test,3520,3539,Assembling a paper honeycomb lantern,Release lantern,Cut cardboard,0.0013114656321704388,0
ba045ed4-ef25-404d-b756-8dcbd45b18fa__ep2:qa:182,ba045ed4-ef25-404d-b756-8dcbd45b18fa__ep2,test,3640,3659,Assembling a paper honeycomb lantern,Pick up packaged paper lantern component,Cut cardboard,0.0013111670268699527,0
ba045ed4-ef25-404d-b756-8dcbd45b18fa__ep2:qa:190,ba045ed4-ef25-404d-b756-8dcbd45b18fa__ep2,test,3800,3819,Assembling a paper honeycomb lantern,Handle paper lantern component,Cut cardboard,0.0013107690028846264,0
ba045ed4-ef25-404d-b756-8dcbd45b18fa__ep2:qa:191,ba045ed4-ef25-404d-b756-8dcbd45b18fa__ep2,test,3820,3839,Assembling a paper honeycomb lantern,Handle paper lantern component,Cut cardboard,0.0013107191771268845,0
ba045ed4-ef25-404d-b756-8dcbd45b18fa__ep2:qa:200,ba045ed4-ef25-404d-b756-8dcbd45b18fa__ep2,test,4000,4019,Assembling a paper honeycomb lantern,Open folded paper lantern,Cut cardboard,0.0013102713273838162,0
ba045ed4-ef25-404d-b756-8dcbd45b18fa__ep2:qa:201,ba045ed4-ef25-404d-b756-8dcbd45b18fa__ep2,test,4020,4039,Assembling a paper honeycomb lantern,Open folded paper lantern,Cut cardboard,0.0013102215016260743,0
ba045ed4-ef25-404d-b756-8dcbd45b18fa__ep2:qa:214,ba045ed4-ef25-404d-b756-8dcbd45b18fa__ep2,test,4280,4299,Assembling a paper honeycomb lantern,Adjust lantern shape,Cut cardboard,0.0013095746980980039,0
ba045ed4-ef25-404d-b756-8dcbd45b18fa__ep2:qa:215,ba045ed4-ef25-404d-b756-8dcbd45b18fa__ep2,test,4300,4319,Assembling a paper honeycomb lantern,Adjust lantern shape,Cut cardboard,0.001309524872340262,0
ba045ed4-ef25-404d-b756-8dcbd45b18fa__ep2:qa:220,ba045ed4-ef25-404d-b756-8dcbd45b18fa__ep2,test,4400,4419,Assembling a paper honeycomb lantern,Hold paper lantern,Cut cardboard,0.001309275976382196,0
ba045ed4-ef25-404d-b756-8dcbd45b18fa__ep2:qa:221,ba045ed4-ef25-404d-b756-8dcbd45b18fa__ep2,test,4420,4439,Assembling a paper honeycomb lantern,Hold paper lantern,Cut cardboard,0.0013092262670397758,0
ba045ed4-ef25-404d-b756-8dcbd45b18fa__ep2:qa:230,ba045ed4-ef25-404d-b756-8dcbd45b18fa__ep2,test,4600,4619,Assembling a paper honeycomb lantern,Apply adhesive tape to lantern,Cut cardboard,0.0013087784172967076,0
ba045ed4-ef25-404d-b756-8dcbd45b18fa__ep2:qa:231,ba045ed4-ef25-404d-b756-8dcbd45b18fa__ep2,test,4620,4639,Assembling a paper honeycomb lantern,Apply adhesive tape to lantern,Cut cardboard,0.0013087285915389657,0
ba045ed4-ef25-404d-b756-8dcbd45b18fa__ep2:qa:240,ba045ed4-ef25-404d-b756-8dcbd45b18fa__ep2,test,4800,4819,Assembling a paper honeycomb lantern,Remove paper lantern part from packaging,Cut cardboard,0.0013082808582112193,0
ba045ed4-ef25-404d-b756-8dcbd45b18fa__ep2:qa:250,ba045ed4-ef25-404d-b756-8dcbd45b18fa__ep2,test,5000,5019,Assembling a paper honeycomb lantern,Remove plastic packaging,Cut cardboard,0.0013077831827104092,0
ba045ed4-ef25-404d-b756-8dcbd45b18fa__ep2:qa:258,ba045ed4-ef25-404d-b756-8dcbd45b18fa__ep2,test,5160,5179,Assembling a paper honeycomb lantern,Open paper lantern component,Cut cardboard,0.001307385042309761,0
ba045ed4-ef25-404d-b756-8dcbd45b18fa__ep2:qa:259,ba045ed4-ef25-404d-b756-8dcbd45b18fa__ep2,test,5180,5199,Assembling a paper honeycomb lantern,Open paper lantern component,Cut cardboard,0.0013073351001366973,0
ba045ed4-ef25-404d-b756-8dcbd45b18fa__ep2:qa:270,ba045ed4-ef25-404d-b756-8dcbd45b18fa__ep2,test,5400,5419,Assembling a paper honeycomb lantern,Expand paper lantern,Cut cardboard,0.0013067879481241107,0
ba045ed4-ef25-404d-b756-8dcbd45b18fa__ep2:qa:271,ba045ed4-ef25-404d-b756-8dcbd45b18fa__ep2,test,5420,5439,Assembling a paper honeycomb lantern,Expand paper lantern,Cut cardboard,0.0013067382387816906,0
ba045ed4-ef25-404d-b756-8dcbd45b18fa__ep2:qa:290,ba045ed4-ef25-404d-b756-8dcbd45b18fa__ep2,test,5800,5819,Assembling a paper honeycomb lantern,Align edges of paper lantern,Cut cardboard,0.001305792829953134,0
ba045ed4-ef25-404d-b756-8dcbd45b18fa__ep2:qa:291,ba045ed4-ef25-404d-b756-8dcbd45b18fa__ep2,test,5820,5839,Assembling a paper honeycomb lantern,Align edges of paper lantern,Cut cardboard,0.0013057430041953921,0
4b02bb38-384a-438a-b5f9-6131d85c34b0__ep1:qa:0,4b02bb38-384a-438a-b5f9-6131d85c34b0__ep1,test,0,19,Crafting and smartphone usage at a desk,Reach for craft items,Cut cardboard,0.0013841069303452969,0
4b02bb38-384a-438a-b5f9-6131d85c34b0__ep1:qa:1,4b02bb38-384a-438a-b5f9-6131d85c34b0__ep1,test,20,39,Crafting and smartphone usage at a desk,Reach for craft items,Cut cardboard,0.0013840619940310717,0
4b02bb38-384a-438a-b5f9-6131d85c34b0__ep1:qa:2,4b02bb38-384a-438a-b5f9-6131d85c34b0__ep1,test,40,59,Crafting and smartphone usage at a desk,Reach for craft items,Cut cardboard,0.001384016708470881,0
4b02bb38-384a-438a-b5f9-6131d85c34b0__ep1:qa:14,4b02bb38-384a-438a-b5f9-6131d85c34b0__ep1,test,280,299,Crafting and smartphone usage at a desk,Sort craft items,Cut cardboard,0.0013832049444317818,0
4b02bb38-384a-438a-b5f9-6131d85c34b0__ep1:qa:15,4b02bb38-384a-438a-b5f9-6131d85c34b0__ep1,test,300,319,Crafting and smartphone usage at a desk,Sort craft items,Cut cardboard,0.001383136142976582,0
4b02bb38-384a-438a-b5f9-6131d85c34b0__ep1:qa:16,4b02bb38-384a-438a-b5f9-6131d85c34b0__ep1,test,320,339,Crafting and smartphone usage at a desk,Sort craft items,Cut cardboard,0.0013830674579367042,0
4b02bb38-384a-438a-b5f9-6131d85c34b0__ep1:qa:20,4b02bb38-384a-438a-b5f9-6131d85c34b0__ep1,test,400,419,Crafting and smartphone usage at a desk,Move smartphone,Cut cardboard,0.001382792484946549,0
4b02bb38-384a-438a-b5f9-6131d85c34b0__ep1:qa:21,4b02bb38-384a-438a-b5f9-6131d85c34b0__ep1,test,420,439,Crafting and smartphone usage at a desk,Move smartphone,Cut cardboard,0.0013827235670760274,0
4b02bb38-384a-438a-b5f9-6131d85c34b0__ep1:qa:22,4b02bb38-384a-438a-b5f9-6131d85c34b0__ep1,test,440,459,Crafting and smartphone usage at a desk,Move smartphone,Cut cardboard,0.0013826547656208277,0
4b02bb38-384a-438a-b5f9-6131d85c34b0__ep1:qa:32,4b02bb38-384a-438a-b5f9-6131d85c34b0__ep1,test,640,659,Crafting and smartphone usage at a desk,Place hand on table,Cut cardboard,0.0013819669838994741,0
4b02bb38-384a-438a-b5f9-6131d85c34b0__ep1:qa:33,4b02bb38-384a-438a-b5f9-6131d85c34b0__ep1,test,660,679,Crafting and smartphone usage at a desk,Place hand on table,Cut cardboard,0.0013818981824442744,0
4b02bb38-384a-438a-b5f9-6131d85c34b0__ep1:qa:34,4b02bb38-384a-438a-b5f9-6131d85c34b0__ep1,test,680,699,Crafting and smartphone usage at a desk,Place hand on table,Cut cardboard,0.0013818293809890747,0
4b02bb38-384a-438a-b5f9-6131d85c34b0__ep1:qa:50,4b02bb38-384a-438a-b5f9-6131d85c34b0__ep1,test,1000,1019,Crafting and smartphone usage at a desk,Use smartphone,Cut cardboard,0.0013807283248752356,0
4b02bb38-384a-438a-b5f9-6131d85c34b0__ep1:qa:51,4b02bb38-384a-438a-b5f9-6131d85c34b0__ep1,test,1020,1039,Crafting and smartphone usage at a desk,Use smartphone,Cut cardboard,0.001380659407004714,0
4b02bb38-384a-438a-b5f9-6131d85c34b0__ep1:qa:70,4b02bb38-384a-438a-b5f9-6131d85c34b0__ep1,test,1400,1419,Crafting and smartphone usage at a desk,Browse smartphone screen,Cut cardboard,0.0013793512480333447,0
4b02bb38-384a-438a-b5f9-6131d85c34b0__ep1:qa:71,4b02bb38-384a-438a-b5f9-6131d85c34b0__ep1,test,1420,1439,Crafting and smartphone usage at a desk,Browse smartphone screen,Cut cardboard,0.0013792822137475014,0
4b02bb38-384a-438a-b5f9-6131d85c34b0__ep1:qa:72,4b02bb38-384a-438a-b5f9-6131d85c34b0__ep1,test,1440,1459,Crafting and smartphone usage at a desk,Browse smartphone screen,Cut cardboard,0.0013792134122923017,0
4b02bb38-384a-438a-b5f9-6131d85c34b0__ep1:qa:100,4b02bb38-384a-438a-b5f9-6131d85c34b0__ep1,test,2000,2019,Crafting and smartphone usage at a desk,Scroll smartphone screen,Cut cardboard,0.0013772838283330202,0
4b02bb38-384a-438a-b5f9-6131d85c34b0__ep1:qa:101,4b02bb38-384a-438a-b5f9-6131d85c34b0__ep1,test,2020,2039,Crafting and smartphone usage at a desk,Scroll smartphone screen,Cut cardboard,0.0013772149104624987,0
4b02bb38-384a-438a-b5f9-6131d85c34b0__ep1:qa:102,4b02bb38-384a-438a-b5f9-6131d85c34b0__ep1,test,2040,2059,Crafting and smartphone usage at a desk,Scroll smartphone screen,Cut cardboard,0.0013771458761766553,0
4b02bb38-384a-438a-b5f9-6131d85c34b0__ep1:qa:132,4b02bb38-384a-438a-b5f9-6131d85c34b0__ep1,test,2640,2659,Crafting and smartphone usage at a desk,Put down smartphone,Cut cardboard,0.0013750767102465034,0
4b02bb38-384a-438a-b5f9-6131d85c34b0__ep1:qa:133,4b02bb38-384a-438a-b5f9-6131d85c34b0__ep1,test,2660,2679,Crafting and smartphone usage at a desk,Put down smartphone,Cut cardboard,0.00137500767596066,0
4b02bb38-384a-438a-b5f9-6131d85c34b0__ep1:qa:134,4b02bb38-384a-438a-b5f9-6131d85c34b0__ep1,test,2680,2699,Crafting and smartphone usage at a desk,Put down smartphone,Cut cardboard,0.0013749387580901384,0
4b02bb38-384a-438a-b5f9-6131d85c34b0__ep1:qa:184,4b02bb38-384a-438a-b5f9-6131d85c34b0__ep1,test,3680,3699,Crafting and smartphone usage at a desk,Place smartphone down,Cut cardboard,0.0013714863453060389,0
4b02bb38-384a-438a-b5f9-6131d85c34b0__ep1:qa:185,4b02bb38-384a-438a-b5f9-6131d85c34b0__ep1,test,3700,3719,Crafting and smartphone usage at a desk,Place smartphone down,Cut cardboard,0.0013714173110201955,0
4b02bb38-384a-438a-b5f9-6131d85c34b0__ep1:qa:186,4b02bb38-384a-438a-b5f9-6131d85c34b0__ep1,test,3720,3739,Crafting and smartphone usage at a desk,Place smartphone down,Cut cardboard,0.0013713482767343521,0
4b02bb38-384a-438a-b5f9-6131d85c34b0__ep1:qa:200,4b02bb38-384a-438a-b5f9-6131d85c34b0__ep1,test,4000,4019,Crafting and smartphone usage at a desk,Hold smartphone,Cut cardboard,0.0013703808654099703,0
4b02bb38-384a-438a-b5f9-6131d85c34b0__ep1:qa:201,4b02bb38-384a-438a-b5f9-6131d85c34b0__ep1,test,4020,4039,Crafting and smartphone usage at a desk,Hold smartphone,Cut cardboard,0.0013703119475394487,0
4b02bb38-384a-438a-b5f9-6131d85c34b0__ep1:qa:202,4b02bb38-384a-438a-b5f9-6131d85c34b0__ep1,test,4040,4059,Crafting and smartphone usage at a desk,Hold smartphone,Cut cardboard,0.0013702426804229617,0
4b02bb38-384a-438a-b5f9-6131d85c34b0__ep1:qa:220,4b02bb38-384a-438a-b5f9-6131d85c34b0__ep1,test,4400,4419,Crafting and smartphone usage at a desk,Manipulate paper strip,Cut cardboard,0.0013689985498785973,0
4b02bb38-384a-438a-b5f9-6131d85c34b0__ep1:qa:221,4b02bb38-384a-438a-b5f9-6131d85c34b0__ep1,test,4420,4439,Crafting and smartphone usage at a desk,Manipulate paper strip,Cut cardboard,0.0013689295155927539,0
4b02bb38-384a-438a-b5f9-6131d85c34b0__ep1:qa:222,4b02bb38-384a-438a-b5f9-6131d85c34b0__ep1,test,4440,4459,Crafting and smartphone usage at a desk,Manipulate paper strip,Cut cardboard,0.0013688603648915887,0
5399ef86-4df9-49bc-809f-8f4f92f9e659__ep6:qa:0,5399ef86-4df9-49bc-809f-8f4f92f9e659__ep6,test,0,19,Assembling a jigsaw puzzle,Pick up puzzle piece,Cut cardboard,0.0013400771422311664,0
5399ef86-4df9-49bc-809f-8f4f92f9e659__ep6:qa:1,5399ef86-4df9-49bc-809f-8f4f92f9e659__ep6,test,20,39,Assembling a jigsaw puzzle,Pick up puzzle piece,Cut cardboard,0.0013400278985500336,0
5399ef86-4df9-49bc-809f-8f4f92f9e659__ep6:qa:2,5399ef86-4df9-49bc-809f-8f4f92f9e659__ep6,test,40,59,Assembling a jigsaw puzzle,Pick up puzzle piece,Cut cardboard,0.001339978538453579,0
5399ef86-4df9-49bc-809f-8f4f92f9e659__ep6:qa:8,5399ef86-4df9-49bc-809f-8f4f92f9e659__ep6,test,160,179,Assembling a jigsaw puzzle,Place piece into puzzle,Cut cardboard,0.0013395387213677168,0
5399ef86-4df9-49bc-809f-8f4f92f9e659__ep6:qa:9,5399ef86-4df9-49bc-809f-8f4f92f9e659__ep6,test,180,199,Assembling a jigsaw puzzle,Place piece into puzzle,Cut cardboard,0.0013394630514085293,0
5399ef86-4df9-49bc-809f-8f4f92f9e659__ep6:qa:10,5399ef86-4df9-49bc-809f-8f4f92f9e659__ep6,test,200,219,Assembling a jigsaw puzzle,Place piece into puzzle,Cut cardboard,0.00133938726503402,0
5399ef86-4df9-49bc-809f-8f4f92f9e659__ep6:qa:20,5399ef86-4df9-49bc-809f-8f4f92f9e659__ep6,test,400,419,Assembling a jigsaw puzzle,Manipulate puzzle piece,Cut cardboard,0.0013386296341195703,0
5399ef86-4df9-49bc-809f-8f4f92f9e659__ep6:qa:21,5399ef86-4df9-49bc-809f-8f4f92f9e659__ep6,test,420,439,Assembling a jigsaw puzzle,Manipulate puzzle piece,Cut cardboard,0.0013385539641603827,0
5399ef86-4df9-49bc-809f-8f4f92f9e659__ep6:qa:22,5399ef86-4df9-49bc-809f-8f4f92f9e659__ep6,test,440,459,Assembling a jigsaw puzzle,Manipulate puzzle piece,Cut cardboard,0.0013384781777858734,0
5399ef86-4df9-49bc-809f-8f4f92f9e659__ep6:qa:50,5399ef86-4df9-49bc-809f-8f4f92f9e659__ep6,test,1000,1019,Assembling a jigsaw puzzle,Manipulate puzzle pieces,Cut cardboard,0.001336356159299612,0
5399ef86-4df9-49bc-809f-8f4f92f9e659__ep6:qa:51,5399ef86-4df9-49bc-809f-8f4f92f9e659__ep6,test,1020,1039,Assembling a jigsaw puzzle,Manipulate puzzle pieces,Cut cardboard,0.0013362803729251027,0
5399ef86-4df9-49bc-809f-8f4f92f9e659__ep6:qa:52,5399ef86-4df9-49bc-809f-8f4f92f9e659__ep6,test,1040,1059,Assembling a jigsaw puzzle,Manipulate puzzle pieces,Cut cardboard,0.0013362044701352715,0
5399ef86-4df9-49bc-809f-8f4f92f9e659__ep6:qa:90,5399ef86-4df9-49bc-809f-8f4f92f9e659__ep6,test,1800,1819,Assembling a jigsaw puzzle,Place puzzle piece,Cut cardboard,0.0013333228416740894,0
5399ef86-4df9-49bc-809f-8f4f92f9e659__ep6:qa:91,5399ef86-4df9-49bc-809f-8f4f92f9e659__ep6,test,1820,1839,Assembling a jigsaw puzzle,Place puzzle piece,Cut cardboard,0.0013332469388842583,0
5399ef86-4df9-49bc-809f-8f4f92f9e659__ep6:qa:92,5399ef86-4df9-49bc-809f-8f4f92f9e659__ep6,test,1840,1859,Assembling a jigsaw puzzle,Place puzzle piece,Cut cardboard,0.0013331710360944271,0
5399ef86-4df9-49bc-809f-8f4f92f9e659__ep6:qa:100,5399ef86-4df9-49bc-809f-8f4f92f9e659__ep6,test,2000,2019,Assembling a jigsaw puzzle,Observe puzzle progress,Cut cardboard,0.0013325641630217433,0
5399ef86-4df9-49bc-809f-8f4f92f9e659__ep6:qa:101,5399ef86-4df9-49bc-809f-8f4f92f9e659__ep6,test,2020,2039,Assembling a jigsaw puzzle,Observe puzzle progress,Cut cardboard,0.001332488376647234,0
5399ef86-4df9-49bc-809f-8f4f92f9e659__ep6:qa:102,5399ef86-4df9-49bc-809f-8f4f92f9e659__ep6,test,2040,2059,Assembling a jigsaw puzzle,Observe puzzle progress,Cut cardboard,0.0013324124738574028,0
5399ef86-4df9-49bc-809f-8f4f92f9e659__ep6:qa:120,5399ef86-4df9-49bc-809f-8f4f92f9e659__ep6,test,2400,2419,Assembling a jigsaw puzzle,Search for puzzle piece,Cut cardboard,0.001331046805717051,0
5399ef86-4df9-49bc-809f-8f4f92f9e659__ep6:qa:121,5399ef86-4df9-49bc-809f-8f4f92f9e659__ep6,test,2420,2439,Assembling a jigsaw puzzle,Search for puzzle piece,Cut cardboard,0.001330970786511898,0
5399ef86-4df9-49bc-809f-8f4f92f9e659__ep6:qa:140,5399ef86-4df9-49bc-809f-8f4f92f9e659__ep6,test,2800,2819,Assembling a jigsaw puzzle,Release puzzle piece,Cut cardboard,0.0013295287499204278,0
5399ef86-4df9-49bc-809f-8f4f92f9e659__ep6:qa:141,5399ef86-4df9-49bc-809f-8f4f92f9e659__ep6,test,2820,2839,Assembling a jigsaw puzzle,Release puzzle piece,Cut cardboard,0.0013294530799612403,0
5399ef86-4df9-49bc-809f-8f4f92f9e659__ep6:qa:144,5399ef86-4df9-49bc-809f-8f4f92f9e659__ep6,test,2880,2899,Assembling a jigsaw puzzle,Adjust puzzle piece,Cut cardboard,0.0013292253715917468,0
5399ef86-4df9-49bc-809f-8f4f92f9e659__ep6:qa:145,5399ef86-4df9-49bc-809f-8f4f92f9e659__ep6,test,2900,2919,Assembling a jigsaw puzzle,Adjust puzzle piece,Cut cardboard,0.0013291494688019156,0
5399ef86-4df9-49bc-809f-8f4f92f9e659__ep6:qa:146,5399ef86-4df9-49bc-809f-8f4f92f9e659__ep6,test,2920,2939,Assembling a jigsaw puzzle,Adjust puzzle piece,Cut cardboard,0.0013290735660120845,0
5399ef86-4df9-49bc-809f-8f4f92f9e659__ep6:qa:150,5399ef86-4df9-49bc-809f-8f4f92f9e659__ep6,test,3000,3019,Assembling a jigsaw puzzle,Reach for puzzle piece,Cut cardboard,0.001328769838437438,0
5399ef86-4df9-49bc-809f-8f4f92f9e659__ep6:qa:151,5399ef86-4df9-49bc-809f-8f4f92f9e659__ep6,test,3020,3039,Assembling a jigsaw puzzle,Reach for puzzle piece,Cut cardboard,0.0013286941684782505,0
5399ef86-4df9-49bc-809f-8f4f92f9e659__ep6:qa:160,5399ef86-4df9-49bc-809f-8f4f92f9e659__ep6,test,3200,3219,Assembling a jigsaw puzzle,Attempt to fit puzzle piece,Cut cardboard,0.0013280109269544482,0
5399ef86-4df9-49bc-809f-8f4f92f9e659__ep6:qa:161,5399ef86-4df9-49bc-809f-8f4f92f9e659__ep6,test,3220,3239,Assembling a jigsaw puzzle,Attempt to fit puzzle piece,Cut cardboard,0.001327935024164617,0
5399ef86-4df9-49bc-809f-8f4f92f9e659__ep6:qa:162,5399ef86-4df9-49bc-809f-8f4f92f9e659__ep6,test,3240,3259,Assembling a jigsaw puzzle,Attempt to fit puzzle piece,Cut cardboard,0.001327859121374786,0
5399ef86-4df9-49bc-809f-8f4f92f9e659__ep6:qa:190,5399ef86-4df9-49bc-809f-8f4f92f9e659__ep6,test,3800,3819,Assembling a jigsaw puzzle,Sort puzzle pieces,Cut cardboard,0.0013257336104288697,0
5399ef86-4df9-49bc-809f-8f4f92f9e659__ep6:qa:191,5399ef86-4df9-49bc-809f-8f4f92f9e659__ep6,test,3820,3839,Assembling a jigsaw puzzle,Sort puzzle pieces,Cut cardboard,0.001325657474808395,0
b750fab3-7fbb-43a0-b451-c64c4d4a64da__ep1:qa:0,b750fab3-7fbb-43a0-b451-c64c4d4a64da__ep1,test,0,19,Crafting with beads and paper strips,Walking across the room,Cut cardboard,0.001407311880029738,0
b750fab3-7fbb-43a0-b451-c64c4d4a64da__ep1:qa:20,b750fab3-7fbb-43a0-b451-c64c4d4a64da__ep1,test,400,419,Crafting with beads and paper strips,Approaching the table,Cut cardboard,0.0014062640257179737,0
b750fab3-7fbb-43a0-b451-c64c4d4a64da__ep1:qa:21,b750fab3-7fbb-43a0-b451-c64c4d4a64da__ep1,test,420,439,Crafting with beads and paper strips,Approaching the table,Cut cardboard,0.001406209310516715,0
b750fab3-7fbb-43a0-b451-c64c4d4a64da__ep1:qa:28,b750fab3-7fbb-43a0-b451-c64c4d4a64da__ep1,test,560,579,Crafting with beads and paper strips,Preparing to craft,Cut cardboard,0.001405826536938548,0
b750fab3-7fbb-43a0-b451-c64c4d4a64da__ep1:qa:29,b750fab3-7fbb-43a0-b451-c64c4d4a64da__ep1,test,580,599,Crafting with beads and paper strips,Preparing to craft,Cut cardboard,0.0014057718217372894,0
b750fab3-7fbb-43a0-b451-c64c4d4a64da__ep1:qa:34,b750fab3-7fbb-43a0-b451-c64c4d4a64da__ep1,test,680,699,Crafting with beads and paper strips,Picking up crafting material,Cut cardboard,0.0014054982457309961,0
b750fab3-7fbb-43a0-b451-c64c4d4a64da__ep1:qa:35,b750fab3-7fbb-43a0-b451-c64c4d4a64da__ep1,test,700,719,Crafting with beads and paper strips,Picking up crafting material,Cut cardboard,0.0014054435305297375,0
b750fab3-7fbb-43a0-b451-c64c4d4a64da__ep1:qa:40,b750fab3-7fbb-43a0-b451-c64c4d4a64da__ep1,test,800,819,Crafting with beads and paper strips,Use phone,Cut cardboard,0.0014051697216928005,0
b750fab3-7fbb-43a0-b451-c64c4d4a64da__ep1:qa:41,b750fab3-7fbb-43a0-b451-c64c4d4a64da__ep1,test,820,839,Crafting with beads and paper strips,Use phone,Cut cardboard,0.00140511489007622,0
b750fab3-7fbb-43a0-b451-c64c4d4a64da__ep1:qa:70,b750fab3-7fbb-43a0-b451-c64c4d4a64da__ep1,test,1400,1419,Crafting with beads and paper strips,Pick up small piece of material,Cut cardboard,0.001403526752255857,0
b750fab3-7fbb-43a0-b451-c64c4d4a64da__ep1:qa:71,b750fab3-7fbb-43a0-b451-c64c4d4a64da__ep1,test,1420,1439,Crafting with beads and paper strips,Pick up small piece of material,Cut cardboard,0.0014034721534699202,0
b750fab3-7fbb-43a0-b451-c64c4d4a64da__ep1:qa:74,b750fab3-7fbb-43a0-b451-c64c4d4a64da__ep1,test,1480,1499,Crafting with beads and paper strips,Manipulate material,Cut cardboard,0.0014033075422048569,0
b750fab3-7fbb-43a0-b451-c64c4d4a64da__ep1:qa:75,b750fab3-7fbb-43a0-b451-c64c4d4a64da__ep1,test,1500,1519,Crafting with beads and paper strips,Manipulate material,Cut cardboard,0.00140325294341892,0
b750fab3-7fbb-43a0-b451-c64c4d4a64da__ep1:qa:82,b750fab3-7fbb-43a0-b451-c64c4d4a64da__ep1,test,1640,1659,Crafting with beads and paper strips,Place material,Cut cardboard,0.0014028693549335003,0
b750fab3-7fbb-43a0-b451-c64c4d4a64da__ep1:qa:83,b750fab3-7fbb-43a0-b451-c64c4d4a64da__ep1,test,1660,1679,Crafting with beads and paper strips,Place material,Cut cardboard,0.001402814406901598,0
b750fab3-7fbb-43a0-b451-c64c4d4a64da__ep1:qa:90,b750fab3-7fbb-43a0-b451-c64c4d4a64da__ep1,test,1800,1819,Crafting with beads and paper strips,Manipulate yellow strip,Cut cardboard,0.0014024307020008564,0
b750fab3-7fbb-43a0-b451-c64c4d4a64da__ep1:qa:91,b750fab3-7fbb-43a0-b451-c64c4d4a64da__ep1,test,1820,1839,Crafting with beads and paper strips,Manipulate yellow strip,Cut cardboard,0.001402375870384276,0
b750fab3-7fbb-43a0-b451-c64c4d4a64da__ep1:qa:120,b750fab3-7fbb-43a0-b451-c64c4d4a64da__ep1,test,2400,2419,Crafting with beads and paper strips,Manipulating paper strips,Cut cardboard,0.0014007852878421545,0
b750fab3-7fbb-43a0-b451-c64c4d4a64da__ep1:qa:121,b750fab3-7fbb-43a0-b451-c64c4d4a64da__ep1,test,2420,2439,Crafting with beads and paper strips,Manipulating paper strips,Cut cardboard,0.0014007303398102522,0
b750fab3-7fbb-43a0-b451-c64c4d4a64da__ep1:qa:150,b750fab3-7fbb-43a0-b451-c64c4d4a64da__ep1,test,3000,3019,Crafting with beads and paper strips,Manipulate paper strip,Cut cardboard,0.0013991383602842689,0
b750fab3-7fbb-43a0-b451-c64c4d4a64da__ep1:qa:151,b750fab3-7fbb-43a0-b451-c64c4d4a64da__ep1,test,3020,3039,Crafting with beads and paper strips,Manipulate paper strip,Cut cardboard,0.0013990834122523665,0
b750fab3-7fbb-43a0-b451-c64c4d4a64da__ep1:qa:190,b750fab3-7fbb-43a0-b451-c64c4d4a64da__ep1,test,3800,3819,Crafting with beads and paper strips,Manipulate bead,Cut cardboard,0.0013969404390081763,0
b750fab3-7fbb-43a0-b451-c64c4d4a64da__ep1:qa:191,b750fab3-7fbb-43a0-b451-c64c4d4a64da__ep1,test,3820,3839,Crafting with beads and paper strips,Manipulate bead,Cut cardboard,0.0013968853745609522,0
b750fab3-7fbb-43a0-b451-c64c4d4a64da__ep1:qa:220,b750fab3-7fbb-43a0-b451-c64c4d4a64da__ep1,test,4400,4419,Crafting with beads and paper strips,Manipulate beads,Cut cardboard,0.0013952903682366014,0
b750fab3-7fbb-43a0-b451-c64c4d4a64da__ep1:qa:221,b750fab3-7fbb-43a0-b451-c64c4d4a64da__ep1,test,4420,4439,Crafting with beads and paper strips,Manipulate beads,Cut cardboard,0.0013952353037893772,0
b750fab3-7fbb-43a0-b451-c64c4d4a64da__ep1:qa:240,b750fab3-7fbb-43a0-b451-c64c4d4a64da__ep1,test,4800,4819,Crafting with beads and paper strips,Use phone while crafting,Cut cardboard,0.0013941896613687277,0
b750fab3-7fbb-43a0-b451-c64c4d4a64da__ep1:qa:246,b750fab3-7fbb-43a0-b451-c64c4d4a64da__ep1,test,4920,4939,Crafting with beads and paper strips,Place phone down,Cut cardboard,0.0013938593911007047,0
b750fab3-7fbb-43a0-b451-c64c4d4a64da__ep1:qa:247,b750fab3-7fbb-43a0-b451-c64c4d4a64da__ep1,test,4940,4959,Crafting with beads and paper strips,Place phone down,Cut cardboard,0.0013938043266534805,0
b750fab3-7fbb-43a0-b451-c64c4d4a64da__ep1:qa:250,b750fab3-7fbb-43a0-b451-c64c4d4a64da__ep1,test,5000,5019,Crafting with beads and paper strips,Hold and manipulate paper strip,Cut cardboard,0.0013936393661424518,0
b750fab3-7fbb-43a0-b451-c64c4d4a64da__ep1:qa:251,b750fab3-7fbb-43a0-b451-c64c4d4a64da__ep1,test,5020,5039,Crafting with beads and paper strips,Hold and manipulate paper strip,Cut cardboard,0.001393584068864584,0
b750fab3-7fbb-43a0-b451-c64c4d4a64da__ep1:qa:296,b750fab3-7fbb-43a0-b451-c64c4d4a64da__ep1,test,5920,5939,Crafting with beads and paper strips,Interact with smartphone,Cut cardboard,0.0013911054702475667,0
b750fab3-7fbb-43a0-b451-c64c4d4a64da__ep1:qa:297,b750fab3-7fbb-43a0-b451-c64c4d4a64da__ep1,test,5940,5959,Crafting with beads and paper strips,Interact with smartphone,Cut cardboard,0.0013910603011026978,0
877779cd-25f3-4293-a3c4-39067dd9558c__ep4:qa:0,877779cd-25f3-4293-a3c4-39067dd9558c__ep4,test,0,19,Sorting and arranging buttons by color,Sort buttons,Cut cardboard,0.001383488648571074,0
877779cd-25f3-4293-a3c4-39067dd9558c__ep4:qa:1,877779cd-25f3-4293-a3c4-39067dd9558c__ep4,test,20,39,Sorting and arranging buttons by color,Sort buttons,Cut cardboard,0.0013834401033818722,0
877779cd-25f3-4293-a3c4-39067dd9558c__ep4:qa:2,877779cd-25f3-4293-a3c4-39067dd9558c__ep4,test,40,59,Sorting and arranging buttons by color,Sort buttons,Cut cardboard,0.001383391791023314,0
877779cd-25f3-4293-a3c4-39067dd9558c__ep4:qa:20,877779cd-25f3-4293-a3c4-39067dd9558c__ep4,test,400,419,Sorting and arranging buttons by color,Arrange buttons,Cut cardboard,0.0013820665189996362,0
877779cd-25f3-4293-a3c4-39067dd9558c__ep4:qa:21,877779cd-25f3-4293-a3c4-39067dd9558c__ep4,test,420,439,Sorting and arranging buttons by color,Arrange buttons,Cut cardboard,0.0013819921296089888,0
877779cd-25f3-4293-a3c4-39067dd9558c__ep4:qa:22,877779cd-25f3-4293-a3c4-39067dd9558c__ep4,test,440,459,Sorting and arranging buttons by color,Arrange buttons,Cut cardboard,0.0013819175073876977,0
877779cd-25f3-4293-a3c4-39067dd9558c__ep4:qa:23,877779cd-25f3-4293-a3c4-39067dd9558c__ep4,test,460,479,Sorting and arranging buttons by color,Arrange buttons,Cut cardboard,0.0013818431179970503,0
877779cd-25f3-4293-a3c4-39067dd9558c__ep4:qa:50,877779cd-25f3-4293-a3c4-39067dd9558c__ep4,test,1000,1019,Sorting and arranging buttons by color,Arrange buttons in a line,Cut cardboard,0.00137983204331249,0
877779cd-25f3-4293-a3c4-39067dd9558c__ep4:qa:51,877779cd-25f3-4293-a3c4-39067dd9558c__ep4,test,1020,1039,Sorting and arranging buttons by color,Arrange buttons in a line,Cut cardboard,0.0013797575375065207,0
877779cd-25f3-4293-a3c4-39067dd9558c__ep4:qa:52,877779cd-25f3-4293-a3c4-39067dd9558c__ep4,test,1040,1059,Sorting and arranging buttons by color,Arrange buttons in a line,Cut cardboard,0.0013796829152852297,0
877779cd-25f3-4293-a3c4-39067dd9558c__ep4:qa:53,877779cd-25f3-4293-a3c4-39067dd9558c__ep4,test,1060,1079,Sorting and arranging buttons by color,Arrange buttons in a line,Cut cardboard,0.0013796084094792604,0
877779cd-25f3-4293-a3c4-39067dd9558c__ep4:qa:70,877779cd-25f3-4293-a3c4-39067dd9558c__ep4,test,1400,1419,Sorting and arranging buttons by color,Sort and arrange buttons,Cut cardboard,0.0013783409958705306,0
877779cd-25f3-4293-a3c4-39067dd9558c__ep4:qa:71,877779cd-25f3-4293-a3c4-39067dd9558c__ep4,test,1420,1439,Sorting and arranging buttons by color,Sort and arrange buttons,Cut cardboard,0.0013782662572339177,0
877779cd-25f3-4293-a3c4-39067dd9558c__ep4:qa:72,877779cd-25f3-4293-a3c4-39067dd9558c__ep4,test,1440,1459,Sorting and arranging buttons by color,Sort and arrange buttons,Cut cardboard,0.0013781917514279485,0
877779cd-25f3-4293-a3c4-39067dd9558c__ep4:qa:100,877779cd-25f3-4293-a3c4-39067dd9558c__ep4,test,2000,2019,Sorting and arranging buttons by color,Pick up button,Cut cardboard,0.0013761026784777641,0
877779cd-25f3-4293-a3c4-39067dd9558c__ep4:qa:101,877779cd-25f3-4293-a3c4-39067dd9558c__ep4,test,2020,2039,Sorting and arranging buttons by color,Pick up button,Cut cardboard,0.001376028056256473,0
877779cd-25f3-4293-a3c4-39067dd9558c__ep4:qa:102,877779cd-25f3-4293-a3c4-39067dd9558c__ep4,test,2040,2059,Sorting and arranging buttons by color,Pick up button,Cut cardboard,0.001375953434035182,0
877779cd-25f3-4293-a3c4-39067dd9558c__ep4:qa:108,877779cd-25f3-4293-a3c4-39067dd9558c__ep4,test,2160,2179,Sorting and arranging buttons by color,Place button,Cut cardboard,0.001375505467876792,0
877779cd-25f3-4293-a3c4-39067dd9558c__ep4:qa:109,877779cd-25f3-4293-a3c4-39067dd9558c__ep4,test,2180,2199,Sorting and arranging buttons by color,Place button,Cut cardboard,0.0013754308456555009,0
877779cd-25f3-4293-a3c4-39067dd9558c__ep4:qa:110,877779cd-25f3-4293-a3c4-39067dd9558c__ep4,test,2200,2219,Sorting and arranging buttons by color,Place button,Cut cardboard,0.001375356107018888,0
877779cd-25f3-4293-a3c4-39067dd9558c__ep4:qa:120,877779cd-25f3-4293-a3c4-39067dd9558c__ep4,test,2400,2419,Sorting and arranging buttons by color,Sort button,Cut cardboard,0.0013746090698987246,0
877779cd-25f3-4293-a3c4-39067dd9558c__ep4:qa:121,877779cd-25f3-4293-a3c4-39067dd9558c__ep4,test,2420,2439,Sorting and arranging buttons by color,Sort button,Cut cardboard,0.0013745342148467898,0
877779cd-25f3-4293-a3c4-39067dd9558c__ep4:qa:122,877779cd-25f3-4293-a3c4-39067dd9558c__ep4,test,2440,2459,Sorting and arranging buttons by color,Sort button,Cut cardboard,0.0013744597090408206,0
877779cd-25f3-4293-a3c4-39067dd9558c__ep4:qa:150,877779cd-25f3-4293-a3c4-39067dd9558c__ep4,test,3000,3019,Sorting and arranging buttons by color,Sort and adjust button line,Cut cardboard,0.001372367376461625,0
877779cd-25f3-4293-a3c4-39067dd9558c__ep4:qa:151,877779cd-25f3-4293-a3c4-39067dd9558c__ep4,test,3020,3039,Sorting and arranging buttons by color,Sort and adjust button line,Cut cardboard,0.0013722926378250122,0
877779cd-25f3-4293-a3c4-39067dd9558c__ep4:qa:152,877779cd-25f3-4293-a3c4-39067dd9558c__ep4,test,3040,3059,Sorting and arranging buttons by color,Sort and adjust button line,Cut cardboard,0.0013722180156037211,0
877779cd-25f3-4293-a3c4-39067dd9558c__ep4:qa:170,877779cd-25f3-4293-a3c4-39067dd9558c__ep4,test,3400,3419,Sorting and arranging buttons by color,Use smartphone,Cut cardboard,0.0013708719052374363,0
877779cd-25f3-4293-a3c4-39067dd9558c__ep4:qa:171,877779cd-25f3-4293-a3c4-39067dd9558c__ep4,test,3420,3439,Sorting and arranging buttons by color,Use smartphone,Cut cardboard,0.0013707970501855016,0
877779cd-25f3-4293-a3c4-39067dd9558c__ep4:qa:172,877779cd-25f3-4293-a3c4-39067dd9558c__ep4,test,3440,3459,Sorting and arranging buttons by color,Use smartphone,Cut cardboard,0.0013707223115488887,0
877779cd-25f3-4293-a3c4-39067dd9558c__ep4:qa:200,877779cd-25f3-4293-a3c4-39067dd9558c__ep4,test,4000,4019,Sorting and arranging buttons by color,Sort and place buttons,Cut cardboard,0.0013686276506632566,0
877779cd-25f3-4293-a3c4-39067dd9558c__ep4:qa:201,877779cd-25f3-4293-a3c4-39067dd9558c__ep4,test,4020,4039,Sorting and arranging buttons by color,Sort and place buttons,Cut cardboard,0.0013685529120266438,0
877779cd-25f3-4293-a3c4-39067dd9558c__ep4:qa:202,877779cd-25f3-4293-a3c4-39067dd9558c__ep4,test,4040,4059,Sorting and arranging buttons by color,Sort and place buttons,Cut cardboard,0.0013684778241440654,0
1796b943-caad-43c6-b9bd-80b8d601f37d__ep1:qa:0,1796b943-caad-43c6-b9bd-80b8d601f37d__ep1,test,0,19,VR training session and plastic strip assembly,Walking in the hallway,Cut cardboard,0.0012916589621454477,0
1796b943-caad-43c6-b9bd-80b8d601f37d__ep1:qa:1,1796b943-caad-43c6-b9bd-80b8d601f37d__ep1,test,20,39,VR training session and plastic strip assembly,Walking in the hallway,Cut cardboard,0.0012916249688714743,0
1796b943-caad-43c6-b9bd-80b8d601f37d__ep1:qa:2,1796b943-caad-43c6-b9bd-80b8d601f37d__ep1,test,40,59,VR training session and plastic strip assembly,Walking in the hallway,Cut cardboard,0.0012915910920128226,0
1796b943-caad-43c6-b9bd-80b8d601f37d__ep1:qa:10,1796b943-caad-43c6-b9bd-80b8d601f37d__ep1,test,200,219,VR training session and plastic strip assembly,Approaching and pressing the door switch,Cut cardboard,0.0012911761878058314,0
1796b943-caad-43c6-b9bd-80b8d601f37d__ep1:qa:11,1796b943-caad-43c6-b9bd-80b8d601f37d__ep1,test,220,239,VR training session and plastic strip assembly,Approaching and pressing the door switch,Cut cardboard,0.0012911229860037565,0
1796b943-caad-43c6-b9bd-80b8d601f37d__ep1:qa:12,1796b943-caad-43c6-b9bd-80b8d601f37d__ep1,test,240,259,VR training session and plastic strip assembly,Approaching and pressing the door switch,Cut cardboard,0.0012910696677863598,0
1796b943-caad-43c6-b9bd-80b8d601f37d__ep1:qa:13,1796b943-caad-43c6-b9bd-80b8d601f37d__ep1,test,260,279,VR training session and plastic strip assembly,Approaching and pressing the door switch,Cut cardboard,0.0012910165823996067,0
1796b943-caad-43c6-b9bd-80b8d601f37d__ep1:qa:20,1796b943-caad-43c6-b9bd-80b8d601f37d__ep1,test,400,419,VR training session and plastic strip assembly,Entering the VR training room,Cut cardboard,0.0012906441697850823,0
1796b943-caad-43c6-b9bd-80b8d601f37d__ep1:qa:21,1796b943-caad-43c6-b9bd-80b8d601f37d__ep1,test,420,439,VR training session and plastic strip assembly,Entering the VR training room,Cut cardboard,0.0012905909679830074,0
1796b943-caad-43c6-b9bd-80b8d601f37d__ep1:qa:22,1796b943-caad-43c6-b9bd-80b8d601f37d__ep1,test,440,459,VR training session and plastic strip assembly,Entering the VR training room,Cut cardboard,0.0012905378825962543,0
1796b943-caad-43c6-b9bd-80b8d601f37d__ep1:qa:28,1796b943-caad-43c6-b9bd-80b8d601f37d__ep1,test,560,579,VR training session and plastic strip assembly,Greeting/acknowledging participants,Cut cardboard,0.001290218671783805,0
1796b943-caad-43c6-b9bd-80b8d601f37d__ep1:qa:29,1796b943-caad-43c6-b9bd-80b8d601f37d__ep1,test,580,599,VR training session and plastic strip assembly,Greeting/acknowledging participants,Cut cardboard,0.0012901653535664082,0
1796b943-caad-43c6-b9bd-80b8d601f37d__ep1:qa:30,1796b943-caad-43c6-b9bd-80b8d601f37d__ep1,test,600,619,VR training session and plastic strip assembly,Greeting/acknowledging participants,Cut cardboard,0.0012901121517643332,0
1796b943-caad-43c6-b9bd-80b8d601f37d__ep1:qa:40,1796b943-caad-43c6-b9bd-80b8d601f37d__ep1,test,800,819,VR training session and plastic strip assembly,Move through the training room,Cut cardboard,0.001289580250158906,0
1796b943-caad-43c6-b9bd-80b8d601f37d__ep1:qa:41,1796b943-caad-43c6-b9bd-80b8d601f37d__ep1,test,820,839,VR training session and plastic strip assembly,Move through the training room,Cut cardboard,0.001289527164772153,0
1796b943-caad-43c6-b9bd-80b8d601f37d__ep1:qa:42,1796b943-caad-43c6-b9bd-80b8d601f37d__ep1,test,840,859,VR training session and plastic strip assembly,Move through the training room,Cut cardboard,0.0012894738465547562,0
1796b943-caad-43c6-b9bd-80b8d601f37d__ep1:qa:50,1796b943-caad-43c6-b9bd-80b8d601f37d__ep1,test,1000,1019,VR training session and plastic strip assembly,Manipulate plastic strips,Cut cardboard,0.0012890484649688005,0
1796b943-caad-43c6-b9bd-80b8d601f37d__ep1:qa:51,1796b943-caad-43c6-b9bd-80b8d601f37d__ep1,test,1020,1039,VR training session and plastic strip assembly,Manipulate plastic strips,Cut cardboard,0.0012889953795820475,0
1796b943-caad-43c6-b9bd-80b8d601f37d__ep1:qa:52,1796b943-caad-43c6-b9bd-80b8d601f37d__ep1,test,1040,1059,VR training session and plastic strip assembly,Manipulate plastic strips,Cut cardboard,0.0012889420613646507,0
1796b943-caad-43c6-b9bd-80b8d601f37d__ep1:qa:70,1796b943-caad-43c6-b9bd-80b8d601f37d__ep1,test,1400,1419,VR training session and plastic strip assembly,Manipulate plastic strip,Cut cardboard,0.001287984661757946,0
1796b943-caad-43c6-b9bd-80b8d601f37d__ep1:qa:71,1796b943-caad-43c6-b9bd-80b8d601f37d__ep1,test,1420,1439,VR training session and plastic strip assembly,Manipulate plastic strip,Cut cardboard,0.0012879316927865148,0
1796b943-caad-43c6-b9bd-80b8d601f37d__ep1:qa:72,1796b943-caad-43c6-b9bd-80b8d601f37d__ep1,test,1440,1459,VR training session and plastic strip assembly,Manipulate plastic strip,Cut cardboard,0.001287878374569118,0
1796b943-caad-43c6-b9bd-80b8d601f37d__ep1:qa:90,1796b943-caad-43c6-b9bd-80b8d601f37d__ep1,test,1800,1819,VR training session and plastic strip assembly,Hold and bend plastic strip,Cut cardboard,0.001286921207793057,0
1796b943-caad-43c6-b9bd-80b8d601f37d__ep1:qa:91,1796b943-caad-43c6-b9bd-80b8d601f37d__ep1,test,1820,1839,VR training session and plastic strip assembly,Hold and bend plastic strip,Cut cardboard,0.001286868005990982,0
1796b943-caad-43c6-b9bd-80b8d601f37d__ep1:qa:92,1796b943-caad-43c6-b9bd-80b8d601f37d__ep1,test,1840,1859,VR training session and plastic strip assembly,Hold and bend plastic strip,Cut cardboard,0.001286814920604229,0
1796b943-caad-43c6-b9bd-80b8d601f37d__ep1:qa:100,1796b943-caad-43c6-b9bd-80b8d601f37d__ep1,test,2000,2019,VR training session and plastic strip assembly,Bend and manipulate plastic strip,Cut cardboard,0.0012863893061876297,0
1796b943-caad-43c6-b9bd-80b8d601f37d__ep1:qa:101,1796b943-caad-43c6-b9bd-80b8d601f37d__ep1,test,2020,2039,VR training session and plastic strip assembly,Bend and manipulate plastic strip,Cut cardboard,0.0012863362208008766,0
1796b943-caad-43c6-b9bd-80b8d601f37d__ep1:qa:102,1796b943-caad-43c6-b9bd-80b8d601f37d__ep1,test,2040,2059,VR training session and plastic strip assembly,Bend and manipulate plastic strip,Cut cardboard,0.0012862831354141235,0
1796b943-caad-43c6-b9bd-80b8d601f37d__ep1:qa:103,1796b943-caad-43c6-b9bd-80b8d601f37d__ep1,test,2060,2079,VR training session and plastic strip assembly,Bend and manipulate plastic strip,Cut cardboard,0.0012862298171967268,0
1796b943-caad-43c6-b9bd-80b8d601f37d__ep1:qa:140,1796b943-caad-43c6-b9bd-80b8d601f37d__ep1,test,2800,2819,VR training session and plastic strip assembly,Fold plastic strip,Cut cardboard,0.0012842629803344607,0
1796b943-caad-43c6-b9bd-80b8d601f37d__ep1:qa:141,1796b943-caad-43c6-b9bd-80b8d601f37d__ep1,test,2820,2839,VR training session and plastic strip assembly,Fold plastic strip,Cut cardboard,0.001284209662117064,0
1796b943-caad-43c6-b9bd-80b8d601f37d__ep1:qa:142,1796b943-caad-43c6-b9bd-80b8d601f37d__ep1,test,2840,2859,VR training session and plastic strip assembly,Fold plastic strip,Cut cardboard,0.001284156460314989,0
ba18b7c1-21ff-45da-8452-41acce7fc8de__ep2:qa:0,ba18b7c1-21ff-45da-8452-41acce7fc8de__ep2,test,0,19,Crafting a paper cone,Manipulate paper decoration,Cut cardboard,0.0013615062925964594,0
ba18b7c1-21ff-45da-8452-41acce7fc8de__ep2:qa:1,ba18b7c1-21ff-45da-8452-41acce7fc8de__ep2,test,20,39,Crafting a paper cone,Manipulate paper decoration,Cut cardboard,0.0013614649651572108,0
ba18b7c1-21ff-45da-8452-41acce7fc8de__ep2:qa:2,ba18b7c1-21ff-45da-8452-41acce7fc8de__ep2,test,40,59,Crafting a paper cone,Manipulate paper decoration,Cut cardboard,0.0013614235213026404,0
ba18b7c1-21ff-45da-8452-41acce7fc8de__ep2:qa:3,ba18b7c1-21ff-45da-8452-41acce7fc8de__ep2,test,60,79,Crafting a paper cone,Manipulate paper decoration,Cut cardboard,0.0013613725313916802,0
ba18b7c1-21ff-45da-8452-41acce7fc8de__ep2:qa:4,ba18b7c1-21ff-45da-8452-41acce7fc8de__ep2,test,80,99,Crafting a paper cone,Manipulate paper decoration,Cut cardboard,0.0013613098999485373,0
ba18b7c1-21ff-45da-8452-41acce7fc8de__ep2:qa:40,ba18b7c1-21ff-45da-8452-41acce7fc8de__ep2,test,800,819,Crafting a paper cone,Manipulate paper edge,Cut cardboard,0.0013590530725196004,0
ba18b7c1-21ff-45da-8452-41acce7fc8de__ep2:qa:41,ba18b7c1-21ff-45da-8452-41acce7fc8de__ep2,test,820,839,Crafting a paper cone,Manipulate paper edge,Cut cardboard,0.0013589902082458138,0
ba18b7c1-21ff-45da-8452-41acce7fc8de__ep2:qa:42,ba18b7c1-21ff-45da-8452-41acce7fc8de__ep2,test,840,859,Crafting a paper cone,Manipulate paper edge,Cut cardboard,0.001358927576802671,0
ba18b7c1-21ff-45da-8452-41acce7fc8de__ep2:qa:43,ba18b7c1-21ff-45da-8452-41acce7fc8de__ep2,test,860,879,Crafting a paper cone,Manipulate paper edge,Cut cardboard,0.001358864945359528,0
ba18b7c1-21ff-45da-8452-41acce7fc8de__ep2:qa:44,ba18b7c1-21ff-45da-8452-41acce7fc8de__ep2,test,880,899,Crafting a paper cone,Manipulate paper edge,Cut cardboard,0.0013588020810857415,0
ba18b7c1-21ff-45da-8452-41acce7fc8de__ep2:qa:60,ba18b7c1-21ff-45da-8452-41acce7fc8de__ep2,test,1200,1219,Crafting a paper cone,Placing paper strip,Cut cardboard,0.0013577982317656279,0
ba18b7c1-21ff-45da-8452-41acce7fc8de__ep2:qa:61,ba18b7c1-21ff-45da-8452-41acce7fc8de__ep2,test,1220,1239,Crafting a paper cone,Placing paper strip,Cut cardboard,0.0013577354839071631,0
ba18b7c1-21ff-45da-8452-41acce7fc8de__ep2:qa:62,ba18b7c1-21ff-45da-8452-41acce7fc8de__ep2,test,1240,1259,Crafting a paper cone,Placing paper strip,Cut cardboard,0.0013576727360486984,0
ba18b7c1-21ff-45da-8452-41acce7fc8de__ep2:qa:63,ba18b7c1-21ff-45da-8452-41acce7fc8de__ep2,test,1260,1279,Crafting a paper cone,Placing paper strip,Cut cardboard,0.0013576101046055555,0
ba18b7c1-21ff-45da-8452-41acce7fc8de__ep2:qa:90,ba18b7c1-21ff-45da-8452-41acce7fc8de__ep2,test,1800,1819,Crafting a paper cone,Manipulate paper strip,Cut cardboard,0.0013559150975197554,0
ba18b7c1-21ff-45da-8452-41acce7fc8de__ep2:qa:91,ba18b7c1-21ff-45da-8452-41acce7fc8de__ep2,test,1820,1839,Crafting a paper cone,Manipulate paper strip,Cut cardboard,0.0013558523496612906,0
ba18b7c1-21ff-45da-8452-41acce7fc8de__ep2:qa:92,ba18b7c1-21ff-45da-8452-41acce7fc8de__ep2,test,1840,1859,Crafting a paper cone,Manipulate paper strip,Cut cardboard,0.001355789485387504,0
ba18b7c1-21ff-45da-8452-41acce7fc8de__ep2:qa:93,ba18b7c1-21ff-45da-8452-41acce7fc8de__ep2,test,1860,1879,Crafting a paper cone,Manipulate paper strip,Cut cardboard,0.0013557267375290394,0
ba18b7c1-21ff-45da-8452-41acce7fc8de__ep2:qa:94,ba18b7c1-21ff-45da-8452-41acce7fc8de__ep2,test,1880,1899,Crafting a paper cone,Manipulate paper strip,Cut cardboard,0.0013556639896705747,0
ba18b7c1-21ff-45da-8452-41acce7fc8de__ep2:qa:146,ba18b7c1-21ff-45da-8452-41acce7fc8de__ep2,test,2920,2939,Crafting a paper cone,Securing paper structure,Cut cardboard,0.0013523970264941454,0
ba18b7c1-21ff-45da-8452-41acce7fc8de__ep2:qa:147,ba18b7c1-21ff-45da-8452-41acce7fc8de__ep2,test,2940,2959,Crafting a paper cone,Securing paper structure,Cut cardboard,0.0013523342786356807,0
ba18b7c1-21ff-45da-8452-41acce7fc8de__ep2:qa:148,ba18b7c1-21ff-45da-8452-41acce7fc8de__ep2,test,2960,2979,Crafting a paper cone,Securing paper structure,Cut cardboard,0.0013522712979465723,0
ba18b7c1-21ff-45da-8452-41acce7fc8de__ep2:qa:149,ba18b7c1-21ff-45da-8452-41acce7fc8de__ep2,test,2980,2999,Crafting a paper cone,Securing paper structure,Cut cardboard,0.0013522084336727858,0
ba18b7c1-21ff-45da-8452-41acce7fc8de__ep2:qa:170,ba18b7c1-21ff-45da-8452-41acce7fc8de__ep2,test,3400,3419,Crafting a paper cone,Manipulate adhesive strip,Cut cardboard,0.0013508882839232683,0
ba18b7c1-21ff-45da-8452-41acce7fc8de__ep2:qa:171,ba18b7c1-21ff-45da-8452-41acce7fc8de__ep2,test,3420,3439,Crafting a paper cone,Manipulate adhesive strip,Cut cardboard,0.0013508254196494818,0
ba18b7c1-21ff-45da-8452-41acce7fc8de__ep2:qa:172,ba18b7c1-21ff-45da-8452-41acce7fc8de__ep2,test,3440,3459,Crafting a paper cone,Manipulate adhesive strip,Cut cardboard,0.0013507625553756952,0
ba18b7c1-21ff-45da-8452-41acce7fc8de__ep2:qa:173,ba18b7c1-21ff-45da-8452-41acce7fc8de__ep2,test,3460,3479,Crafting a paper cone,Manipulate adhesive strip,Cut cardboard,0.0013506995746865869,0
ba18b7c1-21ff-45da-8452-41acce7fc8de__ep2:qa:174,ba18b7c1-21ff-45da-8452-41acce7fc8de__ep2,test,3480,3499,Crafting a paper cone,Manipulate adhesive strip,Cut cardboard,0.0013506368268281221,0
ba18b7c1-21ff-45da-8452-41acce7fc8de__ep2:qa:240,ba18b7c1-21ff-45da-8452-41acce7fc8de__ep2,test,4800,4819,Crafting a paper cone,Secure paper edges with adhesive,Cut cardboard,0.00134648522362113,0
ba18b7c1-21ff-45da-8452-41acce7fc8de__ep2:qa:241,ba18b7c1-21ff-45da-8452-41acce7fc8de__ep2,test,4820,4839,Crafting a paper cone,Secure paper edges with adhesive,Cut cardboard,0.0013464222429320216,0
ba18b7c1-21ff-45da-8452-41acce7fc8de__ep2:qa:242,ba18b7c1-21ff-45da-8452-41acce7fc8de__ep2,test,4840,4859,Crafting a paper cone,Secure paper edges with adhesive,Cut cardboard,0.0013463592622429132,0
ba18b7c1-21ff-45da-8452-41acce7fc8de__ep2:qa:243,ba18b7c1-21ff-45da-8452-41acce7fc8de__ep2,test,4860,4879,Crafting a paper cone,Secure paper edges with adhesive,Cut cardboard,0.0013462965143844485,0
b6579cb5-0a71-4ca6-8808-1e2700be05c7__ep3:qa:0,b6579cb5-0a71-4ca6-8808-1e2700be05c7__ep3,test,0,19,Sorting and counting colored star-shaped beads,Sort beads,Cut cardboard,0.0013801550958305597,0
b6579cb5-0a71-4ca6-8808-1e2700be05c7__ep3:qa:1,b6579cb5-0a71-4ca6-8808-1e2700be05c7__ep3,test,20,39,Sorting and counting colored star-shaped beads,Sort beads,Cut cardboard,0.001380115863867104,0
b6579cb5-0a71-4ca6-8808-1e2700be05c7__ep3:qa:14,b6579cb5-0a71-4ca6-8808-1e2700be05c7__ep3,test,280,299,Sorting and counting colored star-shaped beads,Record count,Cut cardboard,0.001379380002617836,0
b6579cb5-0a71-4ca6-8808-1e2700be05c7__ep3:qa:15,b6579cb5-0a71-4ca6-8808-1e2700be05c7__ep3,test,300,319,Sorting and counting colored star-shaped beads,Record count,Cut cardboard,0.0013793209800496697,0
b6579cb5-0a71-4ca6-8808-1e2700be05c7__ep3:qa:50,b6579cb5-0a71-4ca6-8808-1e2700be05c7__ep3,test,1000,1019,Sorting and counting colored star-shaped beads,Sort beads and write count,Cut cardboard,0.0013772554229944944,0
b6579cb5-0a71-4ca6-8808-1e2700be05c7__ep3:qa:100,b6579cb5-0a71-4ca6-8808-1e2700be05c7__ep3,test,2000,2019,Sorting and counting colored star-shaped beads,Counting and organizing beads,Cut cardboard,0.0013743015006184578,0
b6579cb5-0a71-4ca6-8808-1e2700be05c7__ep3:qa:101,b6579cb5-0a71-4ca6-8808-1e2700be05c7__ep3,test,2020,2039,Sorting and counting colored star-shaped beads,Counting and organizing beads,Cut cardboard,0.0013742423616349697,0
b6579cb5-0a71-4ca6-8808-1e2700be05c7__ep3:qa:120,b6579cb5-0a71-4ca6-8808-1e2700be05c7__ep3,test,2400,2419,Sorting and counting colored star-shaped beads,Pick up star bead,Cut cardboard,0.0013731189537793398,0
b6579cb5-0a71-4ca6-8808-1e2700be05c7__ep3:qa:121,b6579cb5-0a71-4ca6-8808-1e2700be05c7__ep3,test,2420,2439,Sorting and counting colored star-shaped beads,Pick up star bead,Cut cardboard,0.0013730596983805299,0
b6579cb5-0a71-4ca6-8808-1e2700be05c7__ep3:qa:128,b6579cb5-0a71-4ca6-8808-1e2700be05c7__ep3,test,2560,2579,Sorting and counting colored star-shaped beads,Place and count bead,Cut cardboard,0.0013726454926654696,0
b6579cb5-0a71-4ca6-8808-1e2700be05c7__ep3:qa:129,b6579cb5-0a71-4ca6-8808-1e2700be05c7__ep3,test,2580,2599,Sorting and counting colored star-shaped beads,Place and count bead,Cut cardboard,0.0013725865865126252,0
b6579cb5-0a71-4ca6-8808-1e2700be05c7__ep3:qa:150,b6579cb5-0a71-4ca6-8808-1e2700be05c7__ep3,test,3000,3019,Sorting and counting colored star-shaped beads,Sort star-shaped beads,Cut cardboard,0.0013713438529521227,0
b6579cb5-0a71-4ca6-8808-1e2700be05c7__ep3:qa:164,b6579cb5-0a71-4ca6-8808-1e2700be05c7__ep3,test,3280,3299,Sorting and counting colored star-shaped beads,Write count on paper,Cut cardboard,0.0013705150922760367,0
b6579cb5-0a71-4ca6-8808-1e2700be05c7__ep3:qa:180,b6579cb5-0a71-4ca6-8808-1e2700be05c7__ep3,test,3600,3619,Sorting and counting colored star-shaped beads,Hold beads,Cut cardboard,0.001369567820802331,0
b6579cb5-0a71-4ca6-8808-1e2700be05c7__ep3:qa:181,b6579cb5-0a71-4ca6-8808-1e2700be05c7__ep3,test,3620,3639,Sorting and counting colored star-shaped beads,Hold beads,Cut cardboard,0.001369508565403521,0
b6579cb5-0a71-4ca6-8808-1e2700be05c7__ep3:qa:200,b6579cb5-0a71-4ca6-8808-1e2700be05c7__ep3,test,4000,4019,Sorting and counting colored star-shaped beads,Arrange star beads,Cut cardboard,0.0013683829456567764,0
b6579cb5-0a71-4ca6-8808-1e2700be05c7__ep3:qa:201,b6579cb5-0a71-4ca6-8808-1e2700be05c7__ep3,test,4020,4039,Sorting and counting colored star-shaped beads,Arrange star beads,Cut cardboard,0.0013683238066732883,0
b6579cb5-0a71-4ca6-8808-1e2700be05c7__ep3:qa:212,b6579cb5-0a71-4ca6-8808-1e2700be05c7__ep3,test,4240,4259,Sorting and counting colored star-shaped beads,Pick up pen,Cut cardboard,0.001367672230117023,0
b6579cb5-0a71-4ca6-8808-1e2700be05c7__ep3:qa:213,b6579cb5-0a71-4ca6-8808-1e2700be05c7__ep3,test,4260,4279,Sorting and counting colored star-shaped beads,Pick up pen,Cut cardboard,0.0013676128583028913,0
b6579cb5-0a71-4ca6-8808-1e2700be05c7__ep3:qa:220,b6579cb5-0a71-4ca6-8808-1e2700be05c7__ep3,test,4400,4419,Sorting and counting colored star-shaped beads,Counting star beads,Cut cardboard,0.0013671980705112219,0
b6579cb5-0a71-4ca6-8808-1e2700be05c7__ep3:qa:221,b6579cb5-0a71-4ca6-8808-1e2700be05c7__ep3,test,4420,4439,Sorting and counting colored star-shaped beads,Counting star beads,Cut cardboard,0.0013671386986970901,0
b6579cb5-0a71-4ca6-8808-1e2700be05c7__ep3:qa:232,b6579cb5-0a71-4ca6-8808-1e2700be05c7__ep3,test,4640,4659,Sorting and counting colored star-shaped beads,Retrieving more beads,Cut cardboard,0.0013664868893101811,0
b6579cb5-0a71-4ca6-8808-1e2700be05c7__ep3:qa:233,b6579cb5-0a71-4ca6-8808-1e2700be05c7__ep3,test,4660,4679,Sorting and counting colored star-shaped beads,Retrieving more beads,Cut cardboard,0.0013664276339113712,0
b6579cb5-0a71-4ca6-8808-1e2700be05c7__ep3:qa:240,b6579cb5-0a71-4ca6-8808-1e2700be05c7__ep3,test,4800,4819,Sorting and counting colored star-shaped beads,Write on paper,Cut cardboard,0.00136601272970438,0
b6579cb5-0a71-4ca6-8808-1e2700be05c7__ep3:qa:244,b6579cb5-0a71-4ca6-8808-1e2700be05c7__ep3,test,4880,4899,Sorting and counting colored star-shaped beads,Adjust paper,Cut cardboard,0.001365775358863175,0
b6579cb5-0a71-4ca6-8808-1e2700be05c7__ep3:qa:245,b6579cb5-0a71-4ca6-8808-1e2700be05c7__ep3,test,4900,4919,Sorting and counting colored star-shaped beads,Adjust paper,Cut cardboard,0.001365716103464365,0
b6579cb5-0a71-4ca6-8808-1e2700be05c7__ep3:qa:250,b6579cb5-0a71-4ca6-8808-1e2700be05c7__ep3,test,5000,5019,Sorting and counting colored star-shaped beads,Gather star beads,Cut cardboard,0.0013654197100549936,0
b6579cb5-0a71-4ca6-8808-1e2700be05c7__ep3:qa:251,b6579cb5-0a71-4ca6-8808-1e2700be05c7__ep3,test,5020,5039,Sorting and counting colored star-shaped beads,Gather star beads,Cut cardboard,0.0013653604546561837,0
b6579cb5-0a71-4ca6-8808-1e2700be05c7__ep3:qa:256,b6579cb5-0a71-4ca6-8808-1e2700be05c7__ep3,test,5120,5139,Sorting and counting colored star-shaped beads,Arrange star beads for counting,Cut cardboard,0.0013650639448314905,0
b6579cb5-0a71-4ca6-8808-1e2700be05c7__ep3:qa:257,b6579cb5-0a71-4ca6-8808-1e2700be05c7__ep3,test,5140,5159,Sorting and counting colored star-shaped beads,Arrange star beads for counting,Cut cardboard,0.0013650048058480024,0
b6579cb5-0a71-4ca6-8808-1e2700be05c7__ep3:qa:264,b6579cb5-0a71-4ca6-8808-1e2700be05c7__ep3,test,5280,5299,Sorting and counting colored star-shaped beads,Sort and count beads,Cut cardboard,0.0013645897852256894,0
b6579cb5-0a71-4ca6-8808-1e2700be05c7__ep3:qa:265,b6579cb5-0a71-4ca6-8808-1e2700be05c7__ep3,test,5300,5319,Sorting and counting colored star-shaped beads,Sort and count beads,Cut cardboard,0.0013645305298268795,0
