window_index,start_frame,end_frame,center_frame,objects,object_count
0,0,19,9,kettle|coffee dripper|scale|bottle,4
1,5,24,14,kettle|coffee dripper|scale|bottle,4
2,10,29,19,kettle|coffee dripper|scale|bottle,4
3,15,34,24,kettle|coffee dripper|scale|bottle,4
4,20,39,29,kettle|coffee dripper|scale|bottle,4
5,25,44,34,kettle|coffee dripper|scale|bottle,4
6,30,49,39,kettle|coffee dripper|scale|bottle,4
7,35,54,44,kettle|coffee dripper|scale|bottle,4
8,40,59,49,kettle|coffee dripper|scale|bottle,4
9,45,64,54,kettle|coffee dripper|scale|bottle,4
10,50,69,59,kettle|coffee dripper|scale|bottle,4
11,55,74,64,kettle|coffee dripper|scale|bottle,4
12,60,79,69,kettle|coffee dripper|scale|bottle,4
13,65,84,74,kettle|coffee dripper|scale|bottle,4
14,70,89,79,kettle|coffee dripper|scale|bottle,4
15,75,94,84,kettle|coffee dripper|scale|bottle,4
16,80,99,89,kettle|coffee dripper|scale|bottle,4
17,85,104,94,kettle|coffee dripper|scale|bottle,4
18,90,109,99,kettle|coffee dripper|scale|bottle,4
19,95,114,104,kettle|coffee dripper|scale|bottle,4
20,100,119,109,kettle|coffee dripper|scale|bottle,4
21,105,124,114,kettle|coffee dripper|scale|bottle,4
22,110,129,119,kettle|coffee dripper|scale|bottle,4
23,115,134,124,kettle|coffee dripper|scale|bottle,4
24,120,139,129,kettle,1
25,125,144,134,kettle,1
26,130,149,139,kettle,1
27,135,154,144,kettle,1
28,140,159,149,kettle,1
29,145,164,154,kettle,1
30,150,169,159,kettle,1
31,155,174,164,kettle,1
32,160,179,169,kettle,1
33,165,184,174,kettle,1
34,170,189,179,kettle,1
35,175,194,184,kettle,1
36,180,199,189,kettle,1
37,185,204,194,kettle,1
38,190,209,199,kettle,1
39,195,214,204,kettle,1
40,200,219,209,kettle,1
41,205,224,214,kettle,1
42,210,229,219,kettle,1
43,215,234,224,kettle,1
44,220,239,229,kettle,1
45,225,244,234,kettle,1
46,230,249,239,kettle,1
47,235,254,244,kettle,1
48,240,259,249,kettle,1
49,245,264,254,kettle,1
50,250,269,259,kettle,1
51,255,274,264,kettle,1
52,260,279,269,kettle,1
53,265,284,274,kettle,1
54,270,289,279,kettle,1
55,275,294,284,kettle,1
56,280,299,289,kettle,1
57,285,304,294,kettle,1
58,290,309,299,kettle,1
59,295,314,304,kettle,1
60,300,319,309,kettle,1
61,305,324,314,kettle,1
62,310,329,319,kettle,1
63,315,334,324,kettle,1
64,320,339,329,kettle,1
65,325,344,334,kettle,1
66,330,349,339,kettle,1
67,335,354,344,kettle,1
68,340,359,349,kettle,1
69,345,364,354,kettle|coffee dripper|scale,3
70,350,369,359,kettle|coffee dripper|scale,3
71,355,374,364,kettle|coffee dripper|scale,3
72,360,379,369,kettle|coffee dripper|scale,3
73,365,384,374,kettle|coffee dripper|scale,3
74,370,389,379,kettle|coffee dripper|scale,3
75,375,394,384,kettle|coffee dripper|scale,3
76,380,399,389,kettle|coffee dripper|scale,3
77,385,404,394,kettle|coffee dripper|scale|gooseneck kettle|digital scale|table,6
78,390,409,399,kettle|coffee dripper|scale|gooseneck kettle|digital scale|table,6
79,395,414,404,kettle|coffee dripper|scale|gooseneck kettle|digital scale|table,6
80,400,419,409,gooseneck kettle|coffee dripper|digital scale|table,4
81,405,424,414,gooseneck kettle|coffee dripper|digital scale|table,4
82,410,429,419,gooseneck kettle|coffee dripper|digital scale|table,4
83,415,434,424,gooseneck kettle|coffee dripper|digital scale|table,4
84,420,439,429,gooseneck kettle|coffee dripper|digital scale|table,4
85,425,444,434,gooseneck kettle|coffee dripper|digital scale|table,4
86,430,449,439,gooseneck kettle|coffee dripper|digital scale|table,4
87,435,454,444,gooseneck kettle|coffee dripper|digital scale|table,4
88,440,459,449,gooseneck kettle|coffee dripper|digital scale|table,4
89,445,464,454,gooseneck kettle|coffee dripper|digital scale|table,4
90,450,469,459,gooseneck kettle|coffee dripper|digital scale|table,4
91,455,474,464,gooseneck kettle|coffee dripper|digital scale|table,4
92,460,479,469,gooseneck kettle|coffee dripper|digital scale|table,4
93,465,484,474,gooseneck kettle|coffee dripper|digital scale|table,4
94,470,489,479,gooseneck kettle|coffee dripper|digital scale|table,4
95,475,494,484,gooseneck kettle|coffee dripper|digital scale|table,4
96,480,499,489,gooseneck kettle|coffee dripper|digital scale|table,4
97,485,504,494,gooseneck kettle|coffee dripper|digital scale|table,4
98,490,509,499,gooseneck kettle|coffee dripper|digital scale|table,4
99,495,514,504,gooseneck kettle|coffee dripper|digital scale|table,4
100,500,519,509,gooseneck kettle|coffee dripper|digital scale|table,4
101,505,524,514,gooseneck kettle|coffee dripper|digital scale|table,4
102,510,529,519,gooseneck kettle|coffee dripper|digital scale|table,4
103,515,534,524,gooseneck kettle|coffee dripper|digital scale|table,4
104,520,539,529,gooseneck kettle|coffee dripper|digital scale,3
105,525,544,534,gooseneck kettle|coffee dripper|digital scale,3
106,530,549,539,gooseneck kettle|coffee dripper|digital scale,3
107,535,554,544,gooseneck kettle|coffee dripper|digital scale,3
108,540,559,549,gooseneck kettle|coffee dripper|digital scale,3
109,545,564,554,gooseneck kettle|coffee dripper|digital scale,3
110,550,569,559,gooseneck kettle|coffee dripper|digital scale,3
111,555,574,564,gooseneck kettle|coffee dripper|digital scale,3
112,560,579,569,gooseneck kettle|coffee dripper|digital scale,3
113,565,584,574,gooseneck kettle|coffee dripper|digital scale,3
114,570,589,579,gooseneck kettle|coffee dripper|digital scale,3
115,575,594,584,gooseneck kettle|coffee dripper|digital scale,3
116,580,599,589,gooseneck kettle|coffee dripper|digital scale,3
117,585,604,594,gooseneck kettle|coffee dripper|digital scale,3
118,590,609,599,gooseneck kettle|coffee dripper|digital scale,3
119,595,614,604,gooseneck kettle|coffee dripper|digital scale,3
120,600,619,609,gooseneck kettle|coffee dripper|digital scale,3
121,605,624,614,gooseneck kettle|coffee dripper|digital scale,3
122,610,629,619,gooseneck kettle|coffee dripper|digital scale,3
123,615,634,624,gooseneck kettle|coffee dripper|digital scale,3
124,620,639,629,gooseneck kettle|coffee dripper|digital scale,3
125,625,644,634,gooseneck kettle|coffee dripper|digital scale,3
126,630,649,639,gooseneck kettle|coffee dripper|digital scale,3
127,635,654,644,gooseneck kettle|coffee dripper|digital scale,3
128,640,659,649,gooseneck kettle|coffee dripper|digital scale,3
129,645,664,654,gooseneck kettle|coffee dripper|digital scale,3
130,650,669,659,gooseneck kettle|coffee dripper|digital scale,3
131,655,674,664,gooseneck kettle|coffee dripper|digital scale,3
132,660,679,669,gooseneck kettle|coffee dripper|digital scale,3
133,665,684,674,gooseneck kettle|coffee dripper|digital scale,3
134,670,689,679,gooseneck kettle|coffee dripper|digital scale,3
135,675,694,684,gooseneck kettle|coffee dripper|digital scale,3
136,680,699,689,gooseneck kettle|coffee dripper|digital scale,3
137,685,704,694,gooseneck kettle|coffee dripper|digital scale,3
138,690,709,699,gooseneck kettle|coffee dripper|digital scale,3
139,695,714,704,gooseneck kettle|coffee dripper|digital scale,3
140,700,719,709,gooseneck kettle|coffee dripper|digital scale,3
141,705,724,714,gooseneck kettle|coffee dripper|digital scale,3
142,710,729,719,gooseneck kettle|coffee dripper|digital scale,3
143,715,734,724,gooseneck kettle|coffee dripper|digital scale,3
144,720,739,729,gooseneck kettle|coffee dripper|digital scale,3
145,725,744,734,gooseneck kettle|coffee dripper|digital scale,3
146,730,749,739,gooseneck kettle|coffee dripper|digital scale,3
147,735,754,744,gooseneck kettle|coffee dripper|digital scale,3
148,740,759,749,gooseneck kettle|coffee dripper|digital scale,3
149,745,764,754,gooseneck kettle|coffee dripper|digital scale,3
150,750,769,759,gooseneck kettle|coffee dripper|digital scale,3
151,755,774,764,gooseneck kettle|coffee dripper|digital scale,3
152,760,779,769,gooseneck kettle|coffee dripper|digital scale,3
153,765,784,774,gooseneck kettle|coffee dripper|digital scale,3
154,770,789,779,gooseneck kettle|coffee dripper|digital scale,3
155,775,794,784,gooseneck kettle|coffee dripper|digital scale,3
156,780,799,789,gooseneck kettle|coffee dripper|digital scale,3
157,785,804,794,gooseneck kettle|coffee dripper|digital scale|kettle|dripper|scale|coffee filter|table,8
158,790,809,799,gooseneck kettle|coffee dripper|digital scale|kettle|dripper|scale|coffee filter|table,8
159,795,814,804,gooseneck kettle|coffee dripper|digital scale|kettle|dripper|scale|coffee filter|table,8
160,800,819,809,kettle|dripper|scale|coffee filter|table,5
161,805,824,814,kettle|dripper|scale|coffee filter|table,5
162,810,829,819,kettle|dripper|scale|coffee filter|table,5
163,815,834,824,kettle|dripper|scale|coffee filter|table,5
164,820,839,829,kettle|dripper|scale|coffee filter|table,5
165,825,844,834,kettle|dripper|scale|coffee filter|table,5
166,830,849,839,kettle|dripper|scale|coffee filter|table,5
167,835,854,844,kettle|dripper|scale|coffee filter|table,5
168,840,859,849,kettle|dripper|scale|coffee filter|table,5
169,845,864,854,kettle|dripper|scale|coffee filter|table,5
170,850,869,859,kettle|dripper|scale|coffee filter|table,5
171,855,874,864,kettle|dripper|scale|coffee filter|table,5
172,860,879,869,kettle|dripper|scale|coffee filter|table,5
173,865,884,874,kettle|dripper|scale|coffee filter|table,5
174,870,889,879,kettle|dripper|scale|coffee filter|table,5
175,875,894,884,kettle|dripper|scale|coffee filter|table,5
176,880,899,889,kettle|dripper|scale|coffee filter|table,5
177,885,904,894,kettle|dripper|scale|coffee filter|table,5
178,890,909,899,kettle|dripper|scale|coffee filter|table,5
179,895,914,904,kettle|dripper|scale|coffee filter|table,5
180,900,919,909,kettle|dripper|scale|coffee filter|table,5
181,905,924,914,kettle|dripper|scale|coffee filter|table,5
182,910,929,919,kettle|dripper|scale|coffee filter|table,5
183,915,934,924,kettle|dripper|scale|coffee filter|table,5
184,920,939,929,kettle|dripper|scale|coffee filter|table,5
185,925,944,934,kettle|dripper|scale|coffee filter|table,5
186,930,949,939,kettle|dripper|scale|coffee filter|table,5
187,935,954,944,kettle|dripper|scale|coffee filter|table,5
188,940,959,949,kettle|dripper|scale|coffee filter|table,5
189,945,964,954,kettle|dripper|scale|coffee filter|table,5
190,950,969,959,kettle|dripper|scale|coffee filter|table,5
191,955,974,964,kettle|dripper|scale|coffee filter|table,5
192,960,979,969,kettle|dripper|scale|coffee filter|table,5
193,965,984,974,kettle|dripper|scale|coffee filter|table,5
194,970,989,979,kettle|dripper|scale|coffee filter|table,5
195,975,994,984,kettle|dripper|scale|coffee filter|table,5
196,980,999,989,kettle|dripper|scale|coffee filter|table,5
197,985,1004,994,kettle|dripper|scale|coffee filter|table|glass carafe|coffee scale|coffee dripper|white mug|bottle,10
198,990,1009,999,kettle|dripper|scale|coffee filter|table|glass carafe|coffee scale|coffee dripper|white mug|bottle,10
199,995,1014,1004,kettle|dripper|scale|coffee filter|table|glass carafe|coffee scale|coffee dripper|white mug|bottle,10
200,1000,1019,1009,glass carafe|coffee scale|coffee dripper|white mug|bottle,5
201,1005,1024,1014,glass carafe|coffee scale|coffee dripper|white mug|bottle,5
202,1010,1029,1019,glass carafe|coffee scale|coffee dripper|white mug|bottle,5
203,1015,1034,1024,glass carafe|coffee scale|coffee dripper|white mug|bottle,5
204,1020,1039,1029,glass carafe|coffee scale|coffee dripper|white mug|bottle,5
205,1025,1044,1034,glass carafe|coffee scale|coffee dripper|white mug|bottle,5
206,1030,1049,1039,glass carafe|coffee scale|coffee dripper|white mug|bottle,5
207,1035,1054,1044,glass carafe|coffee scale|coffee dripper|white mug|bottle,5
208,1040,1059,1049,glass carafe|coffee scale|coffee dripper|white mug|bottle,5
209,1045,1064,1054,glass carafe|coffee scale|coffee dripper|white mug|bottle,5
210,1050,1069,1059,glass carafe|coffee scale|coffee dripper|white mug|bottle,5
211,1055,1074,1064,glass carafe|coffee scale|coffee dripper|white mug|bottle,5
212,1060,1079,1069,glass carafe|coffee scale|coffee dripper|white mug|bottle,5
213,1065,1084,1074,glass carafe|coffee scale|coffee dripper|white mug|bottle,5
214,1070,1089,1079,glass carafe|coffee scale|coffee dripper|white mug|bottle,5
215,1075,1094,1084,glass carafe|coffee scale|coffee dripper|white mug|bottle,5
216,1080,1099,1089,glass carafe|coffee scale|coffee dripper|white mug|bottle,5
217,1085,1104,1094,glass carafe|coffee scale|coffee dripper|white mug|bottle,5
218,1090,1109,1099,glass carafe|coffee scale|coffee dripper|white mug|bottle,5
219,1095,1114,1104,glass carafe|coffee scale|coffee dripper|white mug|bottle,5
220,1100,1119,1109,glass carafe|coffee scale|coffee dripper|white mug|bottle,5
221,1105,1124,1114,glass carafe|coffee scale|coffee dripper|white mug|bottle,5
222,1110,1129,1119,glass carafe|coffee scale|coffee dripper|white mug|bottle,5
223,1115,1134,1124,glass carafe|coffee scale|coffee dripper|white mug|bottle,5
224,1120,1139,1129,glass carafe|coffee scale|coffee dripper|white mug|bottle,5
225,1125,1144,1134,glass carafe|coffee scale|coffee dripper|white mug|bottle,5
226,1130,1149,1139,glass carafe|coffee scale|coffee dripper|white mug|bottle,5
227,1135,1154,1144,glass carafe|coffee scale|coffee dripper|white mug|bottle,5
228,1140,1159,1149,glass carafe|coffee scale|coffee dripper|white mug|bottle,5
229,1145,1164,1154,glass carafe|coffee scale|coffee dripper|white mug|bottle,5
230,1150,1169,1159,glass carafe|coffee scale|coffee dripper|white mug|bottle,5
231,1155,1174,1164,glass carafe|coffee scale|coffee dripper|white mug|bottle,5
232,1160,1179,1169,glass carafe|coffee scale|coffee dripper|white mug|bottle,5
233,1165,1184,1174,glass carafe|coffee scale|coffee dripper|white mug|bottle,5
234,1170,1189,1179,glass carafe|coffee scale|coffee dripper|white mug|bottle,5
235,1175,1194,1184,glass carafe|coffee scale|coffee dripper|white mug|bottle,5
236,1180,1199,1189,glass carafe|coffee scale|coffee dripper|white mug|bottle,5
237,1185,1204,1194,glass carafe|coffee scale|coffee dripper|white mug|bottle,5
238,1190,1209,1199,glass carafe|coffee scale|coffee dripper|white mug|bottle,5
239,1195,1214,1204,glass carafe|coffee scale|coffee dripper|white mug|bottle,5
240,1200,1219,1209,glass carafe|coffee scale|coffee dripper|white mug|bottle,5
241,1205,1224,1214,glass carafe|coffee scale|coffee dripper|white mug|bottle,5
242,1210,1229,1219,glass carafe|coffee scale|coffee dripper|white mug|bottle,5
243,1215,1234,1224,glass carafe|coffee scale|coffee dripper|white mug|bottle,5
244,1220,1239,1229,glass carafe|coffee scale|coffee dripper|white mug|bottle,5
245,1225,1244,1234,glass carafe|coffee scale|coffee dripper|white mug|bottle|wooden scoop,6
246,1230,1249,1239,glass carafe|coffee scale|coffee dripper|white mug|bottle|wooden scoop,6
247,1235,1254,1244,glass carafe|coffee scale|coffee dripper|white mug|bottle|wooden scoop,6
248,1240,1259,1249,glass carafe|wooden scoop,2
249,1245,1264,1254,glass carafe|wooden scoop,2
250,1250,1269,1259,glass carafe|wooden scoop,2
251,1255,1274,1264,glass carafe|wooden scoop,2
252,1260,1279,1269,glass carafe|wooden scoop,2
253,1265,1284,1274,glass carafe|wooden scoop,2
254,1270,1289,1279,glass carafe|wooden scoop,2
255,1275,1294,1284,glass carafe|wooden scoop,2
256,1280,1299,1289,glass carafe|wooden scoop,2
257,1285,1304,1294,glass carafe|wooden scoop,2
258,1290,1309,1299,glass carafe|wooden scoop,2
259,1295,1314,1304,glass carafe|wooden scoop,2
260,1300,1319,1309,glass carafe|wooden scoop,2
261,1305,1324,1314,glass carafe|wooden scoop,2
262,1310,1329,1319,glass carafe|wooden scoop,2
263,1315,1334,1324,glass carafe|wooden scoop,2
264,1320,1339,1329,glass carafe|wooden scoop,2
265,1325,1344,1334,glass carafe|wooden scoop,2
266,1330,1349,1339,glass carafe|wooden scoop,2
267,1335,1354,1344,glass carafe|wooden scoop,2
268,1340,1359,1349,glass carafe|wooden scoop,2
269,1345,1364,1354,glass carafe|wooden scoop,2
270,1350,1369,1359,glass carafe|wooden scoop,2
271,1355,1374,1364,glass carafe|wooden scoop,2
272,1360,1379,1369,glass carafe|wooden scoop,2
273,1365,1384,1374,glass carafe|wooden scoop,2
274,1370,1389,1379,glass carafe|wooden scoop,2
275,1375,1394,1384,glass carafe|wooden scoop,2
276,1380,1399,1389,glass carafe|wooden scoop,2
277,1385,1404,1394,glass carafe|wooden scoop|coffee jar|coffee scoop|dripper,5
278,1390,1409,1399,glass carafe|wooden scoop|coffee jar|coffee scoop|dripper,5
279,1395,1414,1404,glass carafe|wooden scoop|coffee jar|coffee scoop|dripper,5
280,1400,1419,1409,coffee jar|coffee scoop|dripper,3
281,1405,1424,1414,coffee jar|coffee scoop|dripper,3
282,1410,1429,1419,coffee jar|coffee scoop|dripper,3
283,1415,1434,1424,coffee jar|coffee scoop|dripper,3
284,1420,1439,1429,coffee jar|coffee scoop|dripper,3
285,1425,1444,1434,coffee jar|coffee scoop|dripper,3
286,1430,1449,1439,coffee jar|coffee scoop|dripper,3
287,1435,1454,1444,coffee jar|coffee scoop|dripper,3
288,1440,1459,1449,coffee jar|coffee scoop|dripper,3
289,1445,1464,1454,coffee jar|coffee scoop|dripper,3
290,1450,1469,1459,coffee jar|coffee scoop|dripper,3
291,1455,1474,1464,coffee jar|coffee scoop|dripper,3
292,1460,1479,1469,coffee jar|coffee scoop|dripper,3
293,1465,1484,1474,coffee jar|coffee scoop|dripper,3
294,1470,1489,1479,coffee jar|coffee scoop|dripper,3
295,1475,1494,1484,coffee jar|coffee scoop|dripper,3
296,1480,1499,1489,coffee jar|coffee scoop,2
297,1485,1504,1494,coffee jar|coffee scoop,2
298,1490,1509,1499,coffee jar|coffee scoop,2
299,1495,1514,1504,coffee jar|coffee scoop,2
300,1500,1519,1509,coffee jar|coffee scoop,2
301,1505,1524,1514,coffee jar|coffee scoop,2
302,1510,1529,1519,coffee jar|coffee scoop,2
303,1515,1534,1524,coffee jar|coffee scoop,2
304,1520,1539,1529,coffee jar|coffee scoop,2
305,1525,1544,1534,coffee jar|coffee scoop,2
306,1530,1549,1539,coffee jar|coffee scoop,2
307,1535,1554,1544,coffee jar|coffee scoop,2
308,1540,1559,1549,coffee jar|coffee scoop,2
309,1545,1564,1554,coffee jar|coffee scoop,2
310,1550,1569,1559,coffee jar|coffee scoop,2
311,1555,1574,1564,coffee jar|coffee scoop,2
312,1560,1579,1569,coffee jar|coffee scoop,2
313,1565,1584,1574,coffee jar|coffee scoop,2
314,1570,1589,1579,coffee jar|coffee scoop,2
315,1575,1594,1584,coffee jar|coffee scoop,2
316,1580,1599,1589,coffee jar|coffee scoop,2
317,1585,1604,1594,coffee jar|coffee scoop|dripper,3
318,1590,1609,1599,coffee jar|coffee scoop|dripper,3
319,1595,1614,1604,coffee jar|coffee scoop|dripper,3
320,1600,1619,1609,coffee scoop|dripper,2
321,1605,1624,1614,coffee scoop|dripper,2
322,1610,1629,1619,coffee scoop|dripper,2
323,1615,1634,1624,coffee scoop|dripper,2
324,1620,1639,1629,coffee scoop|dripper,2
325,1625,1644,1634,coffee scoop|dripper,2
326,1630,1649,1639,coffee scoop|dripper,2
327,1635,1654,1644,coffee scoop|dripper,2
328,1640,1659,1649,coffee scoop|dripper,2
329,1645,1664,1654,coffee scoop|dripper,2
330,1650,1669,1659,coffee scoop|dripper,2
331,1655,1674,1664,coffee scoop|dripper,2
332,1660,1679,1669,coffee scoop|dripper,2
333,1665,1684,1674,coffee scoop|dripper,2
334,1670,1689,1679,coffee scoop|dripper,2
335,1675,1694,1684,coffee scoop|dripper,2
336,1680,1699,1689,coffee scoop|dripper,2
337,1685,1704,1694,coffee scoop|dripper,2
338,1690,1709,1699,coffee scoop|dripper,2
339,1695,1714,1704,coffee scoop|dripper,2
340,1700,1719,1709,coffee scoop|dripper,2
341,1705,1724,1714,coffee scoop|dripper,2
342,1710,1729,1719,coffee scoop|dripper,2
343,1715,1734,1724,coffee scoop|dripper,2
344,1720,1739,1729,coffee scoop|dripper,2
345,1725,1744,1734,coffee scoop|dripper,2
346,1730,1749,1739,coffee scoop|dripper,2
347,1735,1754,1744,coffee scoop|dripper,2
348,1740,1759,1749,coffee scoop|dripper,2
349,1745,1764,1754,coffee scoop|dripper,2
350,1750,1769,1759,coffee scoop|dripper,2
351,1755,1774,1764,coffee scoop|dripper,2
352,1760,1779,1769,coffee scoop|dripper,2
353,1765,1784,1774,coffee scoop|dripper,2
354,1770,1789,1779,coffee scoop|dripper,2
355,1775,1794,1784,coffee scoop|dripper,2
356,1780,1799,1789,coffee scoop|dripper,2
357,1785,1804,1794,coffee scoop|dripper|coffee container|lid|scale,5
358,1790,1809,1799,coffee scoop|dripper|coffee container|lid|scale,5
359,1795,1814,1804,coffee scoop|dripper|coffee container|lid|scale,5
360,1800,1819,1809,coffee container|lid|coffee scoop|dripper|scale,5
361,1805,1824,1814,coffee container|lid|coffee scoop|dripper|scale,5
362,1810,1829,1819,coffee container|lid|coffee scoop|dripper|scale,5
363,1815,1834,1824,coffee container|lid|coffee scoop|dripper|scale,5
364,1820,1839,1829,coffee container|lid|coffee scoop|dripper|scale,5
365,1825,1844,1834,coffee container|lid|coffee scoop|dripper|scale,5
366,1830,1849,1839,coffee container|lid|coffee scoop|dripper|scale,5
367,1835,1854,1844,coffee container|lid|coffee scoop|dripper|scale,5
368,1840,1859,1849,coffee container|lid|coffee scoop|dripper|scale,5
369,1845,1864,1854,coffee container|lid|coffee scoop|dripper|scale,5
370,1850,1869,1859,coffee container|lid|coffee scoop|dripper|scale,5
371,1855,1874,1864,coffee container|lid|coffee scoop|dripper|scale,5
372,1860,1879,1869,coffee container|lid|coffee scoop|dripper|scale,5
373,1865,1884,1874,coffee container|lid|coffee scoop|dripper|scale,5
374,1870,1889,1879,coffee container|lid|coffee scoop|dripper|scale,5
375,1875,1894,1884,coffee container|lid|coffee scoop|dripper|scale,5
376,1880,1899,1889,coffee container|lid|coffee scoop|dripper|scale,5
377,1885,1904,1894,coffee container|lid|coffee scoop|dripper|scale,5
378,1890,1909,1899,coffee container|lid|coffee scoop|dripper|scale,5
379,1895,1914,1904,coffee container|lid|coffee scoop|dripper|scale,5
380,1900,1919,1909,coffee container|lid|coffee scoop|dripper|scale,5
381,1905,1924,1914,coffee container|lid|coffee scoop|dripper|scale,5
382,1910,1929,1919,coffee container|lid|coffee scoop|dripper|scale,5
383,1915,1934,1924,coffee container|lid|coffee scoop|dripper|scale,5
384,1920,1939,1929,coffee container|lid|coffee scoop|dripper|scale,5
385,1925,1944,1934,coffee container|lid|coffee scoop|dripper|scale,5
386,1930,1949,1939,coffee container|lid|coffee scoop|dripper|scale,5
387,1935,1954,1944,coffee container|lid|coffee scoop|dripper|scale,5
388,1940,1959,1949,coffee container|lid|coffee scoop|dripper|scale,5
389,1945,1964,1954,coffee container|lid|coffee scoop|dripper|scale|closed coffee container,6
390,1950,1969,1959,coffee container|lid|coffee scoop|dripper|scale|closed coffee container,6
391,1955,1974,1964,coffee container|lid|coffee scoop|dripper|scale|closed coffee container,6
392,1960,1979,1969,closed coffee container|dripper|scale,3
393,1965,1984,1974,closed coffee container|dripper|scale,3
394,1970,1989,1979,closed coffee container|dripper|scale,3
395,1975,1994,1984,closed coffee container|dripper|scale,3
396,1980,1999,1989,closed coffee container|dripper|scale,3
397,1985,2004,1994,closed coffee container|dripper|scale|gooseneck kettle|coffee dripper|digital scale|water bottle|coffee mug,8
398,1990,2009,1999,closed coffee container|dripper|scale|gooseneck kettle|coffee dripper|digital scale|water bottle|coffee mug,8
399,1995,2014,2004,closed coffee container|dripper|scale|gooseneck kettle|coffee dripper|digital scale|water bottle|coffee mug,8
400,2000,2019,2009,gooseneck kettle|coffee dripper|digital scale|water bottle|coffee mug,5
401,2005,2024,2014,gooseneck kettle|coffee dripper|digital scale|water bottle|coffee mug,5
402,2010,2029,2019,gooseneck kettle|coffee dripper|digital scale|water bottle|coffee mug,5
403,2015,2034,2024,gooseneck kettle|coffee dripper|digital scale|water bottle|coffee mug,5
404,2020,2039,2029,gooseneck kettle|coffee dripper|digital scale|water bottle|coffee mug,5
405,2025,2044,2034,gooseneck kettle|coffee dripper|digital scale|water bottle|coffee mug,5
406,2030,2049,2039,gooseneck kettle|coffee dripper|digital scale|water bottle|coffee mug,5
407,2035,2054,2044,gooseneck kettle|coffee dripper|digital scale|water bottle|coffee mug,5
408,2040,2059,2049,gooseneck kettle|coffee dripper|digital scale|water bottle|coffee mug,5
409,2045,2064,2054,gooseneck kettle|coffee dripper|digital scale|water bottle|coffee mug,5
410,2050,2069,2059,gooseneck kettle|coffee dripper|digital scale|water bottle|coffee mug,5
411,2055,2074,2064,gooseneck kettle|coffee dripper|digital scale|water bottle|coffee mug,5
412,2060,2079,2069,gooseneck kettle|coffee dripper|digital scale|water bottle|coffee mug,5
413,2065,2084,2074,gooseneck kettle|coffee dripper|digital scale|water bottle|coffee mug,5
414,2070,2089,2079,gooseneck kettle|coffee dripper|digital scale|water bottle|coffee mug,5
415,2075,2094,2084,gooseneck kettle|coffee dripper|digital scale|water bottle|coffee mug,5
416,2080,2099,2089,gooseneck kettle|coffee dripper|digital scale|water bottle|coffee mug,5
417,2085,2104,2094,gooseneck kettle|coffee dripper|digital scale|water bottle|coffee mug,5
418,2090,2109,2099,gooseneck kettle|coffee dripper|digital scale|water bottle|coffee mug,5
419,2095,2114,2104,gooseneck kettle|coffee dripper|digital scale|water bottle|coffee mug,5
420,2100,2119,2109,gooseneck kettle|coffee dripper|digital scale|water bottle|coffee mug,5
421,2105,2124,2114,gooseneck kettle|coffee dripper|digital scale|water bottle|coffee mug,5
422,2110,2129,2119,gooseneck kettle|coffee dripper|digital scale|water bottle|coffee mug,5
423,2115,2134,2124,gooseneck kettle|coffee dripper|digital scale|water bottle|coffee mug,5
424,2120,2139,2129,gooseneck kettle|coffee dripper|digital scale|water bottle|coffee mug,5
425,2125,2144,2134,gooseneck kettle|coffee dripper|digital scale|water bottle|coffee mug,5
426,2130,2149,2139,gooseneck kettle|coffee dripper|digital scale|water bottle|coffee mug,5
427,2135,2154,2144,gooseneck kettle|coffee dripper|digital scale|water bottle|coffee mug,5
428,2140,2159,2149,gooseneck kettle|coffee dripper|digital scale|water bottle|coffee mug,5
429,2145,2164,2154,gooseneck kettle|coffee dripper|digital scale|water bottle|coffee mug,5
430,2150,2169,2159,gooseneck kettle|coffee dripper|digital scale|water bottle|coffee mug,5
431,2155,2174,2164,gooseneck kettle|coffee dripper|digital scale|water bottle|coffee mug,5
432,2160,2179,2169,gooseneck kettle|coffee dripper|digital scale|water bottle|coffee mug,5
433,2165,2184,2174,gooseneck kettle|coffee dripper|digital scale|water bottle|coffee mug,5
434,2170,2189,2179,gooseneck kettle|coffee dripper|digital scale|water bottle|coffee mug,5
435,2175,2194,2184,gooseneck kettle|coffee dripper|digital scale|water bottle|coffee mug,5
436,2180,2199,2189,gooseneck kettle|coffee dripper|digital scale|water bottle|coffee mug,5
437,2185,2204,2194,gooseneck kettle|coffee dripper|digital scale|water bottle|coffee mug,5
438,2190,2209,2199,gooseneck kettle|coffee dripper|digital scale|water bottle|coffee mug,5
439,2195,2214,2204,gooseneck kettle|coffee dripper|digital scale|water bottle|coffee mug,5
440,2200,2219,2209,gooseneck kettle|coffee dripper|digital scale|water bottle|coffee mug,5
441,2205,2224,2214,gooseneck kettle|coffee dripper|digital scale|water bottle|coffee mug,5
442,2210,2229,2219,gooseneck kettle|coffee dripper|digital scale|water bottle|coffee mug,5
443,2215,2234,2224,gooseneck kettle|coffee dripper|digital scale|water bottle|coffee mug,5
444,2220,2239,2229,gooseneck kettle|coffee dripper|digital scale|water bottle|coffee mug,5
445,2225,2244,2234,gooseneck kettle|coffee dripper|digital scale|water bottle|coffee mug,5
446,2230,2249,2239,gooseneck kettle|coffee dripper|digital scale|water bottle|coffee mug,5
447,2235,2254,2244,gooseneck kettle|coffee dripper|digital scale|water bottle|coffee mug,5
448,2240,2259,2249,gooseneck kettle|coffee dripper|digital scale|water bottle|coffee mug,5
449,2245,2264,2254,gooseneck kettle|coffee dripper|digital scale|water bottle|coffee mug,5
450,2250,2269,2259,gooseneck kettle|coffee dripper|digital scale|water bottle|coffee mug,5
451,2255,2274,2264,gooseneck kettle|coffee dripper|digital scale|water bottle|coffee mug,5
452,2260,2279,2269,gooseneck kettle|coffee dripper|digital scale|water bottle|coffee mug,5
453,2265,2284,2274,gooseneck kettle|coffee dripper|digital scale|water bottle|coffee mug,5
454,2270,2289,2279,gooseneck kettle|coffee dripper|digital scale|water bottle|coffee mug,5
455,2275,2294,2284,gooseneck kettle|coffee dripper|digital scale|water bottle|coffee mug,5
456,2280,2299,2289,gooseneck kettle|coffee dripper|digital scale|water bottle|coffee mug,5
457,2285,2304,2294,gooseneck kettle|coffee dripper|digital scale|water bottle|coffee mug,5
458,2290,2309,2299,gooseneck kettle|coffee dripper|digital scale|water bottle|coffee mug,5
459,2295,2314,2304,gooseneck kettle|coffee dripper|digital scale|water bottle|coffee mug,5
460,2300,2319,2309,gooseneck kettle|coffee dripper|digital scale|water bottle|coffee mug,5
461,2305,2324,2314,gooseneck kettle|coffee dripper|digital scale|water bottle|coffee mug,5
462,2310,2329,2319,gooseneck kettle|coffee dripper|digital scale|water bottle|coffee mug,5
463,2315,2334,2324,gooseneck kettle|coffee dripper|digital scale|water bottle|coffee mug,5
464,2320,2339,2329,gooseneck kettle|coffee dripper|digital scale|water bottle|coffee mug,5
465,2325,2344,2334,gooseneck kettle|coffee dripper|digital scale|water bottle|coffee mug,5
466,2330,2349,2339,gooseneck kettle|coffee dripper|digital scale|water bottle|coffee mug,5
467,2335,2354,2344,gooseneck kettle|coffee dripper|digital scale|water bottle|coffee mug,5
468,2340,2359,2349,gooseneck kettle|coffee dripper|digital scale|water bottle|coffee mug,5
469,2345,2364,2354,gooseneck kettle|coffee dripper|digital scale|water bottle|coffee mug,5
470,2350,2369,2359,gooseneck kettle|coffee dripper|digital scale|water bottle|coffee mug,5
471,2355,2374,2364,gooseneck kettle|coffee dripper|digital scale|water bottle|coffee mug,5
472,2360,2379,2369,gooseneck kettle|coffee dripper|digital scale|water bottle|coffee mug,5
473,2365,2384,2374,gooseneck kettle|coffee dripper|digital scale|water bottle|coffee mug,5
474,2370,2389,2379,gooseneck kettle|coffee dripper|digital scale|water bottle|coffee mug,5
475,2375,2394,2384,gooseneck kettle|coffee dripper|digital scale|water bottle|coffee mug,5
476,2380,2399,2389,gooseneck kettle|coffee dripper|digital scale|water bottle|coffee mug,5
477,2385,2404,2394,gooseneck kettle|coffee dripper|digital scale|water bottle|coffee mug|scale|mug,7
478,2390,2409,2399,gooseneck kettle|coffee dripper|digital scale|water bottle|coffee mug|scale|mug,7
479,2395,2414,2404,gooseneck kettle|coffee dripper|digital scale|water bottle|coffee mug|scale|mug,7
480,2400,2419,2409,gooseneck kettle|coffee dripper|scale|mug|water bottle,5
481,2405,2424,2414,gooseneck kettle|coffee dripper|scale|mug|water bottle,5
482,2410,2429,2419,gooseneck kettle|coffee dripper|scale|mug|water bottle,5
483,2415,2434,2424,gooseneck kettle|coffee dripper|scale|mug|water bottle,5
484,2420,2439,2429,gooseneck kettle|coffee dripper|scale|mug|water bottle,5
485,2425,2444,2434,gooseneck kettle|coffee dripper|scale|mug|water bottle,5
486,2430,2449,2439,gooseneck kettle|coffee dripper|scale|mug|water bottle,5
487,2435,2454,2444,gooseneck kettle|coffee dripper|scale|mug|water bottle,5
488,2440,2459,2449,gooseneck kettle|coffee dripper|scale|mug|water bottle,5
489,2445,2464,2454,gooseneck kettle|coffee dripper|scale|mug|water bottle,5
490,2450,2469,2459,gooseneck kettle|coffee dripper|scale|mug|water bottle,5
491,2455,2474,2464,gooseneck kettle|coffee dripper|scale|mug|water bottle,5
492,2460,2479,2469,gooseneck kettle|coffee dripper|scale|mug|water bottle,5
493,2465,2484,2474,gooseneck kettle|coffee dripper|scale|mug|water bottle,5
494,2470,2489,2479,gooseneck kettle|coffee dripper|scale|mug|water bottle,5
495,2475,2494,2484,gooseneck kettle|coffee dripper|scale|mug|water bottle,5
496,2480,2499,2489,gooseneck kettle|coffee dripper|scale|mug|water bottle,5
497,2485,2504,2494,gooseneck kettle|coffee dripper|scale|mug|water bottle,5
498,2490,2509,2499,gooseneck kettle|coffee dripper|scale|mug|water bottle,5
499,2495,2514,2504,gooseneck kettle|coffee dripper|scale|mug|water bottle,5
500,2500,2519,2509,gooseneck kettle|coffee dripper|scale|mug|water bottle,5
501,2505,2524,2514,gooseneck kettle|coffee dripper|scale|mug|water bottle,5
502,2510,2529,2519,gooseneck kettle|coffee dripper|scale|mug|water bottle,5
503,2515,2534,2524,gooseneck kettle|coffee dripper|scale|mug|water bottle,5
504,2520,2539,2529,gooseneck kettle|coffee dripper|scale|mug|water bottle,5
505,2525,2544,2534,gooseneck kettle|coffee dripper|scale|mug|water bottle,5
506,2530,2549,2539,gooseneck kettle|coffee dripper|scale|mug|water bottle,5
507,2535,2554,2544,gooseneck kettle|coffee dripper|scale|mug|water bottle,5
508,2540,2559,2549,gooseneck kettle|coffee dripper|scale|mug|water bottle,5
509,2545,2564,2554,gooseneck kettle|coffee dripper|scale|mug|water bottle,5
510,2550,2569,2559,gooseneck kettle|coffee dripper|scale|mug|water bottle,5
511,2555,2574,2564,gooseneck kettle|coffee dripper|scale|mug|water bottle,5
512,2560,2579,2569,gooseneck kettle|coffee dripper|scale|mug|water bottle,5
513,2565,2584,2574,gooseneck kettle|coffee dripper|scale|mug|water bottle,5
514,2570,2589,2579,gooseneck kettle|coffee dripper|scale|mug|water bottle,5
515,2575,2594,2584,gooseneck kettle|coffee dripper|scale|mug|water bottle,5
516,2580,2599,2589,gooseneck kettle|coffee dripper|scale|mug|water bottle,5
517,2585,2604,2594,gooseneck kettle|coffee dripper|scale|mug|water bottle,5
518,2590,2609,2599,gooseneck kettle|coffee dripper|scale|mug|water bottle,5
519,2595,2614,2604,gooseneck kettle|coffee dripper|scale|mug|water bottle,5
520,2600,2619,2609,gooseneck kettle|coffee dripper|scale|mug|water bottle,5
521,2605,2624,2614,gooseneck kettle|coffee dripper|scale|mug|water bottle,5
522,2610,2629,2619,gooseneck kettle|coffee dripper|scale|mug|water bottle,5
523,2615,2634,2624,gooseneck kettle|coffee dripper|scale|mug|water bottle,5
524,2620,2639,2629,gooseneck kettle|coffee dripper|scale|mug|water bottle,5
525,2625,2644,2634,gooseneck kettle|coffee dripper|scale|mug|water bottle,5
526,2630,2649,2639,gooseneck kettle|coffee dripper|scale|mug|water bottle,5
527,2635,2654,2644,gooseneck kettle|coffee dripper|scale|mug|water bottle,5
528,2640,2659,2649,gooseneck kettle|coffee dripper|scale|mug|water bottle,5
529,2645,2664,2654,gooseneck kettle|coffee dripper|scale|mug|water bottle,5
530,2650,2669,2659,gooseneck kettle|coffee dripper|scale|mug|water bottle,5
531,2655,2674,2664,gooseneck kettle|coffee dripper|scale|mug|water bottle,5
532,2660,2679,2669,gooseneck kettle|coffee dripper|scale|mug|water bottle,5
533,2665,2684,2674,gooseneck kettle|coffee dripper|scale|mug|water bottle,5
534,2670,2689,2679,gooseneck kettle|coffee dripper|scale|mug|water bottle,5
535,2675,2694,2684,gooseneck kettle|coffee dripper|scale|mug|water bottle,5
536,2680,2699,2689,gooseneck kettle|coffee dripper|scale|mug|water bottle,5
537,2685,2704,2694,gooseneck kettle|coffee dripper|scale|mug|water bottle,5
538,2690,2709,2699,gooseneck kettle|coffee dripper|scale|mug|water bottle,5
539,2695,2714,2704,gooseneck kettle|coffee dripper|scale|mug|water bottle,5
540,2700,2719,2709,gooseneck kettle|coffee dripper|scale|mug|water bottle,5
541,2705,2724,2714,gooseneck kettle|coffee dripper|scale|mug|water bottle,5
542,2710,2729,2719,gooseneck kettle|coffee dripper|scale|mug|water bottle,5
543,2715,2734,2724,gooseneck kettle|coffee dripper|scale|mug|water bottle,5
544,2720,2739,2729,gooseneck kettle|coffee dripper|scale|mug|water bottle,5
545,2725,2744,2734,gooseneck kettle|coffee dripper|scale|mug|water bottle,5
546,2730,2749,2739,gooseneck kettle|coffee dripper|scale|mug|water bottle,5
547,2735,2754,2744,gooseneck kettle|coffee dripper|scale|mug|water bottle,5
548,2740,2759,2749,gooseneck kettle|coffee dripper|scale|mug|water bottle,5
549,2745,2764,2754,gooseneck kettle|coffee dripper|scale|mug|water bottle,5
550,2750,2769,2759,gooseneck kettle|coffee dripper|scale|mug|water bottle,5
551,2755,2774,2764,gooseneck kettle|coffee dripper|scale|mug|water bottle,5
552,2760,2779,2769,gooseneck kettle|coffee dripper|scale|mug|water bottle,5
553,2765,2784,2774,gooseneck kettle|coffee dripper|scale|mug|water bottle,5
554,2770,2789,2779,gooseneck kettle|coffee dripper|scale|mug|water bottle,5
555,2775,2794,2784,gooseneck kettle|coffee dripper|scale|mug|water bottle,5
556,2780,2799,2789,gooseneck kettle|coffee dripper|scale|mug|water bottle,5
557,2785,2804,2794,gooseneck kettle|coffee dripper|scale|mug|water bottle|white cup,6
558,2790,2809,2799,gooseneck kettle|coffee dripper|scale|mug|water bottle|white cup,6
559,2795,2814,2804,gooseneck kettle|coffee dripper|scale|mug|water bottle|white cup,6
560,2800,2819,2809,gooseneck kettle|coffee dripper|scale|water bottle|white cup,5
561,2805,2824,2814,gooseneck kettle|coffee dripper|scale|water bottle|white cup,5
562,2810,2829,2819,gooseneck kettle|coffee dripper|scale|water bottle|white cup,5
563,2815,2834,2824,gooseneck kettle|coffee dripper|scale|water bottle|white cup,5
564,2820,2839,2829,gooseneck kettle|coffee dripper|scale|water bottle|white cup,5
565,2825,2844,2834,gooseneck kettle|coffee dripper|scale|water bottle|white cup,5
566,2830,2849,2839,gooseneck kettle|coffee dripper|scale|water bottle|white cup,5
567,2835,2854,2844,gooseneck kettle|coffee dripper|scale|water bottle|white cup,5
568,2840,2859,2849,gooseneck kettle|coffee dripper|scale|water bottle|white cup,5
569,2845,2864,2854,gooseneck kettle|coffee dripper|scale|water bottle|white cup,5
570,2850,2869,2859,gooseneck kettle|coffee dripper|scale|water bottle|white cup,5
571,2855,2874,2864,gooseneck kettle|coffee dripper|scale|water bottle|white cup,5
572,2860,2879,2869,gooseneck kettle|coffee dripper|scale|water bottle|white cup,5
573,2865,2884,2874,gooseneck kettle|coffee dripper|scale|water bottle|white cup,5
574,2870,2889,2879,gooseneck kettle|coffee dripper|scale|water bottle|white cup,5
575,2875,2894,2884,gooseneck kettle|coffee dripper|scale|water bottle|white cup,5
576,2880,2899,2889,gooseneck kettle|coffee dripper|scale|water bottle|white cup,5
577,2885,2904,2894,gooseneck kettle|coffee dripper|scale|water bottle|white cup,5
578,2890,2909,2899,gooseneck kettle|coffee dripper|scale|water bottle|white cup,5
579,2895,2914,2904,gooseneck kettle|coffee dripper|scale|water bottle|white cup,5
580,2900,2919,2909,gooseneck kettle|coffee dripper|scale|water bottle|white cup,5
581,2905,2924,2914,gooseneck kettle|coffee dripper|scale|water bottle|white cup,5
582,2910,2929,2919,gooseneck kettle|coffee dripper|scale|water bottle|white cup,5
583,2915,2934,2924,gooseneck kettle|coffee dripper|scale|water bottle|white cup,5
584,2920,2939,2929,gooseneck kettle|coffee dripper|scale|water bottle|white cup,5
585,2925,2944,2934,gooseneck kettle|coffee dripper|scale|water bottle|white cup,5
586,2930,2949,2939,gooseneck kettle|coffee dripper|scale|water bottle|white cup,5
587,2935,2954,2944,gooseneck kettle|coffee dripper|scale|water bottle|white cup,5
588,2940,2959,2949,gooseneck kettle|coffee dripper|scale|water bottle|white cup,5
589,2945,2964,2954,gooseneck kettle|coffee dripper|scale|water bottle|white cup,5
590,2950,2969,2959,gooseneck kettle|coffee dripper|scale|water bottle|white cup,5
591,2955,2974,2964,gooseneck kettle|coffee dripper|scale|water bottle|white cup,5
592,2960,2979,2969,gooseneck kettle|coffee dripper|scale,3
593,2965,2984,2974,gooseneck kettle|coffee dripper|scale,3
594,2970,2989,2979,gooseneck kettle|coffee dripper|scale,3
595,2975,2994,2984,gooseneck kettle|coffee dripper|scale,3
596,2980,2999,2989,gooseneck kettle|coffee dripper|scale,3
597,2985,3004,2994,gooseneck kettle|coffee dripper|scale|digital scale|white mug,5
598,2990,3009,2999,gooseneck kettle|coffee dripper|scale|digital scale|white mug,5
599,2995,3014,3004,gooseneck kettle|coffee dripper|scale|digital scale|white mug,5
600,3000,3019,3009,gooseneck kettle|coffee dripper|digital scale|white mug,4
601,3005,3024,3014,gooseneck kettle|coffee dripper|digital scale|white mug,4
602,3010,3029,3019,gooseneck kettle|coffee dripper|digital scale|white mug,4
603,3015,3034,3024,gooseneck kettle|coffee dripper|digital scale|white mug,4
604,3020,3039,3029,gooseneck kettle|coffee dripper|digital scale|white mug,4
605,3025,3044,3034,gooseneck kettle|coffee dripper|digital scale|white mug,4
606,3030,3049,3039,gooseneck kettle|coffee dripper|digital scale|white mug,4
607,3035,3054,3044,gooseneck kettle|coffee dripper|digital scale|white mug,4
608,3040,3059,3049,gooseneck kettle|coffee dripper|digital scale|white mug,4
609,3045,3064,3054,gooseneck kettle|coffee dripper|digital scale|white mug,4
610,3050,3069,3059,gooseneck kettle|coffee dripper|digital scale|white mug,4
611,3055,3074,3064,gooseneck kettle|coffee dripper|digital scale|white mug,4
612,3060,3079,3069,gooseneck kettle|coffee dripper|digital scale|white mug,4
613,3065,3084,3074,gooseneck kettle|coffee dripper|digital scale|white mug,4
614,3070,3089,3079,gooseneck kettle|coffee dripper|digital scale|white mug,4
615,3075,3094,3084,gooseneck kettle|coffee dripper|digital scale|white mug,4
616,3080,3099,3089,gooseneck kettle|coffee dripper|digital scale|white mug,4
617,3085,3104,3094,gooseneck kettle|coffee dripper|digital scale|white mug,4
618,3090,3109,3099,gooseneck kettle|coffee dripper|digital scale|white mug,4
619,3095,3114,3104,gooseneck kettle|coffee dripper|digital scale|white mug,4
620,3100,3119,3109,gooseneck kettle|coffee dripper|digital scale|white mug,4
621,3105,3124,3114,gooseneck kettle|coffee dripper|digital scale|white mug,4
622,3110,3129,3119,gooseneck kettle|coffee dripper|digital scale|white mug,4
623,3115,3134,3124,gooseneck kettle|coffee dripper|digital scale|white mug,4
624,3120,3139,3129,gooseneck kettle|coffee dripper|digital scale|white mug,4
625,3125,3144,3134,gooseneck kettle|coffee dripper|digital scale|white mug,4
626,3130,3149,3139,gooseneck kettle|coffee dripper|digital scale|white mug,4
627,3135,3154,3144,gooseneck kettle|coffee dripper|digital scale|white mug,4
628,3140,3159,3149,gooseneck kettle|coffee dripper|digital scale|white mug,4
629,3145,3164,3154,gooseneck kettle|coffee dripper|digital scale|white mug,4
630,3150,3169,3159,gooseneck kettle|coffee dripper|digital scale|white mug,4
631,3155,3174,3164,gooseneck kettle|coffee dripper|digital scale|white mug,4
632,3160,3179,3169,gooseneck kettle|coffee dripper|digital scale|white mug,4
633,3165,3184,3174,gooseneck kettle|coffee dripper|digital scale|white mug,4
634,3170,3189,3179,gooseneck kettle|coffee dripper|digital scale|white mug,4
635,3175,3194,3184,gooseneck kettle|coffee dripper|digital scale|white mug,4
636,3180,3199,3189,gooseneck kettle|coffee dripper|digital scale|white mug,4
637,3185,3204,3194,gooseneck kettle|coffee dripper|digital scale|white mug,4
638,3190,3209,3199,gooseneck kettle|coffee dripper|digital scale|white mug,4
639,3195,3214,3204,gooseneck kettle|coffee dripper|digital scale|white mug,4
640,3200,3219,3209,gooseneck kettle|coffee dripper|digital scale|white mug,4
641,3205,3224,3214,gooseneck kettle|coffee dripper|digital scale|white mug,4
642,3210,3229,3219,gooseneck kettle|coffee dripper|digital scale|white mug,4
643,3215,3234,3224,gooseneck kettle|coffee dripper|digital scale|white mug,4
644,3220,3239,3229,gooseneck kettle|coffee dripper|digital scale|white mug,4
645,3225,3244,3234,gooseneck kettle|coffee dripper|digital scale|white mug,4
646,3230,3249,3239,gooseneck kettle|coffee dripper|digital scale|white mug,4
647,3235,3254,3244,gooseneck kettle|coffee dripper|digital scale|white mug,4
648,3240,3259,3249,gooseneck kettle|coffee dripper|digital scale|white mug,4
649,3245,3264,3254,gooseneck kettle|coffee dripper|digital scale|white mug,4
650,3250,3269,3259,gooseneck kettle|coffee dripper|digital scale|white mug,4
651,3255,3274,3264,gooseneck kettle|coffee dripper|digital scale|white mug,4
652,3260,3279,3269,gooseneck kettle|coffee dripper|digital scale|white mug,4
653,3265,3284,3274,gooseneck kettle|coffee dripper|digital scale|white mug,4
654,3270,3289,3279,gooseneck kettle|coffee dripper|digital scale|white mug,4
655,3275,3294,3284,gooseneck kettle|coffee dripper|digital scale|white mug,4
656,3280,3299,3289,gooseneck kettle|coffee dripper|digital scale|white mug,4
657,3285,3304,3294,gooseneck kettle|coffee dripper|digital scale|white mug,4
658,3290,3309,3299,gooseneck kettle|coffee dripper|digital scale|white mug,4
659,3295,3314,3304,gooseneck kettle|coffee dripper|digital scale|white mug,4
660,3300,3319,3309,gooseneck kettle|coffee dripper|digital scale|white mug,4
661,3305,3324,3314,gooseneck kettle|coffee dripper|digital scale|white mug,4
662,3310,3329,3319,gooseneck kettle|coffee dripper|digital scale|white mug,4
663,3315,3334,3324,gooseneck kettle|coffee dripper|digital scale|white mug,4
664,3320,3339,3329,gooseneck kettle|coffee dripper|digital scale|white mug,4
665,3325,3344,3334,gooseneck kettle|coffee dripper|digital scale|white mug,4
666,3330,3349,3339,gooseneck kettle|coffee dripper|digital scale|white mug,4
667,3335,3354,3344,gooseneck kettle|coffee dripper|digital scale|white mug,4
668,3340,3359,3349,gooseneck kettle|coffee dripper|digital scale|white mug,4
669,3345,3364,3354,gooseneck kettle|coffee dripper|digital scale|white mug,4
670,3350,3369,3359,gooseneck kettle|coffee dripper|digital scale|white mug,4
671,3355,3374,3364,gooseneck kettle|coffee dripper|digital scale|white mug,4
672,3360,3379,3369,gooseneck kettle|coffee dripper|digital scale|white mug,4
673,3365,3384,3374,gooseneck kettle|coffee dripper|digital scale|white mug,4
674,3370,3389,3379,gooseneck kettle|coffee dripper|digital scale|white mug,4
675,3375,3394,3384,gooseneck kettle|coffee dripper|digital scale|white mug,4
676,3380,3399,3389,gooseneck kettle|coffee dripper|digital scale|white mug,4
677,3385,3404,3394,gooseneck kettle|coffee dripper|digital scale|white mug|scale|white bottle,6
678,3390,3409,3399,gooseneck kettle|coffee dripper|digital scale|white mug|scale|white bottle,6
679,3395,3414,3404,gooseneck kettle|coffee dripper|digital scale|white mug|scale|white bottle,6
680,3400,3419,3409,gooseneck kettle|coffee dripper|scale|white bottle,4
681,3405,3424,3414,gooseneck kettle|coffee dripper|scale|white bottle,4
682,3410,3429,3419,gooseneck kettle|coffee dripper|scale|white bottle,4
683,3415,3434,3424,gooseneck kettle|coffee dripper|scale|white bottle,4
684,3420,3439,3429,gooseneck kettle|coffee dripper|scale|white bottle,4
685,3425,3444,3434,gooseneck kettle|coffee dripper|scale|white bottle,4
686,3430,3449,3439,gooseneck kettle|coffee dripper|scale|white bottle,4
687,3435,3454,3444,gooseneck kettle|coffee dripper|scale|white bottle,4
688,3440,3459,3449,gooseneck kettle|coffee dripper|scale|white bottle,4
689,3445,3464,3454,gooseneck kettle|coffee dripper|scale|white bottle,4
690,3450,3469,3459,gooseneck kettle|coffee dripper|scale|white bottle,4
691,3455,3474,3464,gooseneck kettle|coffee dripper|scale|white bottle,4
692,3460,3479,3469,gooseneck kettle|coffee dripper|scale|white bottle,4
693,3465,3484,3474,gooseneck kettle|coffee dripper|scale|white bottle,4
694,3470,3489,3479,gooseneck kettle|coffee dripper|scale|white bottle,4
695,3475,3494,3484,gooseneck kettle|coffee dripper|scale|white bottle,4
696,3480,3499,3489,gooseneck kettle|coffee dripper|scale|white bottle,4
697,3485,3504,3494,gooseneck kettle|coffee dripper|scale|white bottle,4
698,3490,3509,3499,gooseneck kettle|coffee dripper|scale|white bottle,4
699,3495,3514,3504,gooseneck kettle|coffee dripper|scale|white bottle,4
700,3500,3519,3509,gooseneck kettle|coffee dripper|scale|white bottle,4
701,3505,3524,3514,gooseneck kettle|coffee dripper|scale|white bottle,4
702,3510,3529,3519,gooseneck kettle|coffee dripper|scale|white bottle,4
703,3515,3534,3524,gooseneck kettle|coffee dripper|scale|white bottle,4
704,3520,3539,3529,gooseneck kettle|coffee dripper|scale|white bottle,4
705,3525,3544,3534,gooseneck kettle|coffee dripper|scale|white bottle,4
706,3530,3549,3539,gooseneck kettle|coffee dripper|scale|white bottle,4
707,3535,3554,3544,gooseneck kettle|coffee dripper|scale|white bottle,4
708,3540,3559,3549,gooseneck kettle|coffee dripper|scale|white bottle,4
709,3545,3564,3554,gooseneck kettle|coffee dripper|scale|white bottle,4
710,3550,3569,3559,gooseneck kettle|coffee dripper|scale|white bottle,4
711,3555,3574,3564,gooseneck kettle|coffee dripper|scale|white bottle,4
712,3560,3579,3569,gooseneck kettle|coffee dripper|scale|white bottle,4
713,3565,3584,3574,gooseneck kettle|coffee dripper|scale|white bottle,4
714,3570,3589,3579,gooseneck kettle|coffee dripper|scale|white bottle,4
715,3575,3594,3584,gooseneck kettle|coffee dripper|scale|white bottle,4
716,3580,3599,3589,gooseneck kettle|coffee dripper|scale|white bottle,4
717,3585,3604,3594,gooseneck kettle|coffee dripper|scale|white bottle,4
718,3590,3609,3599,gooseneck kettle|coffee dripper|scale|white bottle,4
719,3595,3614,3604,gooseneck kettle|coffee dripper|scale|white bottle,4
720,3600,3619,3609,gooseneck kettle|coffee dripper|scale|white bottle,4
721,3605,3624,3614,gooseneck kettle|coffee dripper|scale|white bottle,4
722,3610,3629,3619,gooseneck kettle|coffee dripper|scale|white bottle,4
723,3615,3634,3624,gooseneck kettle|coffee dripper|scale|white bottle,4
724,3620,3639,3629,gooseneck kettle|coffee dripper|scale|white bottle,4
725,3625,3644,3634,gooseneck kettle|coffee dripper|scale|white bottle,4
726,3630,3649,3639,gooseneck kettle|coffee dripper|scale|white bottle,4
727,3635,3654,3644,gooseneck kettle|coffee dripper|scale|white bottle,4
728,3640,3659,3649,gooseneck kettle|coffee dripper|scale|white bottle,4
729,3645,3664,3654,gooseneck kettle|coffee dripper|scale|white bottle,4
730,3650,3669,3659,gooseneck kettle|coffee dripper|scale|white bottle,4
731,3655,3674,3664,gooseneck kettle|coffee dripper|scale|white bottle,4
732,3660,3679,3669,gooseneck kettle|coffee dripper|scale|white bottle,4
733,3665,3684,3674,gooseneck kettle|coffee dripper|scale|white bottle,4
734,3670,3689,3679,gooseneck kettle|coffee dripper|scale|white bottle,4
735,3675,3694,3684,gooseneck kettle|coffee dripper|scale|white bottle,4
736,3680,3699,3689,gooseneck kettle|coffee dripper|scale|white bottle,4
737,3685,3704,3694,gooseneck kettle|coffee dripper|scale|white bottle,4
738,3690,3709,3699,gooseneck kettle|coffee dripper|scale|white bottle,4
739,3695,3714,3704,gooseneck kettle|coffee dripper|scale|white bottle,4
740,3700,3719,3709,gooseneck kettle|coffee dripper|scale|white bottle,4
741,3705,3724,3714,gooseneck kettle|coffee dripper|scale|white bottle,4
742,3710,3729,3719,gooseneck kettle|coffee dripper|scale|white bottle,4
743,3715,3734,3724,gooseneck kettle|coffee dripper|scale|white bottle,4
744,3720,3739,3729,gooseneck kettle|coffee dripper|scale|white bottle,4
745,3725,3744,3734,gooseneck kettle|coffee dripper|scale|white bottle,4
746,3730,3749,3739,gooseneck kettle|coffee dripper|scale|white bottle,4
747,3735,3754,3744,gooseneck kettle|coffee dripper|scale|white bottle,4
748,3740,3759,3749,gooseneck kettle|coffee dripper|scale|white bottle,4
749,3745,3764,3754,gooseneck kettle|coffee dripper|scale|white bottle,4
750,3750,3769,3759,gooseneck kettle|coffee dripper|scale|white bottle,4
751,3755,3774,3764,gooseneck kettle|coffee dripper|scale|white bottle,4
752,3760,3779,3769,gooseneck kettle|coffee dripper|scale|white bottle,4
753,3765,3784,3774,gooseneck kettle|coffee dripper|scale|white bottle,4
754,3770,3789,3779,gooseneck kettle|coffee dripper|scale|white bottle,4
755,3775,3794,3784,gooseneck kettle|coffee dripper|scale|white bottle,4
756,3780,3799,3789,gooseneck kettle|coffee dripper|scale|white bottle,4
757,3785,3804,3794,gooseneck kettle|coffee dripper|scale|white bottle,4
758,3790,3809,3799,gooseneck kettle|coffee dripper|scale|white bottle,4
759,3795,3814,3804,gooseneck kettle|coffee dripper|scale|white bottle,4
760,3800,3819,3809,white bottle|coffee dripper|scale,3
761,3805,3824,3814,white bottle|coffee dripper|scale,3
762,3810,3829,3819,white bottle|coffee dripper|scale,3
763,3815,3834,3824,white bottle|coffee dripper|scale,3
764,3820,3839,3829,white bottle|coffee dripper|scale,3
765,3825,3844,3834,white bottle|coffee dripper|scale,3
766,3830,3849,3839,white bottle|coffee dripper|scale,3
767,3835,3854,3844,white bottle|coffee dripper|scale,3
768,3840,3859,3849,white bottle|coffee dripper|scale,3
769,3845,3864,3854,white bottle|coffee dripper|scale,3
770,3850,3869,3859,white bottle|coffee dripper|scale,3
771,3855,3874,3864,white bottle|coffee dripper|scale,3
772,3860,3879,3869,white bottle|coffee dripper|scale,3
773,3865,3884,3874,white bottle|coffee dripper|scale,3
774,3870,3889,3879,white bottle|coffee dripper|scale,3
775,3875,3894,3884,white bottle|coffee dripper|scale,3
776,3880,3899,3889,white bottle|coffee dripper|scale,3
777,3885,3904,3894,white bottle|coffee dripper|scale,3
778,3890,3909,3899,white bottle|coffee dripper|scale,3
779,3895,3914,3904,white bottle|coffee dripper|scale,3
780,3900,3919,3909,white bottle|coffee dripper|scale,3
781,3905,3924,3914,white bottle|coffee dripper|scale,3
782,3910,3929,3919,white bottle|coffee dripper|scale,3
783,3915,3934,3924,white bottle|coffee dripper|scale,3
784,3920,3939,3929,white bottle,1
785,3925,3944,3934,white bottle,1
786,3930,3949,3939,white bottle,1
787,3935,3954,3944,white bottle,1
788,3940,3959,3949,white bottle,1
789,3945,3964,3954,white bottle,1
790,3950,3969,3959,white bottle,1
791,3955,3974,3964,white bottle,1
792,3960,3979,3969,white bottle,1
793,3965,3984,3974,white bottle,1
794,3970,3989,3979,white bottle,1
795,3975,3994,3984,white bottle,1
796,3980,3999,3989,white bottle,1
797,3985,4004,3994,white bottle|coffee dripper|scale|mug,4
798,3990,4009,3999,white bottle|coffee dripper|scale|mug,4
799,3995,4014,4004,white bottle|coffee dripper|scale|mug,4
800,4000,4019,4009,white bottle|coffee dripper|scale|mug,4
801,4005,4024,4014,white bottle|coffee dripper|scale|mug,4
802,4010,4029,4019,white bottle|coffee dripper|scale|mug,4
803,4015,4034,4024,white bottle|coffee dripper|scale|mug,4
804,4020,4039,4029,white bottle|coffee dripper|scale|mug,4
805,4025,4044,4034,white bottle|coffee dripper|scale|mug,4
806,4030,4049,4039,white bottle|coffee dripper|scale|mug,4
807,4035,4054,4044,white bottle|coffee dripper|scale|mug,4
808,4040,4059,4049,white bottle|coffee dripper|scale|mug,4
809,4045,4064,4054,white bottle|coffee dripper|scale|mug,4
810,4050,4069,4059,white bottle|coffee dripper|scale|mug,4
811,4055,4074,4064,white bottle|coffee dripper|scale|mug,4
812,4060,4079,4069,white bottle|coffee dripper|scale|mug,4
813,4065,4084,4074,white bottle|coffee dripper|scale|mug,4
814,4070,4089,4079,white bottle|coffee dripper|scale|mug,4
815,4075,4094,4084,white bottle|coffee dripper|scale|mug,4
816,4080,4099,4089,white bottle|coffee dripper|scale|mug,4
817,4085,4104,4094,white bottle|coffee dripper|scale|mug,4
818,4090,4109,4099,white bottle|coffee dripper|scale|mug,4
819,4095,4114,4104,white bottle|coffee dripper|scale|mug,4
820,4100,4119,4109,white bottle|coffee dripper|scale|mug,4
821,4105,4124,4114,white bottle|coffee dripper|scale|mug,4
822,4110,4129,4119,white bottle|coffee dripper|scale|mug,4
823,4115,4134,4124,white bottle|coffee dripper|scale|mug,4
824,4120,4139,4129,white bottle|coffee dripper|scale,3
825,4125,4144,4134,white bottle|coffee dripper|scale,3
826,4130,4149,4139,white bottle|coffee dripper|scale,3
827,4135,4154,4144,white bottle|coffee dripper|scale,3
828,4140,4159,4149,white bottle|coffee dripper|scale,3
829,4145,4164,4154,white bottle|coffee dripper|scale,3
830,4150,4169,4159,white bottle|coffee dripper|scale,3
831,4155,4174,4164,white bottle|coffee dripper|scale,3
832,4160,4179,4169,white bottle|coffee dripper|scale,3
833,4165,4184,4174,white bottle|coffee dripper|scale,3
834,4170,4189,4179,white bottle|coffee dripper|scale,3
835,4175,4194,4184,white bottle|coffee dripper|scale,3
836,4180,4199,4189,white bottle|coffee dripper|scale,3
837,4185,4204,4194,white bottle|coffee dripper|scale,3
838,4190,4209,4199,white bottle|coffee dripper|scale,3
839,4195,4214,4204,white bottle|coffee dripper|scale,3
840,4200,4219,4209,white bottle|coffee dripper|scale,3
841,4205,4224,4214,white bottle|coffee dripper|scale,3
842,4210,4229,4219,white bottle|coffee dripper|scale,3
843,4215,4234,4224,white bottle|coffee dripper|scale,3
844,4220,4239,4229,white bottle|coffee dripper|scale,3
845,4225,4244,4234,white bottle|coffee dripper|scale,3
846,4230,4249,4239,white bottle|coffee dripper|scale,3
847,4235,4254,4244,white bottle|coffee dripper|scale,3
848,4240,4259,4249,white bottle|coffee dripper|scale,3
849,4245,4264,4254,white bottle|coffee dripper|scale,3
850,4250,4269,4259,white bottle|coffee dripper|scale,3
851,4255,4274,4264,white bottle|coffee dripper|scale,3
852,4260,4279,4269,white bottle|coffee dripper|scale,3
853,4265,4284,4274,white bottle|coffee dripper|scale,3
854,4270,4289,4279,white bottle|coffee dripper|scale,3
855,4275,4294,4284,white bottle|coffee dripper|scale,3
856,4280,4299,4289,white bottle|coffee dripper|scale,3
857,4285,4304,4294,white bottle|coffee dripper|scale,3
858,4290,4309,4299,white bottle|coffee dripper|scale,3
859,4295,4314,4304,white bottle|coffee dripper|scale,3
860,4300,4319,4309,white bottle|coffee dripper|scale,3
861,4305,4324,4314,white bottle|coffee dripper|scale,3
862,4310,4329,4319,white bottle|coffee dripper|scale,3
863,4315,4334,4324,white bottle|coffee dripper|scale,3
864,4320,4339,4329,white bottle|coffee dripper|scale,3
865,4325,4344,4334,white bottle|coffee dripper|scale,3
866,4330,4349,4339,white bottle|coffee dripper|scale,3
867,4335,4354,4344,white bottle|coffee dripper|scale,3
868,4340,4359,4349,white bottle|coffee dripper|scale,3
869,4345,4364,4354,white bottle|coffee dripper|scale,3
870,4350,4369,4359,white bottle|coffee dripper|scale,3
871,4355,4374,4364,white bottle|coffee dripper|scale,3
872,4360,4379,4369,white bottle|coffee dripper|scale,3
873,4365,4384,4374,white bottle|coffee dripper|scale,3
874,4370,4389,4379,white bottle|coffee dripper|scale,3
875,4375,4394,4384,white bottle|coffee dripper|scale,3
876,4380,4399,4389,white bottle|coffee dripper|scale,3
877,4385,4404,4394,white bottle|coffee dripper|scale|coffee equipment|small bottle|white mug|weighing scale,7
878,4390,4409,4399,white bottle|coffee dripper|scale|coffee equipment|small bottle|white mug|weighing scale,7
879,4395,4414,4404,white bottle|coffee dripper|scale|coffee equipment|small bottle|white mug|weighing scale,7
880,4400,4419,4409,coffee equipment|small bottle|white mug|weighing scale,4
881,4405,4424,4414,coffee equipment|small bottle|white mug|weighing scale,4
882,4410,4429,4419,coffee equipment|small bottle|white mug|weighing scale,4
883,4415,4434,4424,coffee equipment|small bottle|white mug|weighing scale,4
884,4420,4439,4429,coffee equipment|small bottle|white mug|weighing scale,4
885,4425,4444,4434,coffee equipment|small bottle|white mug|weighing scale,4
886,4430,4449,4439,coffee equipment|small bottle|white mug|weighing scale,4
887,4435,4454,4444,coffee equipment|small bottle|white mug|weighing scale,4
888,4440,4459,4449,coffee equipment|small bottle|white mug|weighing scale,4
889,4445,4464,4454,coffee equipment|small bottle|white mug|weighing scale,4
890,4450,4469,4459,coffee equipment|small bottle|white mug|weighing scale,4
891,4455,4474,4464,coffee equipment|small bottle|white mug|weighing scale,4
892,4460,4479,4469,coffee equipment|small bottle|white mug|weighing scale,4
893,4465,4484,4474,coffee equipment|small bottle|white mug|weighing scale,4
894,4470,4489,4479,coffee equipment|small bottle|white mug|weighing scale,4
895,4475,4494,4484,coffee equipment|small bottle|white mug|weighing scale,4
896,4480,4499,4489,coffee equipment|small bottle|white mug|weighing scale,4
897,4485,4504,4494,coffee equipment|small bottle|white mug|weighing scale,4
898,4490,4509,4499,coffee equipment|small bottle|white mug|weighing scale,4
899,4495,4514,4504,coffee equipment|small bottle|white mug|weighing scale,4
900,4500,4519,4509,coffee equipment|small bottle|white mug|weighing scale,4
901,4505,4524,4514,coffee equipment|small bottle|white mug|weighing scale,4
902,4510,4529,4519,coffee equipment|small bottle|white mug|weighing scale,4
903,4515,4534,4524,coffee equipment|small bottle|white mug|weighing scale,4
904,4520,4539,4529,coffee equipment|small bottle|white mug|weighing scale,4
905,4525,4544,4534,coffee equipment|small bottle|white mug|weighing scale,4
906,4530,4549,4539,coffee equipment|small bottle|white mug|weighing scale,4
907,4535,4554,4544,coffee equipment|small bottle|white mug|weighing scale,4
908,4540,4559,4549,coffee equipment|small bottle|white mug|weighing scale,4
909,4545,4564,4554,coffee equipment|small bottle|white mug|weighing scale,4
910,4550,4569,4559,coffee equipment|small bottle|white mug|weighing scale,4
911,4555,4574,4564,coffee equipment|small bottle|white mug|weighing scale,4
912,4560,4579,4569,coffee equipment|small bottle|white mug|weighing scale,4
913,4565,4584,4574,coffee equipment|small bottle|white mug|weighing scale,4
914,4570,4589,4579,coffee equipment|small bottle|white mug|weighing scale,4
915,4575,4594,4584,coffee equipment|small bottle|white mug|weighing scale,4
916,4580,4599,4589,coffee equipment|small bottle|white mug|weighing scale,4
917,4585,4604,4594,coffee equipment|small bottle|white mug|weighing scale,4
918,4590,4609,4599,coffee equipment|small bottle|white mug|weighing scale,4
919,4595,4614,4604,coffee equipment|small bottle|white mug|weighing scale,4
920,4600,4619,4609,coffee equipment|small bottle|white mug|weighing scale,4
921,4605,4624,4614,coffee equipment|small bottle|white mug|weighing scale,4
922,4610,4629,4619,coffee equipment|small bottle|white mug|weighing scale,4
923,4615,4634,4624,coffee equipment|small bottle|white mug|weighing scale,4
924,4620,4639,4629,coffee equipment|small bottle|white mug|weighing scale,4
925,4625,4644,4634,coffee equipment|small bottle|white mug|weighing scale,4
926,4630,4649,4639,coffee equipment|small bottle|white mug|weighing scale,4
927,4635,4654,4644,coffee equipment|small bottle|white mug|weighing scale,4
928,4640,4659,4649,coffee equipment|small bottle|white mug|weighing scale,4
929,4645,4664,4654,coffee equipment|small bottle|white mug|weighing scale,4
930,4650,4669,4659,coffee equipment|small bottle|white mug|weighing scale,4
931,4655,4674,4664,coffee equipment|small bottle|white mug|weighing scale,4
932,4660,4679,4669,coffee equipment|small bottle|white mug|weighing scale,4
933,4665,4684,4674,coffee equipment|small bottle|white mug|weighing scale,4
934,4670,4689,4679,coffee equipment|small bottle|white mug|weighing scale,4
935,4675,4694,4684,coffee equipment|small bottle|white mug|weighing scale,4
936,4680,4699,4689,coffee equipment|small bottle|white mug|weighing scale,4
937,4685,4704,4694,coffee equipment|small bottle|white mug|weighing scale,4
938,4690,4709,4699,coffee equipment|small bottle|white mug|weighing scale,4
939,4695,4714,4704,coffee equipment|small bottle|white mug|weighing scale,4
940,4700,4719,4709,coffee equipment|small bottle|white mug|weighing scale,4
941,4705,4724,4714,coffee equipment|small bottle|white mug|weighing scale,4
942,4710,4729,4719,coffee equipment|small bottle|white mug|weighing scale,4
943,4715,4734,4724,coffee equipment|small bottle|white mug|weighing scale,4
944,4720,4739,4729,coffee equipment|small bottle|white mug|weighing scale,4
945,4725,4744,4734,coffee equipment|small bottle|white mug|weighing scale,4
946,4730,4749,4739,coffee equipment|small bottle|white mug|weighing scale,4
947,4735,4754,4744,coffee equipment|small bottle|white mug|weighing scale,4
948,4740,4759,4749,coffee equipment|small bottle|white mug|weighing scale,4
949,4745,4764,4754,coffee equipment|small bottle|white mug|weighing scale,4
950,4750,4769,4759,coffee equipment|small bottle|white mug|weighing scale,4
951,4755,4774,4764,coffee equipment|small bottle|white mug|weighing scale,4
952,4760,4779,4769,coffee equipment|small bottle|white mug|weighing scale,4
953,4765,4784,4774,coffee equipment|small bottle|white mug|weighing scale,4
954,4770,4789,4779,coffee equipment|small bottle|white mug|weighing scale,4
955,4775,4794,4784,coffee equipment|small bottle|white mug|weighing scale,4
956,4780,4799,4789,coffee equipment|small bottle|white mug|weighing scale,4
957,4785,4804,4794,coffee equipment|small bottle|white mug|weighing scale|white coffee cup|digital scale with dripper|water bottle|metal pitcher|glass carafe,9
958,4790,4809,4799,coffee equipment|small bottle|white mug|weighing scale|white coffee cup|digital scale with dripper|water bottle|metal pitcher|glass carafe,9
959,4795,4814,4804,coffee equipment|small bottle|white mug|weighing scale|white coffee cup|digital scale with dripper|water bottle|metal pitcher|glass carafe,9
960,4800,4819,4809,white coffee cup|digital scale with dripper|water bottle|metal pitcher|glass carafe,5
961,4805,4824,4814,white coffee cup|digital scale with dripper|water bottle|metal pitcher|glass carafe,5
962,4810,4829,4819,white coffee cup|digital scale with dripper|water bottle|metal pitcher|glass carafe,5
963,4815,4834,4824,white coffee cup|digital scale with dripper|water bottle|metal pitcher|glass carafe,5
964,4820,4839,4829,white coffee cup|digital scale with dripper|water bottle|metal pitcher|glass carafe,5
965,4825,4844,4834,white coffee cup|digital scale with dripper|water bottle|metal pitcher|glass carafe,5
966,4830,4849,4839,white coffee cup|digital scale with dripper|water bottle|metal pitcher|glass carafe,5
967,4835,4854,4844,white coffee cup|digital scale with dripper|water bottle|metal pitcher|glass carafe,5
968,4840,4859,4849,white coffee cup|digital scale with dripper|water bottle|metal pitcher|glass carafe,5
969,4845,4864,4854,white coffee cup|digital scale with dripper|water bottle|metal pitcher|glass carafe,5
970,4850,4869,4859,white coffee cup|digital scale with dripper|water bottle|metal pitcher|glass carafe,5
971,4855,4874,4864,white coffee cup|digital scale with dripper|water bottle|metal pitcher|glass carafe,5
972,4860,4879,4869,white coffee cup|digital scale with dripper|water bottle|metal pitcher|glass carafe,5
973,4865,4884,4874,white coffee cup|digital scale with dripper|water bottle|metal pitcher|glass carafe,5
974,4870,4889,4879,white coffee cup|digital scale with dripper|water bottle|metal pitcher|glass carafe,5
975,4875,4894,4884,white coffee cup|digital scale with dripper|water bottle|metal pitcher|glass carafe,5
976,4880,4899,4889,white coffee cup|digital scale with dripper|water bottle|metal pitcher|glass carafe,5
977,4885,4904,4894,white coffee cup|digital scale with dripper|water bottle|metal pitcher|glass carafe,5
978,4890,4909,4899,white coffee cup|digital scale with dripper|water bottle|metal pitcher|glass carafe,5
979,4895,4914,4904,white coffee cup|digital scale with dripper|water bottle|metal pitcher|glass carafe,5
980,4900,4919,4909,white coffee cup|digital scale with dripper|water bottle|metal pitcher|glass carafe,5
981,4905,4924,4914,white coffee cup|digital scale with dripper|water bottle|metal pitcher|glass carafe,5
982,4910,4929,4919,white coffee cup|digital scale with dripper|water bottle|metal pitcher|glass carafe,5
983,4915,4934,4924,white coffee cup|digital scale with dripper|water bottle|metal pitcher|glass carafe,5
984,4920,4939,4929,white coffee cup|digital scale with dripper|water bottle|metal pitcher|glass carafe,5
985,4925,4944,4934,white coffee cup|digital scale with dripper|water bottle|metal pitcher|glass carafe,5
986,4930,4949,4939,white coffee cup|digital scale with dripper|water bottle|metal pitcher|glass carafe,5
987,4935,4954,4944,white coffee cup|digital scale with dripper|water bottle|metal pitcher|glass carafe,5
988,4940,4959,4949,white coffee cup|digital scale with dripper|water bottle|metal pitcher|glass carafe,5
989,4945,4964,4954,white coffee cup|digital scale with dripper|water bottle|metal pitcher|glass carafe,5
990,4950,4969,4959,white coffee cup|digital scale with dripper|water bottle|metal pitcher|glass carafe,5
991,4955,4974,4964,white coffee cup|digital scale with dripper|water bottle|metal pitcher|glass carafe,5
992,4960,4979,4969,white coffee cup|digital scale with dripper|water bottle|metal pitcher|glass carafe,5
993,4965,4984,4974,white coffee cup|digital scale with dripper|water bottle|metal pitcher|glass carafe,5
994,4970,4989,4979,white coffee cup|digital scale with dripper|water bottle|metal pitcher|glass carafe,5
995,4975,4994,4984,white coffee cup|digital scale with dripper|water bottle|metal pitcher|glass carafe,5
996,4980,4999,4989,white coffee cup|digital scale with dripper|water bottle|metal pitcher|glass carafe,5
997,4985,5004,4994,white coffee cup|digital scale with dripper|water bottle|metal pitcher|glass carafe|carafe|coffee mug|scale,8
998,4990,5009,4999,white coffee cup|digital scale with dripper|water bottle|metal pitcher|glass carafe|carafe|coffee mug|scale,8
999,4995,5014,5004,white coffee cup|digital scale with dripper|water bottle|metal pitcher|glass carafe|carafe|coffee mug|scale,8
1000,5000,5019,5009,carafe|coffee mug|scale,3
1001,5005,5024,5014,carafe|coffee mug|scale,3
1002,5010,5029,5019,carafe|coffee mug|scale,3
1003,5015,5034,5024,carafe|coffee mug|scale,3
1004,5020,5039,5029,carafe|coffee mug|scale,3
1005,5025,5044,5034,carafe|coffee mug|scale,3
1006,5030,5049,5039,carafe|coffee mug|scale,3
1007,5035,5054,5044,carafe|coffee mug|scale,3
1008,5040,5059,5049,carafe|coffee mug|scale,3
1009,5045,5064,5054,carafe|coffee mug|scale,3
1010,5050,5069,5059,carafe|coffee mug|scale,3
1011,5055,5074,5064,carafe|coffee mug|scale,3
1012,5060,5079,5069,carafe|coffee mug|scale,3
1013,5065,5084,5074,carafe|coffee mug|scale,3
1014,5070,5089,5079,carafe|coffee mug|scale,3
1015,5075,5094,5084,carafe|coffee mug|scale,3
1016,5080,5099,5089,carafe|coffee mug|scale,3
1017,5085,5104,5094,carafe|coffee mug|scale,3
1018,5090,5109,5099,carafe|coffee mug|scale,3
1019,5095,5114,5104,carafe|coffee mug|scale,3
1020,5100,5119,5109,carafe|coffee mug|scale,3
1021,5105,5124,5114,carafe|coffee mug|scale,3
1022,5110,5129,5119,carafe|coffee mug|scale,3
1023,5115,5134,5124,carafe|coffee mug|scale,3
1024,5120,5139,5129,carafe|coffee mug|scale,3
1025,5125,5144,5134,carafe|coffee mug|scale,3
1026,5130,5149,5139,carafe|coffee mug|scale,3
1027,5135,5154,5144,carafe|coffee mug|scale,3
1028,5140,5159,5149,carafe|coffee mug|scale,3
1029,5145,5164,5154,carafe|coffee mug|scale,3
1030,5150,5169,5159,carafe|coffee mug|scale,3
1031,5155,5174,5164,carafe|coffee mug|scale,3
1032,5160,5179,5169,carafe|coffee mug|scale,3
1033,5165,5184,5174,carafe|coffee mug|scale,3
1034,5170,5189,5179,carafe|coffee mug|scale,3
1035,5175,5194,5184,carafe|coffee mug|scale,3
1036,5180,5199,5189,carafe|coffee mug|scale,3
1037,5185,5204,5194,carafe|coffee mug|scale,3
1038,5190,5209,5199,carafe|coffee mug|scale,3
1039,5195,5214,5204,carafe|coffee mug|scale,3
1040,5200,5219,5209,carafe|coffee mug|scale,3
1041,5205,5224,5214,carafe|coffee mug|scale,3
1042,5210,5229,5219,carafe|coffee mug|scale,3
1043,5215,5234,5224,carafe|coffee mug|scale,3
1044,5220,5239,5229,carafe|coffee mug|scale,3
1045,5225,5244,5234,carafe|coffee mug|scale,3
1046,5230,5249,5239,carafe|coffee mug|scale,3
1047,5235,5254,5244,carafe|coffee mug|scale,3
1048,5240,5259,5249,carafe|coffee mug|scale,3
1049,5245,5264,5254,carafe|coffee mug|scale,3
1050,5250,5269,5259,carafe|coffee mug|scale,3
1051,5255,5274,5264,carafe|coffee mug|scale,3
1052,5260,5279,5269,carafe|coffee mug|scale,3
1053,5265,5284,5274,carafe|coffee mug|scale,3
1054,5270,5289,5279,carafe|coffee mug|scale,3
1055,5275,5294,5284,carafe|coffee mug|scale,3
1056,5280,5299,5289,carafe|coffee mug|scale,3
1057,5285,5304,5294,carafe|coffee mug|scale,3
1058,5290,5309,5299,carafe|coffee mug|scale,3
1059,5295,5314,5304,carafe|coffee mug|scale,3
1060,5300,5319,5309,carafe|coffee mug|scale,3
1061,5305,5324,5314,carafe|coffee mug|scale,3
1062,5310,5329,5319,carafe|coffee mug|scale,3
1063,5315,5334,5324,carafe|coffee mug|scale,3
1064,5320,5339,5329,carafe|coffee mug|scale,3
1065,5325,5344,5334,carafe|coffee mug|scale,3
1066,5330,5349,5339,carafe|coffee mug|scale,3
1067,5335,5354,5344,carafe|coffee mug|scale,3
1068,5340,5359,5349,carafe|coffee mug|scale,3
1069,5345,5364,5354,carafe|coffee mug|scale,3
1070,5350,5369,5359,carafe|coffee mug|scale,3
1071,5355,5374,5364,carafe|coffee mug|scale,3
1072,5360,5379,5369,carafe|coffee mug|scale,3
1073,5365,5384,5374,carafe|coffee mug|scale,3
1074,5370,5389,5379,carafe|coffee mug|scale,3
1075,5375,5394,5384,carafe|coffee mug|scale,3
1076,5380,5399,5389,carafe|coffee mug|scale,3
1077,5385,5404,5394,carafe|coffee mug|scale|milk pitcher|coffee cup|digital scale|bottle,7
1078,5390,5409,5399,carafe|coffee mug|scale|milk pitcher|coffee cup|digital scale|bottle,7
1079,5395,5414,5404,carafe|coffee mug|scale|milk pitcher|coffee cup|digital scale|bottle,7
1080,5400,5419,5409,milk pitcher|coffee cup|digital scale|bottle,4
1081,5405,5424,5414,milk pitcher|coffee cup|digital scale|bottle,4
1082,5410,5429,5419,milk pitcher|coffee cup|digital scale|bottle,4
1083,5415,5434,5424,milk pitcher|coffee cup|digital scale|bottle,4
1084,5420,5439,5429,milk pitcher|coffee cup|digital scale|bottle,4
1085,5425,5444,5434,milk pitcher|coffee cup|digital scale|bottle,4
1086,5430,5449,5439,milk pitcher|coffee cup|digital scale|bottle,4
1087,5435,5454,5444,milk pitcher|coffee cup|digital scale|bottle,4
1088,5440,5459,5449,milk pitcher|coffee cup|digital scale|bottle,4
1089,5445,5464,5454,milk pitcher|coffee cup|digital scale|bottle,4
1090,5450,5469,5459,milk pitcher|coffee cup|digital scale|bottle,4
1091,5455,5474,5464,milk pitcher|coffee cup|digital scale|bottle,4
1092,5460,5479,5469,milk pitcher|coffee cup|digital scale|bottle,4
1093,5465,5484,5474,milk pitcher|coffee cup|digital scale|bottle,4
1094,5470,5489,5479,milk pitcher|coffee cup|digital scale|bottle,4
1095,5475,5494,5484,milk pitcher|coffee cup|digital scale|bottle,4
1096,5480,5499,5489,milk pitcher|coffee cup|digital scale|bottle,4
1097,5485,5504,5494,milk pitcher|coffee cup|digital scale|bottle,4
1098,5490,5509,5499,milk pitcher|coffee cup|digital scale|bottle,4
1099,5495,5514,5504,milk pitcher|coffee cup|digital scale|bottle,4
1100,5500,5519,5509,milk pitcher|coffee cup|digital scale|bottle,4
1101,5505,5524,5514,milk pitcher|coffee cup|digital scale|bottle,4
1102,5510,5529,5519,milk pitcher|coffee cup|digital scale|bottle,4
1103,5515,5534,5524,milk pitcher|coffee cup|digital scale|bottle,4
1104,5520,5539,5529,milk pitcher|coffee cup|digital scale|bottle,4
1105,5525,5544,5534,milk pitcher|coffee cup|digital scale|bottle,4
1106,5530,5549,5539,milk pitcher|coffee cup|digital scale|bottle,4
1107,5535,5554,5544,milk pitcher|coffee cup|digital scale|bottle,4
1108,5540,5559,5549,milk pitcher|coffee cup|digital scale|bottle,4
1109,5545,5564,5554,milk pitcher|coffee cup|digital scale|bottle,4
1110,5550,5569,5559,milk pitcher|coffee cup|digital scale|bottle,4
1111,5555,5574,5564,milk pitcher|coffee cup|digital scale|bottle,4
1112,5560,5579,5569,milk pitcher|coffee cup|digital scale|bottle,4
1113,5565,5584,5574,milk pitcher|coffee cup|digital scale|bottle,4
1114,5570,5589,5579,milk pitcher|coffee cup|digital scale|bottle,4
1115,5575,5594,5584,milk pitcher|coffee cup|digital scale|bottle,4
1116,5580,5599,5589,milk pitcher|coffee cup|digital scale|bottle,4
1117,5585,5604,5594,milk pitcher|coffee cup|digital scale|bottle,4
1118,5590,5609,5599,milk pitcher|coffee cup|digital scale|bottle,4
1119,5595,5614,5604,milk pitcher|coffee cup|digital scale|bottle,4
1120,5600,5619,5609,milk pitcher|coffee cup|digital scale|bottle,4
1121,5605,5624,5614,milk pitcher|coffee cup|digital scale|bottle,4
1122,5610,5629,5619,milk pitcher|coffee cup|digital scale|bottle,4
1123,5615,5634,5624,milk pitcher|coffee cup|digital scale|bottle,4
1124,5620,5639,5629,milk pitcher|coffee cup|digital scale|bottle,4
1125,5625,5644,5634,milk pitcher|coffee cup|digital scale|bottle,4
1126,5630,5649,5639,milk pitcher|coffee cup|digital scale|bottle,4
1127,5635,5654,5644,milk pitcher|coffee cup|digital scale|bottle,4
1128,5640,5659,5649,milk pitcher|coffee cup|digital scale|bottle,4
1129,5645,5664,5654,milk pitcher|coffee cup|digital scale|bottle,4
1130,5650,5669,5659,milk pitcher|coffee cup|digital scale|bottle,4
1131,5655,5674,5664,milk pitcher|coffee cup|digital scale|bottle,4
1132,5660,5679,5669,milk pitcher|coffee cup|digital scale|bottle,4
1133,5665,5684,5674,milk pitcher|coffee cup|digital scale|bottle,4
1134,5670,5689,5679,milk pitcher|coffee cup|digital scale|bottle,4
1135,5675,5694,5684,milk pitcher|coffee cup|digital scale|bottle,4
1136,5680,5699,5689,milk pitcher|coffee cup|digital scale|bottle,4
1137,5685,5704,5694,milk pitcher|coffee cup|digital scale|bottle,4
1138,5690,5709,5699,milk pitcher|coffee cup|digital scale|bottle,4
1139,5695,5714,5704,milk pitcher|coffee cup|digital scale|bottle,4
1140,5700,5719,5709,milk pitcher|coffee cup|digital scale|bottle,4
1141,5705,5724,5714,milk pitcher|coffee cup|digital scale|bottle,4
1142,5710,5729,5719,milk pitcher|coffee cup|digital scale|bottle,4
1143,5715,5734,5724,milk pitcher|coffee cup|digital scale|bottle,4
1144,5720,5739,5729,milk pitcher|coffee cup|digital scale|bottle,4
1145,5725,5744,5734,milk pitcher|coffee cup|digital scale|bottle,4
1146,5730,5749,5739,milk pitcher|coffee cup|digital scale|bottle,4
1147,5735,5754,5744,milk pitcher|coffee cup|digital scale|bottle,4
1148,5740,5759,5749,milk pitcher|coffee cup|digital scale|bottle,4
1149,5745,5764,5754,milk pitcher|coffee cup|digital scale|bottle,4
1150,5750,5769,5759,milk pitcher|coffee cup|digital scale|bottle,4
1151,5755,5774,5764,milk pitcher|coffee cup|digital scale|bottle,4
1152,5760,5779,5769,milk pitcher|coffee cup|digital scale|bottle,4
1153,5765,5784,5774,milk pitcher|coffee cup|digital scale|bottle,4
1154,5770,5789,5779,milk pitcher|coffee cup|digital scale|bottle,4
1155,5775,5794,5784,milk pitcher|coffee cup|digital scale|bottle,4
1156,5780,5799,5789,milk pitcher|coffee cup|digital scale|bottle,4
1157,5785,5804,5794,milk pitcher|coffee cup|digital scale|bottle|coffee mug|stainless steel milk pitcher|table|milk bottle,8
1158,5790,5809,5799,milk pitcher|coffee cup|digital scale|bottle|coffee mug|stainless steel milk pitcher|table|milk bottle,8
1159,5795,5814,5804,milk pitcher|coffee cup|digital scale|bottle|coffee mug|stainless steel milk pitcher|table|milk bottle,8
1160,5800,5819,5809,coffee mug|stainless steel milk pitcher|table|milk bottle|digital scale,5
